[Licensing::Module] Trying to connect to existing licensing client channel...
Built from '6000.2/staging' branch; Version is '6000.2.14f1 (589824c1fc31) revision 5806116'; Using compiler version '194234433'; Build Type 'Release'
[Licensing::IpcConnector] Channel LicenseClient-admin doesn't exist
OS: 'Windows 11  (10.0.26100) 64bit Professional' Language: 'zh' Physical Memory: 32359 MB
BatchMode: 1, IsHumanControllingUs: 0, StartBugReporterOnCrash: 0, Is64bit: 1
Date: 2026-08-04T16:14:12Z
[Licensing::Module] Successfully launched the LicensingClient (PId: 29984)

COMMAND LINE ARGUMENTS:
C:\Program Files\Unity\Hub\Editor\Unity 6000.2.14f1\Editor\Unity.exe
-batchmode
-quit
-projectPath
E:\code\AI\GameDemo\Touzi\UnityDice21
-executeMethod
Dice21Editor.GameProjectBuilder.Build
-logFile
E:\code\AI\GameDemo\Touzi\UnityDice21\unity-build.log
Successfully changed project path to: E:\code\AI\GameDemo\Touzi\UnityDice21
E:/code/AI/GameDemo/Touzi/UnityDice21
[UnityMemory] Configuration Parameters - Can be set up in boot.config
    "memorysetup-allocator-temp-initial-block-size-main=262144"
    "memorysetup-allocator-temp-initial-block-size-worker=262144"
    "memorysetup-bucket-allocator-granularity=16"
    "memorysetup-bucket-allocator-bucket-count=8"
    "memorysetup-bucket-allocator-block-size=33554432"
    "memorysetup-bucket-allocator-block-count=8"
    "memorysetup-main-allocator-block-size=16777216"
    "memorysetup-thread-allocator-block-size=16777216"
    "memorysetup-gfx-main-allocator-block-size=16777216"
    "memorysetup-gfx-thread-allocator-block-size=16777216"
    "memorysetup-cache-allocator-block-size=4194304"
    "memorysetup-typetree-allocator-block-size=2097152"
    "memorysetup-profiler-bucket-allocator-granularity=16"
    "memorysetup-profiler-bucket-allocator-bucket-count=8"
    "memorysetup-profiler-bucket-allocator-block-size=33554432"
    "memorysetup-profiler-bucket-allocator-block-count=8"
    "memorysetup-profiler-allocator-block-size=16777216"
    "memorysetup-profiler-editor-allocator-block-size=1048576"
    "memorysetup-temp-allocator-size-main=16777216"
    "memorysetup-job-temp-allocator-block-size=2097152"
    "memorysetup-job-temp-allocator-block-size-background=1048576"
    "memorysetup-job-temp-allocator-reduction-small-platforms=262144"
    "memorysetup-temp-allocator-size-background-worker=32768"
    "memorysetup-temp-allocator-size-job-worker=262144"
    "memorysetup-temp-allocator-size-preload-manager=33554432"
    "memorysetup-temp-allocator-size-nav-mesh-worker=65536"
    "memorysetup-temp-allocator-size-audio-worker=65536"
    "memorysetup-temp-allocator-size-cloud-worker=32768"
    "memorysetup-temp-allocator-size-gi-baking-worker=262144"
    "memorysetup-temp-allocator-size-gi-baking-worker=262144"
    "memorysetup-temp-allocator-size-gi-baking-worker=262144"
    "memorysetup-temp-allocator-size-gi-baking-worker=262144"
    "memorysetup-temp-allocator-size-gi-baking-worker=262144"
    "memorysetup-temp-allocator-size-gfx=262144"
Player connection [29764]  Target information:

Player connection [29764]  * "[IP] 192.168.31.27 [Port] 55504 [Flags] 2 [Guid] 241961221 [EditorId] 241961221 [Version] 1048832 [Id] WindowsEditor(7,DESKTOP-4PS40CB) [Debug] 1 [PackageName] WindowsEditor [ProjectName] Editor" 

Player connection [29764] Host joined multi-casting on [225.0.0.222:54997]...
Player connection [29764] Host joined alternative multi-casting on [225.0.0.222:34997]...
Input System module state changed to: Initialized.
[Physics::Module] Initialized fallback backend.
[Physics::Module] Id: 0xdecafbad
[Licensing::IpcConnector] Successfully connected to: "LicenseClient-admin" at "2026-08-04T16:14:12.2872624Z"
[Package Manager] Connected to IPC stream "Upm-28564" after 0.2 seconds.
Library Redirect Path: Library/
[Physics::Module] Selected backend.
[Physics::Module] Name: PhysX
[Physics::Module] Id: 0xf2b8ea05
[Physics::Module] SDK Version: 4.1.2
[Physics::Module] Integration Version: 1.0.0
[Physics::Module] Threading Mode: Multi-Threaded
Refreshing native plugins compatible for Editor in 0.00 ms, found 0 plugins.
Preloading 0 native plugins for Editor in 0.00 ms.
Initialize engine version: 6000.2.14f1 (589824c1fc31)
[Subsystems] Discovering subsystems at path C:/Program Files/Unity/Hub/Editor/Unity 6000.2.14f1/Editor/Data/Resources/UnitySubsystems
[Subsystems] Discovering subsystems at path E:/code/AI/GameDemo/Touzi/UnityDice21/Assets
GfxDevice: creating device client; kGfxThreadingModeNonThreaded
Direct3D:
    Version:  Direct3D 11.0 [level 11.1]
    Renderer: NVIDIA GeForce RTX 5080 (ID=0x2c02)
    Vendor:   NVIDIA
    VRAM:     15889 MB
    Driver:   32.0.15.8180
Initialize mono
Mono path[0] = 'C:/Program Files/Unity/Hub/Editor/Unity 6000.2.14f1/Editor/Data/Managed'
Mono path[1] = 'C:/Program Files/Unity/Hub/Editor/Unity 6000.2.14f1/Editor/Data/MonoBleedingEdge/lib/mono/unityjit-win32'
Mono config path = 'C:/Program Files/Unity/Hub/Editor/Unity 6000.2.14f1/Editor/Data/MonoBleedingEdge/etc'
Using monoOptions --debugger-agent=transport=dt_socket,embedding=1,server=y,suspend=n,address=127.0.0.1:56564
Using cacheserver namespaces - metadata:defaultmetadata, artifacts:defaultartifacts
Using cacheserver namespaces - metadata:defaultmetadata, artifacts:defaultartifacts
ImportWorker Server TCP listen port: 0
AcceleratorClientConnectionCallback - disconnected - :0
Begin MonoManager ReloadAssembly
Registering precompiled unity dll's ...
Register platform support module: C:/Program Files/Unity/Hub/Editor/Unity 6000.2.14f1/Editor/Data/PlaybackEngines/WindowsStandaloneSupport/UnityEditor.WindowsStandalone.Extensions.dll
Registered in 0.001033 seconds.
- Loaded All Assemblies, in  0.225 seconds
Native extension for WindowsStandalone target not found
[Licensing::Client] Handshaking with LicensingClient:
  Version:                 1.17.4+4293ba1
  Session Id:              0d2bb338faea409eb3bb935aa0c1359d
  Correlation Id:          055bd45fe8d7c4ba43dd7c989fd3d680
  External correlation Id: 5130317005813475853
  Machine Id:              t1KrC2REsUTgPMqIEA6C1x8tgs4=
[Licensing::Module] Successfully connected to LicensingClient on channel: "LicenseClient-admin" (connect: 0.25s, validation: 0.11s, handshake: 0.56s)
[Licensing::IpcConnector] Successfully connected to: "LicenseClient-admin-notifications" at "2026-08-04T16:14:12.9574021Z"
[Licensing::Module] Connected to LicensingClient (PId: 29984, launch time: 0.00, total connection time: 0.92s)
[Licensing::Module] Error: Access token is unavailable; failed to update
[Licensing::Client] Error: Code 404 while processing request (status: Found 0 entitlement groups and 0 free entitlements matching requested entitlement ids)
[Licensing::Client] Successfully updated license, isAsync: False, time: 0.02
[Licensing::Client] Error: Code 404 while processing request (status: Found 0 entitlement groups and 0 free entitlements matching requested entitlement ids)
[Licensing::Module] Error: 'com.unity.editor.headless' was not found.
[Licensing::Module] Licensing Background thread has ended after 0.94s
Mono: successfully reloaded assembly
- Finished resetting the current domain, in  0.193 seconds
Domain Reload Profiling: 417ms
	BeginReloadAssembly (80ms)
		ExecutionOrderSort (0ms)
		DisableScriptedObjects (0ms)
		BackupInstance (0ms)
		ReleaseScriptingObjects (0ms)
		CreateAndSetChildDomain (1ms)
	RebuildCommonClasses (21ms)
	RebuildNativeTypeToScriptingClass (7ms)
	initialDomainReloadingComplete (27ms)
	LoadAllAssembliesAndSetupDomain (88ms)
		LoadAssemblies (78ms)
		RebuildTransferFunctionScriptingTraits (0ms)
		AnalyzeDomain (87ms)
			TypeCache.Refresh (85ms)
				TypeCache.ScanAssembly (77ms)
			BuildScriptInfoCaches (0ms)
			ResolveRequiredComponents (0ms)
	FinalizeReload (193ms)
		ReleaseScriptCaches (0ms)
		RebuildScriptCaches (0ms)
		SetupLoadedEditorAssemblies (172ms)
			LogAssemblyErrors (0ms)
			InitializePlatformSupportModulesInManaged (26ms)
			SetLoadedEditorAssemblies (3ms)
			BeforeProcessingInitializeOnLoad (39ms)
			ProcessInitializeOnLoadAttributes (75ms)
			ProcessInitializeOnLoadMethodAttributes (29ms)
			AfterProcessingInitializeOnLoad (0ms)
			EditorAssembliesLoaded (0ms)
		ExecutionOrderSort2 (0ms)
		AwakeInstancesAfterBackupRestoration (0ms)
[Licensing::Client] Error: Code 404 while processing request (status: Found 0 entitlement groups and 0 free entitlements matching requested entitlement ids)
[Licensing::Module] Error: 'com.unity.editor.headless' was not found.
[Licensing::Client] Error: Code 404 while processing request (status: Found 0 entitlement groups and 0 free entitlements matching requested entitlement ids)
[Licensing::Module] Error: 'com.unity.editor.headless' was not found.
Application.AssetDatabase Initial Refresh Start
Package Manager log level set to [2]
[Package Manager] Restoring resolved packages state from cache
[Licensing::Client] Successfully resolved entitlement details
[Package Manager] Registered 35 packages:
  Built-in packages:
    com.unity.multiplayer.center@1.0.0 (location: E:\code\AI\GameDemo\Touzi\UnityDice21\Library\PackageCache\com.unity.multiplayer.center@f3fb577b3546)
    com.unity.modules.accessibility@1.0.0 (location: C:\Program Files\Unity\Hub\Editor\Unity 6000.2.14f1\Editor\Data\Resources\PackageManager\BuiltInPackages\com.unity.modules.accessibility)
    com.unity.modules.ai@1.0.0 (location: C:\Program Files\Unity\Hub\Editor\Unity 6000.2.14f1\Editor\Data\Resources\PackageManager\BuiltInPackages\com.unity.modules.ai)
    com.unity.modules.androidjni@1.0.0 (location: C:\Program Files\Unity\Hub\Editor\Unity 6000.2.14f1\Editor\Data\Resources\PackageManager\BuiltInPackages\com.unity.modules.androidjni)
    com.unity.modules.animation@1.0.0 (location: C:\Program Files\Unity\Hub\Editor\Unity 6000.2.14f1\Editor\Data\Resources\PackageManager\BuiltInPackages\com.unity.modules.animation)
    com.unity.modules.assetbundle@1.0.0 (location: C:\Program Files\Unity\Hub\Editor\Unity 6000.2.14f1\Editor\Data\Resources\PackageManager\BuiltInPackages\com.unity.modules.assetbundle)
    com.unity.modules.audio@1.0.0 (location: C:\Program Files\Unity\Hub\Editor\Unity 6000.2.14f1\Editor\Data\Resources\PackageManager\BuiltInPackages\com.unity.modules.audio)
    com.unity.modules.cloth@1.0.0 (location: C:\Program Files\Unity\Hub\Editor\Unity 6000.2.14f1\Editor\Data\Resources\PackageManager\BuiltInPackages\com.unity.modules.cloth)
    com.unity.modules.director@1.0.0 (location: C:\Program Files\Unity\Hub\Editor\Unity 6000.2.14f1\Editor\Data\Resources\PackageManager\BuiltInPackages\com.unity.modules.director)
    com.unity.modules.imageconversion@1.0.0 (location: C:\Program Files\Unity\Hub\Editor\Unity 6000.2.14f1\Editor\Data\Resources\PackageManager\BuiltInPackages\com.unity.modules.imageconversion)
    com.unity.modules.imgui@1.0.0 (location: C:\Program Files\Unity\Hub\Editor\Unity 6000.2.14f1\Editor\Data\Resources\PackageManager\BuiltInPackages\com.unity.modules.imgui)
    com.unity.modules.jsonserialize@1.0.0 (location: C:\Program Files\Unity\Hub\Editor\Unity 6000.2.14f1\Editor\Data\Resources\PackageManager\BuiltInPackages\com.unity.modules.jsonserialize)
    com.unity.modules.particlesystem@1.0.0 (location: C:\Program Files\Unity\Hub\Editor\Unity 6000.2.14f1\Editor\Data\Resources\PackageManager\BuiltInPackages\com.unity.modules.particlesystem)
    com.unity.modules.physics@1.0.0 (location: C:\Program Files\Unity\Hub\Editor\Unity 6000.2.14f1\Editor\Data\Resources\PackageManager\BuiltInPackages\com.unity.modules.physics)
    com.unity.modules.physics2d@1.0.0 (location: C:\Program Files\Unity\Hub\Editor\Unity 6000.2.14f1\Editor\Data\Resources\PackageManager\BuiltInPackages\com.unity.modules.physics2d)
    com.unity.modules.screencapture@1.0.0 (location: C:\Program Files\Unity\Hub\Editor\Unity 6000.2.14f1\Editor\Data\Resources\PackageManager\BuiltInPackages\com.unity.modules.screencapture)
    com.unity.modules.terrain@1.0.0 (location: C:\Program Files\Unity\Hub\Editor\Unity 6000.2.14f1\Editor\Data\Resources\PackageManager\BuiltInPackages\com.unity.modules.terrain)
    com.unity.modules.terrainphysics@1.0.0 (location: C:\Program Files\Unity\Hub\Editor\Unity 6000.2.14f1\Editor\Data\Resources\PackageManager\BuiltInPackages\com.unity.modules.terrainphysics)
    com.unity.modules.tilemap@1.0.0 (location: C:\Program Files\Unity\Hub\Editor\Unity 6000.2.14f1\Editor\Data\Resources\PackageManager\BuiltInPackages\com.unity.modules.tilemap)
    com.unity.modules.ui@1.0.0 (location: C:\Program Files\Unity\Hub\Editor\Unity 6000.2.14f1\Editor\Data\Resources\PackageManager\BuiltInPackages\com.unity.modules.ui)
    com.unity.modules.uielements@1.0.0 (location: C:\Program Files\Unity\Hub\Editor\Unity 6000.2.14f1\Editor\Data\Resources\PackageManager\BuiltInPackages\com.unity.modules.uielements)
    com.unity.modules.umbra@1.0.0 (location: C:\Program Files\Unity\Hub\Editor\Unity 6000.2.14f1\Editor\Data\Resources\PackageManager\BuiltInPackages\com.unity.modules.umbra)
    com.unity.modules.unityanalytics@1.0.0 (location: C:\Program Files\Unity\Hub\Editor\Unity 6000.2.14f1\Editor\Data\Resources\PackageManager\BuiltInPackages\com.unity.modules.unityanalytics)
    com.unity.modules.unitywebrequest@1.0.0 (location: C:\Program Files\Unity\Hub\Editor\Unity 6000.2.14f1\Editor\Data\Resources\PackageManager\BuiltInPackages\com.unity.modules.unitywebrequest)
    com.unity.modules.unitywebrequestassetbundle@1.0.0 (location: C:\Program Files\Unity\Hub\Editor\Unity 6000.2.14f1\Editor\Data\Resources\PackageManager\BuiltInPackages\com.unity.modules.unitywebrequestassetbundle)
    com.unity.modules.unitywebrequestaudio@1.0.0 (location: C:\Program Files\Unity\Hub\Editor\Unity 6000.2.14f1\Editor\Data\Resources\PackageManager\BuiltInPackages\com.unity.modules.unitywebrequestaudio)
    com.unity.modules.unitywebrequesttexture@1.0.0 (location: C:\Program Files\Unity\Hub\Editor\Unity 6000.2.14f1\Editor\Data\Resources\PackageManager\BuiltInPackages\com.unity.modules.unitywebrequesttexture)
    com.unity.modules.unitywebrequestwww@1.0.0 (location: C:\Program Files\Unity\Hub\Editor\Unity 6000.2.14f1\Editor\Data\Resources\PackageManager\BuiltInPackages\com.unity.modules.unitywebrequestwww)
    com.unity.modules.vehicles@1.0.0 (location: C:\Program Files\Unity\Hub\Editor\Unity 6000.2.14f1\Editor\Data\Resources\PackageManager\BuiltInPackages\com.unity.modules.vehicles)
    com.unity.modules.video@1.0.0 (location: C:\Program Files\Unity\Hub\Editor\Unity 6000.2.14f1\Editor\Data\Resources\PackageManager\BuiltInPackages\com.unity.modules.video)
    com.unity.modules.vr@1.0.0 (location: C:\Program Files\Unity\Hub\Editor\Unity 6000.2.14f1\Editor\Data\Resources\PackageManager\BuiltInPackages\com.unity.modules.vr)
    com.unity.modules.wind@1.0.0 (location: C:\Program Files\Unity\Hub\Editor\Unity 6000.2.14f1\Editor\Data\Resources\PackageManager\BuiltInPackages\com.unity.modules.wind)
    com.unity.modules.xr@1.0.0 (location: C:\Program Files\Unity\Hub\Editor\Unity 6000.2.14f1\Editor\Data\Resources\PackageManager\BuiltInPackages\com.unity.modules.xr)
    com.unity.modules.subsystems@1.0.0 (location: C:\Program Files\Unity\Hub\Editor\Unity 6000.2.14f1\Editor\Data\Resources\PackageManager\BuiltInPackages\com.unity.modules.subsystems)
    com.unity.modules.hierarchycore@1.0.0 (location: C:\Program Files\Unity\Hub\Editor\Unity 6000.2.14f1\Editor\Data\Resources\PackageManager\BuiltInPackages\com.unity.modules.hierarchycore)
[Subsystems] No new subsystems found in resolved package list.
[Package Manager] Done registering packages in 0.01 seconds
[ScriptCompilation] Requested script compilation because: Assetdatabase observed changes in script compilation related files
[Licensing::Client] Error: Code 404 while processing request (status: Found 0 entitlement groups and 0 free entitlements matching requested entitlement ids)
[Licensing::Module] Error: 'com.unity.editor.headless' was not found.
[Licensing::Client] Error: Code 404 while processing request (status: Found 0 entitlement groups and 0 free entitlements matching requested entitlement ids)
[Licensing::Module] Error: 'com.unity.editor.headless' was not found.
[Licensing::Client] Error: Code 404 while processing request (status: Found 0 entitlement groups and 0 free entitlements matching requested entitlement ids)
[Licensing::Module] Error: 'com.unity.editor.headless' was not found.
[Licensing::Client] Error: Code 404 while processing request (status: Found 0 entitlement groups and 0 free entitlements matching requested entitlement ids)
[Licensing::Module] Error: 'com.unity.editor.headless' was not found.
Starting: C:\Program Files\Unity\Hub\Editor\Unity 6000.2.14f1\Editor\Data\bee_backend.exe --ipc --defer-dag-verification --dagfile="Library/Bee/1900b0aEDbg.dag" --continue-on-failure --profile="Library/Bee/backend1.traceevents" ScriptAssemblies
WorkingDir: E:/code/AI/GameDemo/Touzi/UnityDice21
[Licensing::Client] Error: Code 404 while processing request (status: Found 0 entitlement groups and 0 free entitlements matching requested entitlement ids)
[Licensing::Module] Error: 'com.unity.editor.headless' was not found.
[Licensing::Client] Error: Code 404 while processing request (status: Found 0 entitlement groups and 0 free entitlements matching requested entitlement ids)
[Licensing::Module] Error: 'com.unity.editor.headless' was not found.
DisplayProgressbar: Compiling Scripts
Starting: C:\Program Files\Unity\Hub\Editor\Unity 6000.2.14f1\Editor\Data\Tools\netcorerun\netcorerun.exe "C:\Program Files\Unity\Hub\Editor\Unity 6000.2.14f1\Editor\Data\Tools\BuildPipeline\ScriptCompilationBuildProgram.exe" "Library/Bee/1900b0aEDbg.dag.json" "Library/Bee/1900b0aEDbg-inputdata.json" "Library\Bee\buildprogram0.traceevents"
WorkingDir: E:/code/AI/GameDemo/Touzi/UnityDice21
ExitCode: 4 Duration: 0s54ms
Rebuilding DAG because FileSignature timestamp changed: Library/Bee/1900b0aEDbg-inputdata.json
*** Tundra requires additional run (0.03 seconds), 0 items updated, 144 evaluated
ExitCode: 0 Duration: 0s157ms
Starting: C:\Program Files\Unity\Hub\Editor\Unity 6000.2.14f1\Editor\Data\bee_backend.exe --ipc --defer-dag-verification --dagfile="Library/Bee/1900b0aEDbg.dag" --continue-on-failure --dagfilejson="Library\Bee\1900b0aEDbg.dag.json" --profile="Library/Bee/backend2.traceevents" ScriptAssemblies
WorkingDir: E:/code/AI/GameDemo/Touzi/UnityDice21
ExitCode: 0 Duration: 1s389ms
Finished compiling graph: 164 nodes, 874 flattened edges (842 ToBuild, 8 ToUse), maximum node priority 46
[136/161    0s] WriteText Library/Bee/artifacts/1900b0aEDbg.dag/Assembly-CSharp.rsp2
[137/161    0s] WriteText Library/Bee/artifacts/1900b0aEDbg.dag/Assembly-CSharp.UnityAdditionalFile.txt
[138/161    0s] WriteText Library/Bee/artifacts/1900b0aEDbg.dag/Assembly-CSharp.dll.mvfrm.rsp
[147/161    0s] WriteText Library/Bee/artifacts/1900b0aEDbg.dag/Assembly-CSharp-Editor.UnityAdditionalFile.txt
[148/161    0s] WriteText Library/Bee/artifacts/1900b0aEDbg.dag/Assembly-CSharp-Editor.dll.mvfrm.rsp
[149/161    0s] WriteText Library/Bee/artifacts/1900b0aEDbg.dag/Assembly-CSharp-Editor.rsp
[150/161    0s] WriteText Library/Bee/artifacts/1900b0aEDbg.dag/Assembly-CSharp-Editor.rsp2
[151/161    0s] WriteText Library/Bee/artifacts/1900b0aEDbg.dag/Assembly-CSharp.rsp
[152/161    0s] MovedFromExtractor Library/Bee/artifacts/mvdfrm/Unity.Multiplayer.Center.Editor.ref.dll_9589F57E3523F991.mvfrm
[153/161    0s] MovedFromExtractor-Combine Library/Bee/artifacts/1900b0aEDbg.dag/Assembly-CSharp.dll.mvfrm
[154/161    0s] MovedFromExtractor-Combine Library/Bee/artifacts/1900b0aEDbg.dag/Assembly-CSharp-Editor.dll.mvfrm
[155/161    1s] Csc Library/Bee/artifacts/1900b0aEDbg.dag/Assembly-CSharp.dll (+2 others)
Assets\Scripts\Dice21Game.cs(526,17): warning CS0618: 'IStyle.unityBackgroundScaleMode' is obsolete: 'unityBackgroundScaleMode is deprecated. Use background-* properties instead.'
[156/161    0s] CopyFiles Library/ScriptAssemblies/Assembly-CSharp.pdb
[157/161    0s] CopyFiles Library/ScriptAssemblies/Assembly-CSharp.dll
[158/161    0s] Csc Library/Bee/artifacts/1900b0aEDbg.dag/Assembly-CSharp-Editor.dll (+2 others)
[159/161    0s] CopyFiles Library/ScriptAssemblies/Assembly-CSharp-Editor.pdb
[160/161    0s] CopyFiles Library/ScriptAssemblies/Assembly-CSharp-Editor.dll
*** Tundra build success (1.37 seconds), 17 items updated, 161 evaluated
Assets\Scripts\Dice21Game.cs(526,17): warning CS0618: 'IStyle.unityBackgroundScaleMode' is obsolete: 'unityBackgroundScaleMode is deprecated. Use background-* properties instead.'
AssetDatabase: script compilation time: 1.931843s
Begin MonoManager ReloadAssembly
[Licensing::Client] Error: Code 404 while processing request (status: Found 0 entitlement groups and 0 free entitlements matching requested entitlement ids)
[Licensing::Module] Error: 'com.unity.editor.headless' was not found.
- Loaded All Assemblies, in  0.356 seconds
Start importing Assets/Resources using Guid(f7579bebcad63694c909c2b144102b38) (DefaultImporter) -> (artifact id: 'a8e48869219e003cac8ca6d981ed41ee') in 0.0151966 seconds
Start importing Assets/Art using Guid(5b71a823daf3d024abff368ece50c72c) (DefaultImporter) -> (artifact id: '9524d5a5c5434fa7885a967ef1a766fb') in 0.0051613 seconds
Start importing Assets/Scripts using Guid(ec758f52f7141694ca0739a5a4ab5033) (DefaultImporter) -> (artifact id: '8539ee6993a9763386e92eef4f388f34') in 0.0053685 seconds
Start importing Assets/Editor using Guid(9d144a76ce01de14f8948951e5e5359b) (DefaultImporter) -> (artifact id: '83598a9b5f2cd48c4fb96684d7e178d9') in 0.0048813 seconds
Start importing Assets/Art/External using Guid(412e1c043dc75af41af97850da1f8f8f) (DefaultImporter) -> (artifact id: 'd4335284b2ad74c2ed0f8c210c0bcffb') in 0.0050372 seconds
Start importing Assets/Resources/Art using Guid(28e84aa4c13079f4383ad70bb8b24c14) (DefaultImporter) -> (artifact id: 'dc56d0852986b446bd5d7358c9d8e088') in 0.005901 seconds
Start importing Assets/Art/External/KenneyUI using Guid(ae1a27c51695ee84f9cba34dcc2bf94f) (DefaultImporter) -> (artifact id: 'ecf0cd5b4760c9e37d446f0ebec5a81c') in 0.0051523 seconds
Start importing Assets/Art/External/KenneyUI/Font using Guid(477a4a001c85838478bd0259fbc3130e) (DefaultImporter) -> (artifact id: '5a2aa40aac5a445fc7bd39d03ad8a10f') in 0.0054452 seconds
Start importing Assets/Art/External/KenneyUI/PNG using Guid(9b8fe07134198b34c8673b519f8ff098) (DefaultImporter) -> (artifact id: '562886802db14d8bda8900fdf7f2e749') in 0.0063044 seconds
Start importing Assets/Art/External/KenneyUI/Vector using Guid(cde073cddac1aa0489b92f9fa51a5288) (DefaultImporter) -> (artifact id: 'a5940f5dab80153eb0c6a02bab3b337c') in 0.005447 seconds
Start importing Assets/Art/External/KenneyUI/Sounds using Guid(0e29da6115d2c824090029d74d4dc63e) (DefaultImporter) -> (artifact id: '93dba8ae13df56cbef877cbe82646abb') in 0.0051035 seconds
Start importing Assets/Art/External/KenneyUI/PNG/Extra using Guid(2155cfa95122a64449e15d502ba26165) (DefaultImporter) -> (artifact id: '179650858ea03bcfa05ffba72a30b48b') in 0.0056948 seconds
Start importing Assets/Art/External/KenneyUI/Vector/Yellow using Guid(e1af103db6595104bbe8b1c01897f578) (DefaultImporter) -> (artifact id: '3ceabaaa3fd21749c9afe4dfc9962199') in 0.0055307 seconds
Start importing Assets/Art/External/KenneyUI/Vector/Extra using Guid(549e7018ef963284d98d9f689d6f0799) (DefaultImporter) -> (artifact id: '2ac889a46d0becb65eb31aabe8033346') in 0.0051985 seconds
Start importing Assets/Art/External/KenneyUI/PNG/Grey using Guid(e49cbf3510f4cd6408f4117144eb71a5) (DefaultImporter) -> (artifact id: '731b36fbf09adb1fa0eec3e21427357d') in 0.0058837 seconds
Start importing Assets/Art/External/KenneyUI/Vector/Grey using Guid(f490180f197630c43ad3d817b94ff92d) (DefaultImporter) -> (artifact id: 'db4b71a71429ee0f68c0b6d876692167') in 0.0061485 seconds
Start importing Assets/Art/External/KenneyUI/PNG/Green using Guid(351544ec81982444593348d19ed4a0d9) (DefaultImporter) -> (artifact id: 'c6b808453acfdf3a74c5b48d0e63558f') in 0.0057004 seconds
Start importing Assets/Art/External/KenneyUI/PNG/Red using Guid(77d0df43cde7bef4599c4e4c8f12bc73) (DefaultImporter) -> (artifact id: '3ef3a965ecfa07a5fd3c1c8075512874') in 0.0056943 seconds
Start importing Assets/Art/External/KenneyUI/PNG/Yellow using Guid(087fd57fa13f5104db174c949f0f6966) (DefaultImporter) -> (artifact id: '08cce4ddf4a78d5ea339a56e8025115d') in 0.0055564 seconds
Start importing Assets/Art/External/KenneyUI/PNG/Blue using Guid(38751e0042cb3b446b0a793a2a76af88) (DefaultImporter) -> (artifact id: 'cd1b7a89b2364124af313921f26be9ac') in 0.0059685 seconds
Start importing Assets/Art/External/KenneyUI/Vector/Red using Guid(69b49b025de096947bb200986cc066c1) (DefaultImporter) -> (artifact id: '3a32e3faadef949e11137f85a234381e') in 0.0055716 seconds
Start importing Assets/Art/External/KenneyUI/Vector/Blue using Guid(8d461689c5f22674fafe6bb3a3836257) (DefaultImporter) -> (artifact id: '63bf4043de7f72f84b8ae902e20d9dd1') in 0.0062624 seconds
Start importing Assets/Art/External/KenneyUI/Vector/Green using Guid(afcbc13abc038aa4aa54440a184183bc) (DefaultImporter) -> (artifact id: 'e001993d3bde5c7e0ca4f85d50ced6a9') in 0.0061995 seconds
Start importing Assets/Art/External/KenneyUI/PNG/Blue/Double using Guid(b1eb21901b4d666428a7ba41a5d53f8b) (DefaultImporter) -> (artifact id: 'cbfba7db465f60f5e59e7dd403a4f45d') in 0.0057368 seconds
Start importing Assets/Art/External/KenneyUI/PNG/Blue/Default using Guid(02bd299b3fdf644459c2c784bfe7dddb) (DefaultImporter) -> (artifact id: 'd95424c4074b30a3e5c5e87b9d53ca38') in 0.0062895 seconds
Start importing Assets/Art/External/KenneyUI/PNG/Green/Double using Guid(734e9e488259b0f43844438cb479e1d7) (DefaultImporter) -> (artifact id: 'ce5868967cad5d4bdb60386d2ae9e696') in 0.0064962 seconds
Start importing Assets/Art/External/KenneyUI/PNG/Grey/Default using Guid(645cff26a4a29e846bf8f4184d916f0b) (DefaultImporter) -> (artifact id: '7d40a7ba62f9a4ed4059b25fc8e04796') in 0.0055496 seconds
Start importing Assets/Art/External/KenneyUI/PNG/Red/Double using Guid(97b36f63257fc8d4caf1d5525a461155) (DefaultImporter) -> (artifact id: '7b71b03c077226282900d9348815c3f6') in 0.0053675 seconds
Start importing Assets/Art/External/KenneyUI/PNG/Yellow/Double using Guid(b74f616b847fc9e46add9de469555bd2) (DefaultImporter) -> (artifact id: 'a03eef18713480f12d899d3bdc39fe54') in 0.0058561 seconds
Start importing Assets/Art/External/KenneyUI/PNG/Green/Default using Guid(e7129e27afcf06846a033c4a444f7c62) (DefaultImporter) -> (artifact id: '6e2c76699ac6937d5c40daa687fcc3ac') in 0.0055666 seconds
Start importing Assets/Art/External/KenneyUI/PNG/Extra/Default using Guid(29b70c824d2dc854380b13fc649222ea) (DefaultImporter) -> (artifact id: '9aeedf92a18982d5b37935970255b663') in 0.0050809 seconds
Start importing Assets/Art/External/KenneyUI/PNG/Yellow/Default using Guid(0ae518ffa5774f64288518d62b8b1906) (DefaultImporter) -> (artifact id: '539bc74e1dfbcdba252f3fc48d2ac224') in 0.0055801 seconds
Start importing Assets/Art/External/KenneyUI/PNG/Extra/Double using Guid(5ab0b867eb6062a49b93f47771fc5f68) (DefaultImporter) -> (artifact id: '40a932638a801f7fc305d5b9c92b165c') in 0.0051963 seconds
Start importing Assets/Art/External/KenneyUI/PNG/Red/Default using Guid(aa95929931ab01e4ebc4bd3544ede6de) (DefaultImporter) -> (artifact id: '311112194618f03df901c8ac7bc9828d') in 0.0049808 seconds
Start importing Assets/Art/External/KenneyUI/PNG/Grey/Double using Guid(0fb05f82eda0bd04f9810f0652647ab6) (DefaultImporter) -> (artifact id: 'dfabe54cf898324dedce5c1290aef9cb') in 0.0064447 seconds
Refreshing native plugins compatible for Editor in 0.00 ms, found 0 plugins.
Native extension for WindowsStandalone target not found
Mono: successfully reloaded assembly
- Finished resetting the current domain, in  0.224 seconds
Domain Reload Profiling: 580ms
	BeginReloadAssembly (224ms)
		ExecutionOrderSort (0ms)
		DisableScriptedObjects (9ms)
		BackupInstance (0ms)
		ReleaseScriptingObjects (0ms)
		CreateAndSetChildDomain (133ms)
	RebuildCommonClasses (21ms)
	RebuildNativeTypeToScriptingClass (7ms)
	initialDomainReloadingComplete (12ms)
	LoadAllAssembliesAndSetupDomain (92ms)
		LoadAssemblies (142ms)
		RebuildTransferFunctionScriptingTraits (0ms)
		AnalyzeDomain (7ms)
			TypeCache.Refresh (4ms)
				TypeCache.ScanAssembly (1ms)
			BuildScriptInfoCaches (1ms)
			ResolveRequiredComponents (0ms)
	FinalizeReload (225ms)
		ReleaseScriptCaches (0ms)
		RebuildScriptCaches (0ms)
		SetupLoadedEditorAssemblies (160ms)
			LogAssemblyErrors (0ms)
			InitializePlatformSupportModulesInManaged (14ms)
			SetLoadedEditorAssemblies (2ms)
			BeforeProcessingInitializeOnLoad (61ms)
			ProcessInitializeOnLoadAttributes (69ms)
			ProcessInitializeOnLoadMethodAttributes (11ms)
			AfterProcessingInitializeOnLoad (3ms)
			EditorAssembliesLoaded (0ms)
		ExecutionOrderSort2 (0ms)
		AwakeInstancesAfterBackupRestoration (7ms)
Start importing Assets/Art/External/kenney_ui-pack.zip using Guid(9b2604f1c35e5fe40ada8418c8cd59d7) (DefaultImporter) -> (artifact id: '0a092918677dde4ee5e8e64e73ef1968') in 0.0207508 seconds
Start importing Assets/Art/External/KenneyUI/Visit Patreon.url using Guid(9c3d6e3bb4b2ce845bc49168d76a187d) (DefaultImporter) -> (artifact id: 'f8027a64d77848416622b04828ce7678') in 0.244889 seconds
Start importing Assets/Art/External/KenneyUI/Visit Kenney.url using Guid(fc32774d414d2c547963fb1531375409) (DefaultImporter) -> (artifact id: '012cdebfd5edcc1b210e146ec2254205') in 0.0060074 seconds
Start importing Assets/Art/External/KenneyUI/Vector/Yellow/slide_horizontal_color.svg using Guid(0052d26c3c0d4da46aa8c89d59ea53f7) (DefaultImporter) -> (artifact id: '04916f9590e0b729caf32a48e359d913') in 0.0131323 seconds
Start importing Assets/Art/External/KenneyUI/Vector/Grey/button_rectangle_depth_border.svg using Guid(0043534c3860466479a2c271c13630a0) (DefaultImporter) -> (artifact id: 'f9da84057d8b960d57942d2060d58266') in 0.0063869 seconds
Start importing Assets/Art/External/KenneyUI/Vector/Green/button_rectangle_depth_border.svg using Guid(10c1f5b7bceb6cf4b9eccb87b6c81bf5) (DefaultImporter) -> (artifact id: '53d004421a4ebe9de889f8274a012a2b') in 0.0062931 seconds
Start importing Assets/Art/External/KenneyUI/Vector/Red/button_round_depth_gradient.svg using Guid(10c6938c20bcdbe4b977271711ed7131) (DefaultImporter) -> (artifact id: '45c47d05b7e679b1a3094e89492a057c') in 0.0062744 seconds
Start importing Assets/Art/External/KenneyUI/Vector/Yellow/check_square_grey.svg using Guid(20b39df01b9f1324794a21e526d9a89f) (DefaultImporter) -> (artifact id: 'f107fdfbd5aadce18b592d6595719eec') in 0.0061951 seconds
Start importing Assets/Art/External/KenneyUI/Vector/Green/button_rectangle_gloss.svg using Guid(30ac27f12984b5245bfe37ad38cdb26c) (DefaultImporter) -> (artifact id: '2fcb9aeef4a27ef800d5776f954bb8c1') in 0.0061683 seconds
Start importing Assets/Art/External/KenneyUI/Vector/Green/button_square_depth_gradient.svg using Guid(305ddd5e77fade448b3802100e138edc) (DefaultImporter) -> (artifact id: '5d06765a3dd2e05fa28b95e1155c38d9') in 0.006212 seconds
Start importing Assets/Art/External/KenneyUI/Vector/Grey/check_round_grey_circle.svg using Guid(30ae11d07c61ea945906d25ccba389aa) (DefaultImporter) -> (artifact id: '15ed194061a08a475cc4c4f96d4105ae') in 0.0059343 seconds
Start importing Assets/Art/External/KenneyUI/Vector/Grey/check_round_round_circle.svg using Guid(4006837b07eb435469519b61aee9c59f) (DefaultImporter) -> (artifact id: '93490dee366a4e34de166564dad73c0c') in 0.0060855 seconds
Start importing Assets/Art/External/KenneyUI/Vector/Green/button_round_depth_border.svg using Guid(505d76cf0a0ab8d4cbc31e23d23c4365) (DefaultImporter) -> (artifact id: 'e2be903cfce8264d49273194475a81fe') in 0.0060684 seconds
Start importing Assets/Art/External/KenneyUI/Vector/Grey/button_square_depth_line.svg using Guid(60b966a00e3e63e48839c30b92226624) (DefaultImporter) -> (artifact id: 'db434251be4edfd1f1140bb040eed645') in 0.0058478 seconds
Start importing Assets/Art/External/KenneyUI/Vector/Extra/icon_arrow_down_dark.svg using Guid(70c0ca08adf62814fa272c68cbde5ac1) (DefaultImporter) -> (artifact id: '428305643f7de82500b3d004ed665aaa') in 0.0068016 seconds
Start importing Assets/Art/External/KenneyUI/Vector/Green/button_square_gradient.svg using Guid(70962832f3eb1404988f0514441fc4ac) (DefaultImporter) -> (artifact id: '835878f0658e32141bf44a1ef24243b4') in 0.006233 seconds
Start importing Assets/Art/External/KenneyUI/Vector/Grey/slide_hangle.svg using Guid(701a69930f3eca241a21139259723522) (DefaultImporter) -> (artifact id: '7f663f46130fc091147eb850b26289c3') in 0.0071069 seconds
Start importing Assets/Art/External/KenneyUI/Vector/Green/icon_outline_checkmark.svg using Guid(906936c8f5579644497fe9db07e8bbdb) (DefaultImporter) -> (artifact id: '392177f5aba29ab5db8f895ea60db3c6') in 0.0060949 seconds
Start importing Assets/Art/External/KenneyUI/Vector/Yellow/icon_square.svg using Guid(a04444be97c755947a5449272c4ae4f2) (DefaultImporter) -> (artifact id: '0e0b4092388916002376a5770d17a943') in 0.0058779 seconds
Start importing Assets/Art/External/KenneyUI/Vector/Blue/slide_vertical_grey_section.svg using Guid(b0ca56908b79367438be1764ab24c164) (DefaultImporter) -> (artifact id: '29b61ca031910f7b8489cd4989ccb951') in 0.0061683 seconds
Start importing Assets/Art/External/KenneyUI/Vector/Grey/button_rectangle_line.svg using Guid(c04a3cc313239784a9ea51900ddca890) (DefaultImporter) -> (artifact id: '4db9c0d9c84f65237ce680fba702f68f') in 0.0060958 seconds
Start importing Assets/Art/External/KenneyUI/Vector/Grey/button_round_depth_line.svg using Guid(01e0198b714e62b40842e7d187ac4b92) (DefaultImporter) -> (artifact id: '77ec18e6a582a0866d01b02772c2809d') in 0.0056244 seconds
Start importing Assets/Art/External/KenneyUI/Vector/Green/arrow_decorative_w_small.svg using Guid(0101eaa89f436f547a7da7e80ad2807b) (DefaultImporter) -> (artifact id: '3627c9179395bd959de4436460a3ec10') in 0.0071809 seconds
Start importing Assets/Art/External/KenneyUI/Vector/Blue/check_square_grey_square.svg using Guid(0191ad7e6217a7f4b830524cdf7e233b) (DefaultImporter) -> (artifact id: '98f3f226fddcba04cbcf55f0dc1efb02') in 0.006227 seconds
Start importing Assets/Art/External/KenneyUI/Vector/Grey/arrow_decorative_w.svg using Guid(01a9300c849bf6b4a88f6ce0822be655) (DefaultImporter) -> (artifact id: 'a1e4e3d12f59a31d4ca2a813676123f2') in 0.0066936 seconds
Start importing Assets/Art/External/KenneyUI/Vector/Red/button_rectangle_gradient.svg using Guid(01af69f27ad617242965e4abcff3dee9) (DefaultImporter) -> (artifact id: 'd71ac4ae1dc7d94e708ef0d2294e3e8e') in 0.0059601 seconds
Start importing Assets/Art/External/KenneyUI/Vector/Red/icon_outline_square.svg using Guid(11a3050a072c724438bb1c3e282f22a1) (DefaultImporter) -> (artifact id: '6204eb16058a013811e0d8b830e6a870') in 0.0060648 seconds
Start importing Assets/Art/External/KenneyUI/Vector/Yellow/button_rectangle_depth_flat.svg using Guid(11a945612b2a5c1438c2cf6b7dc2c6c4) (DefaultImporter) -> (artifact id: '17b15f76a17f23b9d62a66d5890323a3') in 0.0069599 seconds
Start importing Assets/Art/External/KenneyUI/Vector/Blue/button_square_line.svg using Guid(21bc506a78a537f4889904e5c19cf070) (DefaultImporter) -> (artifact id: '42634a23872c3bdfaf657cce01a491e3') in 0.0060184 seconds
Start importing Assets/Art/External/KenneyUI/Vector/Blue/arrow_decorative_w.svg using Guid(4131d6f7880bfee4aae0e3f528aa6a64) (DefaultImporter) -> (artifact id: '00b6ce703a9d6036af29a1c3d747590f') in 0.0054524 seconds
Start importing Assets/Art/External/KenneyUI/Vector/Blue/arrow_decorative_w_small.svg using Guid(418623455e17eb54ea88f0aa8df5bb71) (DefaultImporter) -> (artifact id: 'f2fb01b1652910f0200ca12d9e687d3c') in 0.0060238 seconds
Start importing Assets/Art/External/KenneyUI/Vector/Yellow/button_rectangle_border.svg using Guid(4149213edc1914444839a16ca0d7bd82) (DefaultImporter) -> (artifact id: '86d72931044c57ce7797b64b61e8954d') in 0.0056299 seconds
Start importing Assets/Art/External/KenneyUI/Vector/Grey/button_round_depth_gloss.svg using Guid(41c9bd48225159d4daf604ac1398d08e) (DefaultImporter) -> (artifact id: '7df9eb26516694fcb467149fdac3de85') in 0.0063556 seconds
Start importing Assets/Art/External/KenneyUI/Vector/Blue/button_round_flat.svg using Guid(6189f0c8b3292a147a3ce50401ed5413) (DefaultImporter) -> (artifact id: 'd8ee3573d9a384d968b16687372035dc') in 0.0059554 seconds
Start importing Assets/Art/External/KenneyUI/Vector/Red/slide_horizontal_color.svg using Guid(71a11d16c6febf947929bf3e751245a8) (DefaultImporter) -> (artifact id: '4b969b8bdf626ae199b2b96687ea0d77') in 0.0055354 seconds
Start importing Assets/Art/External/KenneyUI/Vector/Red/icon_checkmark.svg using Guid(71e656b0552c8be42a4e1e1443fe550b) (DefaultImporter) -> (artifact id: '3244dbb525fa8b9f7ca7b8714bf1a4ac') in 0.0062488 seconds
Start importing Assets/Art/External/KenneyUI/Vector/Green/button_rectangle_depth_flat.svg using Guid(71482eaa661a64d41a12bb726102c752) (DefaultImporter) -> (artifact id: 'e45ee2da04b50b7d37d2b6ae3693be89') in 0.0058471 seconds
Start importing Assets/Art/External/KenneyUI/Vector/Red/button_rectangle_depth_gloss.svg using Guid(71fa546c8301b654bb902cbd7ff57ea0) (DefaultImporter) -> (artifact id: '8fc4369b6f11c2a8bcb8b28a771d93ca') in 0.0052407 seconds
Start importing Assets/Art/External/KenneyUI/Vector/Green/check_round_grey.svg using Guid(71ab9cd179fb09f4b98b4a6b70b2a20c) (DefaultImporter) -> (artifact id: 'be7f3b7237ca736a871cb1c752fbb222') in 0.0065446 seconds
Start importing Assets/Art/External/KenneyUI/Vector/Blue/button_square_border.svg using Guid(81f687fbd0970e7428d765f4ada5d7b3) (DefaultImporter) -> (artifact id: '48161a408581edab7a4419a6925d3281') in 0.0059473 seconds
Start importing Assets/Art/External/KenneyUI/Vector/Grey/button_round_gradient.svg using Guid(81985c47c2def944790818367a5bd704) (DefaultImporter) -> (artifact id: '21bb6dffc19e3a4473603983a50e0b3c') in 0.00599 seconds
Start importing Assets/Art/External/KenneyUI/Vector/Blue/arrow_decorative_e.svg using Guid(81dc5d72852920647b2ef95d9e7f72f8) (DefaultImporter) -> (artifact id: 'd9b87f49b7a263363ee0f08fee68127c') in 0.0064303 seconds
Start importing Assets/Art/External/KenneyUI/Vector/Grey/check_square_grey.svg using Guid(81bd8f812f07c8b4282c44a45522f7e6) (DefaultImporter) -> (artifact id: '301ceb3efbae56d38d1ddb3917bcda4c') in 0.0058839 seconds
Start importing Assets/Art/External/KenneyUI/Vector/Grey/button_rectangle_depth_line.svg using Guid(91ea7fe5e96404e43ab4012a5bcc6b40) (DefaultImporter) -> (artifact id: '773bdeab805abd4682555ddd9a9ffc03') in 0.005991 seconds
Start importing Assets/Art/External/KenneyUI/Vector/Yellow/check_round_round_circle.svg using Guid(b1ffd5b3ab88c3f4d945fae935e5ac77) (DefaultImporter) -> (artifact id: 'ca1a3db47f7f48f2f8cf18fb7d70cd0f') in 0.0056906 seconds
Start importing Assets/Art/External/KenneyUI/Vector/Blue/button_square_depth_flat.svg using Guid(c14a386c8a484824987160a7d38872a8) (DefaultImporter) -> (artifact id: '6b1542160f8fdd0355f815e587814f61') in 0.0063551 seconds
Start importing Assets/Art/External/KenneyUI/Vector/Grey/icon_outline_checkmark.svg using Guid(c18f543abdd91a440bb86af91da0ebfb) (DefaultImporter) -> (artifact id: 'a1d12a8442edcd920cfaeb56d2a859e5') in 0.0055889 seconds
Start importing Assets/Art/External/KenneyUI/Vector/Green/button_round_line.svg using Guid(d16334da02e99714686fc996ab488e51) (DefaultImporter) -> (artifact id: '65bfecd4ce5ec6b679b2ed5f228a489a') in 0.0056522 seconds
Start importing Assets/Art/External/KenneyUI/Vector/Grey/button_round_flat.svg using Guid(d1c8c7b1ce918f24aaa8f0fab767c547) (DefaultImporter) -> (artifact id: '102882fd662a0e24e2475493effcfcd0') in 0.0053788 seconds
Start importing Assets/Art/External/KenneyUI/Vector/Grey/check_square_grey_checkmark.svg using Guid(e1570ff108e2d904fab49a76a73c752f) (DefaultImporter) -> (artifact id: '4802983fa827cef1dbbf5592cdaabebf') in 0.0065342 seconds
Start importing Assets/Art/External/KenneyUI/Vector/Grey/check_round_grey.svg using Guid(e11f5571732013e4488480dd507bb740) (DefaultImporter) -> (artifact id: '8737d12a61a4dffd1375f7792e0f3a1f') in 0.0058589 seconds
Start importing Assets/Art/External/KenneyUI/Vector/Yellow/check_round_grey_circle.svg using Guid(f10e425e9e79a0a4a9342f7fd4d98369) (DefaultImporter) -> (artifact id: 'bc2cafc016f43eea85bfa1b42dcbc019') in 0.0055289 seconds
Start importing Assets/Art/External/KenneyUI/Vector/Grey/button_square_depth_gloss.svg using Guid(f1de5fd79aa384548902cb9b4d47cdc9) (DefaultImporter) -> (artifact id: 'f29ad49b03c8841c4592c28b727d1b15') in 0.006339 seconds
Start importing Assets/Art/External/KenneyUI/Vector/Yellow/check_round_color.svg using Guid(f1fec64885c1db540bcd500da9cb7dfc) (DefaultImporter) -> (artifact id: '884d4ffb67cc86e7b60784d0fc3fdc6c') in 0.0055272 seconds
Start importing Assets/Art/External/KenneyUI/Vector/Blue/button_round_depth_gradient.svg using Guid(0286fa719dbe382408cff419f60b94e2) (DefaultImporter) -> (artifact id: '9805050f0883939eb4c422a3b133632a') in 0.0056265 seconds
Start importing Assets/Art/External/KenneyUI/Vector/Red/slide_vertical_grey_section.svg using Guid(124ce53e1e1a8864fb89d7e21a6631a0) (DefaultImporter) -> (artifact id: 'd48ae804bc73e5d11ab7f9cc44a81ca7') in 0.0064605 seconds
Start importing Assets/Art/External/KenneyUI/Vector/Green/icon_cross.svg using Guid(12dd7c8189cc6a74885268a592d26569) (DefaultImporter) -> (artifact id: '80b20b6c9e97c3f7a8b0d2ae78230f46') in 0.0057425 seconds
Start importing Assets/Art/External/KenneyUI/Vector/Grey/slide_vertical_grey_section_wide.svg using Guid(22804350628f5184397d3d39b6f7b6b4) (DefaultImporter) -> (artifact id: 'e6255d41633e5a0526c1c5d0b8d25c78') in 0.0059715 seconds
Start importing Assets/Art/External/KenneyUI/Vector/Yellow/arrow_basic_n.svg using Guid(22755298eda8eb248a2c04b682843f80) (DefaultImporter) -> (artifact id: '3b292b1c034fb89dd24dd9388d1c59f0') in 0.0063263 seconds
Start importing Assets/Art/External/KenneyUI/Vector/Red/arrow_decorative_s.svg using Guid(221a08e3bf52f0548a423529a1f17c1e) (DefaultImporter) -> (artifact id: '22442c5ab1b7d8063dae50adaf878c61') in 0.0055615 seconds
Start importing Assets/Art/External/KenneyUI/Vector/Red/star_outline_depth.svg using Guid(32c88af85fde78e469ff11be586bd850) (DefaultImporter) -> (artifact id: '89aacc35d40bb07a9aaacde66da3e020') in 0.0066131 seconds
Start importing Assets/Art/External/KenneyUI/Vector/Red/icon_outline_checkmark.svg using Guid(32ea96853da3cb04aa760c63f44a81dc) (DefaultImporter) -> (artifact id: '51da58a8431bd97eca0e4b8545944508') in 0.0059218 seconds
Start importing Assets/Art/External/KenneyUI/Vector/Grey/button_square_line.svg using Guid(425a9af3717380d48b69fcd48fb4827b) (DefaultImporter) -> (artifact id: 'aa569cd715464ca7c0a28ca48763ecba') in 0.0063173 seconds
Start importing Assets/Art/External/KenneyUI/Vector/Red/arrow_basic_n_small.svg using Guid(525864e21f7f9b448aee16e22452d183) (DefaultImporter) -> (artifact id: '802223509efcf1f2de3d9416607f7d72') in 0.0064867 seconds
Start importing Assets/Art/External/KenneyUI/Vector/Green/check_square_grey_cross.svg using Guid(52ee05a547c7d0c4691530629b53e157) (DefaultImporter) -> (artifact id: '627c1dc79a4d7089999348e9195e347c') in 0.0060003 seconds
Start importing Assets/Art/External/KenneyUI/Vector/Green/slide_vertical_color_section.svg using Guid(628663ff1091a534bad4a26ba6988e36) (DefaultImporter) -> (artifact id: '4f552c6a814ad30b9965b7d3303cad40') in 0.0064425 seconds
Start importing Assets/Art/External/KenneyUI/Vector/Blue/check_round_round_circle.svg using Guid(72a1345c341dcae4294a5a40dcde8383) (DefaultImporter) -> (artifact id: '8c7ebbebaad39c9deba2e9f578027ad5') in 0.0060724 seconds
Start importing Assets/Art/External/KenneyUI/Vector/Red/arrow_basic_w_small.svg using Guid(82c83344137f06645838bdb8a744e4ad) (DefaultImporter) -> (artifact id: 'f9540d9e38174ee5dbd02fa732e9922a') in 0.0058531 seconds
Start importing Assets/Art/External/KenneyUI/Vector/Yellow/arrow_decorative_w.svg using Guid(82fdf16eec1575a4ca6872b517f7560c) (DefaultImporter) -> (artifact id: '92bb1f62a19fd082a3f69ed0e36102fa') in 0.0071021 seconds
Start importing Assets/Art/External/KenneyUI/Vector/Blue/arrow_basic_e.svg using Guid(b2f483d215570574d8ea4e6cca2b3ded) (DefaultImporter) -> (artifact id: '6c807245fa650883385529d87d4c9e6d') in 0.0068887 seconds
Start importing Assets/Art/External/KenneyUI/Vector/Green/slide_vertical_color.svg using Guid(b2e555c72b3e7ec44859dc10f8df586d) (DefaultImporter) -> (artifact id: '429b22f9eb0ecaa054d17956023c5d4b') in 0.0066213 seconds
Start importing Assets/Art/External/KenneyUI/Vector/Grey/button_square_flat.svg using Guid(b297b92e4bfa3f34689663d32f47f789) (DefaultImporter) -> (artifact id: '5d0becb26693e60af5862a6d16eb4151') in 0.0058602 seconds
Start importing Assets/Art/External/KenneyUI/Vector/Yellow/check_square_grey_cross.svg using Guid(b25e94e35b0573144adeb7cffa3f059e) (DefaultImporter) -> (artifact id: 'a37eb5fcbb2252c4770292d4e2cb1a5f') in 0.0067308 seconds
Start importing Assets/Art/External/KenneyUI/Vector/Red/slide_hangle.svg using Guid(b2df5011258150e4ba43ae07733a96f6) (DefaultImporter) -> (artifact id: '4d1ac34e4fb91c9732b3c46876e79740') in 0.0063534 seconds
Start importing Assets/Art/External/KenneyUI/Vector/Grey/icon_outline_square.svg using Guid(d240f0505221b4748914aa321847984f) (DefaultImporter) -> (artifact id: '378bf8373fe1107ad90b1fe9a13427a0') in 0.0053859 seconds
Start importing Assets/Art/External/KenneyUI/Vector/Green/icon_outline_cross.svg using Guid(d2f1c1e7ae74d9141ba5c9b2015a26d2) (DefaultImporter) -> (artifact id: '0af728c2901bba8cf04205cab5c56ed2') in 0.0056478 seconds
Start importing Assets/Art/External/KenneyUI/Vector/Grey/slide_horizontal_grey_section.svg using Guid(d2d8ae15b1025f14aadb7254bf0517b3) (DefaultImporter) -> (artifact id: 'd6aee457f113b7cd4cd80b8f9ea87a88') in 0.0056689 seconds
Start importing Assets/Art/External/KenneyUI/Vector/Red/button_square_depth_gloss.svg using Guid(d2a9a1cf82247664c81416875105fdad) (DefaultImporter) -> (artifact id: '297bcc26b69b57756e6f218def2bacfc') in 0.0056892 seconds
Start importing Assets/Art/External/KenneyUI/Vector/Red/arrow_basic_e_small.svg using Guid(f29ebe472c1fb7a49baaf25765fa01cc) (DefaultImporter) -> (artifact id: 'deb43e51fee46c370ca4405fe8b87e23') in 0.005567 seconds
Start importing Assets/Art/External/KenneyUI/Vector/Blue/button_square_gloss.svg using Guid(f21f488422741c144ab76f1294824cf0) (DefaultImporter) -> (artifact id: '2461343b72ecfc995802b5b569cce21e') in 0.0070518 seconds
Start importing Assets/Art/External/KenneyUI/Vector/Green/arrow_decorative_e.svg using Guid(03ecc1e89c19abf4ea71403d96de0a2f) (DefaultImporter) -> (artifact id: 'a15bcef9755fe98068bf8ab4a3f9ca67') in 0.0065202 seconds
Start importing Assets/Art/External/KenneyUI/Vector/Green/button_rectangle_line.svg using Guid(135af5b6b32e01a45a32089b83d63707) (DefaultImporter) -> (artifact id: 'd09ac34b96b6ba9789a633dceabe2287') in 0.0066351 seconds
Start importing Assets/Art/External/KenneyUI/Vector/Green/star_outline.svg using Guid(238b0897ce5673042a5fd222e818c6b2) (DefaultImporter) -> (artifact id: '8c5494d9ff048b12d5e986e09bde00c9') in 0.0056539 seconds
Start importing Assets/Art/External/KenneyUI/Vector/Green/arrow_decorative_w.svg using Guid(33b96214c0bd4ac42b1b79a354d2fb27) (DefaultImporter) -> (artifact id: 'f5c3259201d943b3e418941fad401071') in 0.005512 seconds
Start importing Assets/Art/External/KenneyUI/Vector/Extra/icon_repeat_light.svg using Guid(4379be3cb63201d4698ad94bc86bdf71) (DefaultImporter) -> (artifact id: 'b45c265e7dc9f60e0a87aefca0820a37') in 0.0059478 seconds
Start importing Assets/Art/External/KenneyUI/Vector/Red/arrow_basic_w.svg using Guid(539909b2aa6895f4ebad7103f0c47303) (DefaultImporter) -> (artifact id: '208ed4b687108188844f6f2a08962f6a') in 0.0053726 seconds
Start importing Assets/Art/External/KenneyUI/Vector/Extra/icon_repeat_dark.svg using Guid(632c1ae7640f0bd488d0841a201cae59) (DefaultImporter) -> (artifact id: '3b4c39443185e5e5abfe11e1f580dbf0') in 0.0055162 seconds
Start importing Assets/Art/External/KenneyUI/Vector/Blue/icon_outline_circle.svg using Guid(7348240a3bf7da84c868db0fffab01b4) (DefaultImporter) -> (artifact id: '98cd043eecf616d79ebfbff7f1bc1100') in 0.0060396 seconds
Start importing Assets/Art/External/KenneyUI/Vector/Blue/button_square_depth_line.svg using Guid(9366d3d7a47cc6f46987017a6c72e7ba) (DefaultImporter) -> (artifact id: '0ca65e8f0c90b42408e528ad2b2fc5f7') in 0.0055127 seconds
Start importing Assets/Art/External/KenneyUI/Vector/Red/slide_vertical_color_section_wide.svg using Guid(93cf4474db0f63c40896eab1f9e36689) (DefaultImporter) -> (artifact id: '30ace5f28a96d5907981fabc041d3016') in 0.005507 seconds
Start importing Assets/Art/External/KenneyUI/Vector/Blue/check_round_grey.svg using Guid(b310d31ccfd7cf741bbbfa9ea0ce6f38) (DefaultImporter) -> (artifact id: '261a35fa9234c167a60e60fe5afd21f5') in 0.0059769 seconds
Start importing Assets/Art/External/KenneyUI/Vector/Yellow/check_square_color_square.svg using Guid(b3907177e88c993409e53ae0ef0f15ba) (DefaultImporter) -> (artifact id: '69839d56759ccabf47df805b5dfb4935') in 0.0054315 seconds
Start importing Assets/Art/External/KenneyUI/Vector/Blue/button_round_gradient.svg using Guid(b3c6f70b7c1014e458fb0582ce0c21a3) (DefaultImporter) -> (artifact id: '7c49653c9e9a80a8e651b833bb40b968') in 0.0053475 seconds
Start importing Assets/Art/External/KenneyUI/Vector/Extra/input_square.svg using Guid(b30f01396c1d4574d970e85a2c3e8454) (DefaultImporter) -> (artifact id: '792d581fb4f1ade227a24222b98f67b3') in 0.0060487 seconds
Start importing Assets/Art/External/KenneyUI/Vector/Grey/check_square_color_cross.svg using Guid(c381ebf2cc3c64144bfce81709ac2824) (DefaultImporter) -> (artifact id: 'e1f56272c168f32b8530608c65668b60') in 0.0053479 seconds
Start importing Assets/Art/External/KenneyUI/Vector/Blue/button_round_depth_gloss.svg using Guid(c31208e65f001ce489a439d1dc4f0f2b) (DefaultImporter) -> (artifact id: '456591168e4e1e5bd7d1f2d7b5473a24') in 0.0053567 seconds
Start importing Assets/Art/External/KenneyUI/Vector/Yellow/icon_outline_cross.svg using Guid(c3fbd065df85d3c4293790ba5c051ee2) (DefaultImporter) -> (artifact id: 'd351b533b496e8e35a24014b0c81f9f6') in 0.0060059 seconds
Start importing Assets/Art/External/KenneyUI/Vector/Blue/arrow_basic_s.svg using Guid(d32947124a2f8204888a9137cadac5fc) (DefaultImporter) -> (artifact id: 'ebf9c756dddb5f17d88c2d940b33b730') in 0.0050197 seconds
Start importing Assets/Art/External/KenneyUI/Vector/Grey/arrow_decorative_n.svg using Guid(d3fe239b6e666d2448a2378f9cbe5e28) (DefaultImporter) -> (artifact id: '327616f41078b72db78b1af75465f947') in 0.0060193 seconds
Start importing Assets/Art/External/KenneyUI/Vector/Red/button_rectangle_line.svg using Guid(e3e2f6783fd9bf449acbdc488ef4c113) (DefaultImporter) -> (artifact id: '2f2ecb29880f00baa38e4119c3ef1fb6') in 0.0054695 seconds
Start importing Assets/Art/External/KenneyUI/Vector/Yellow/button_square_depth_line.svg using Guid(f3978f6caf74f26449834862f1cc02bd) (DefaultImporter) -> (artifact id: '79bf75cd3f65878d3ad0e12910d994c1') in 0.0049845 seconds
Start importing Assets/Art/External/KenneyUI/Vector/Grey/slide_vertical_color.svg using Guid(f308a20641120624c954dddead6ee727) (DefaultImporter) -> (artifact id: '7abb8da27c2227d9cdc78e07ea65fff9') in 0.0056299 seconds
Start importing Assets/Art/External/KenneyUI/Vector/Blue/arrow_basic_e_small.svg using Guid(f3ecf26bd621e1c45b8fbac5fedc397f) (DefaultImporter) -> (artifact id: 'dd7e555801888ec733370eda87ff45e8') in 0.0055649 seconds
Start importing Assets/Art/External/KenneyUI/Vector/Blue/icon_outline_cross.svg using Guid(0469488ef614bf94ea0f0c24dfb4760c) (DefaultImporter) -> (artifact id: '098b5cf3940a6cad1ee0ade63aad64b1') in 0.0049223 seconds
Start importing Assets/Art/External/KenneyUI/Vector/Green/arrow_decorative_n_small.svg using Guid(043cb9205e10ccc4c870943bbf7a16da) (DefaultImporter) -> (artifact id: '0bde12d4f0335cd5f72b37eb59b8a848') in 0.0063251 seconds
Start importing Assets/Art/External/KenneyUI/Vector/Green/button_rectangle_gradient.svg using Guid(040f2c15febe0b840b8c9b75a710975b) (DefaultImporter) -> (artifact id: '2ea4b91446bffbfe81bfd8d8038e2a61') in 0.0061431 seconds
Start importing Assets/Art/External/KenneyUI/Vector/Extra/button_round_line.svg using Guid(1482053da9fba32419218608a8ba9f8a) (DefaultImporter) -> (artifact id: '0260e2ba46bda990d6ec677997dee9aa') in 0.0051248 seconds
Start importing Assets/Art/External/KenneyUI/Vector/Blue/arrow_decorative_n.svg using Guid(1459570eac74f0148862a2cadfb0ae19) (DefaultImporter) -> (artifact id: '891b5532415026ab60cd576aa713e69d') in 0.0055105 seconds
Start importing Assets/Art/External/KenneyUI/Vector/Yellow/button_square_flat.svg using Guid(446a143403e800946afa0151d1c417f2) (DefaultImporter) -> (artifact id: '46c44b052a8bf23c00cbd254c6e65a35') in 0.0053205 seconds
Start importing Assets/Art/External/KenneyUI/Vector/Yellow/button_round_flat.svg using Guid(54d710a5fba30e84a8d709e4460fa403) (DefaultImporter) -> (artifact id: 'ab4257ab343abda1c14d1f1c73973275') in 0.0049056 seconds
Start importing Assets/Art/External/KenneyUI/Vector/Blue/slide_horizontal_grey.svg using Guid(54fe0c3940e629a45bd4fe0d435d61b2) (DefaultImporter) -> (artifact id: '9932f6effbdfc12f7471623bce04b503') in 0.0054169 seconds
Start importing Assets/Art/External/KenneyUI/Vector/Yellow/check_square_color_cross.svg using Guid(64d0363eddc38e04aa1f45e595ab3181) (DefaultImporter) -> (artifact id: 'c876c24516ee54043ffc6e9558a59de2') in 0.0051733 seconds
Start importing Assets/Art/External/KenneyUI/Vector/Green/check_square_color.svg using Guid(64325e95f4eed2e43a513faea1debc51) (DefaultImporter) -> (artifact id: '082ced225376c45f70823c0f18c830e3') in 0.0054244 seconds
Start importing Assets/Art/External/KenneyUI/Vector/Grey/button_rectangle_depth_gradient.svg using Guid(643850e244013d5479e976c7153a30fc) (DefaultImporter) -> (artifact id: '289fcf54389a2292b6219464e3c418d4') in 0.0052865 seconds
Start importing Assets/Art/External/KenneyUI/Vector/Red/check_square_grey_square.svg using Guid(649d1438e66c4414bb35501f72271294) (DefaultImporter) -> (artifact id: 'ac07d30f07dd0c211ae2ff57666f9f33') in 0.0052074 seconds
Start importing Assets/Art/External/KenneyUI/Vector/Extra/input_outline_rectangle.svg using Guid(84b37d1cbe286064aa6b53729f2f4073) (DefaultImporter) -> (artifact id: '7d6bf3cbb3f0595326556807940c2041') in 0.0048446 seconds
Start importing Assets/Art/External/KenneyUI/Vector/Green/button_round_flat.svg using Guid(8484e46c55792a240b652d376a497437) (DefaultImporter) -> (artifact id: '7653b644d883197e9ccb1d35d241dadb') in 0.0051521 seconds
Start importing Assets/Art/External/KenneyUI/Vector/Grey/button_rectangle_gradient.svg using Guid(847a1d088a5690949b5eb23ecf74b070) (DefaultImporter) -> (artifact id: '3f81046d3da7f70ff371ba38d2f0f106') in 0.0053525 seconds
Start importing Assets/Art/External/KenneyUI/Vector/Yellow/star_outline_depth.svg using Guid(947376c58aba6fb46a6edb90b861306c) (DefaultImporter) -> (artifact id: 'b0e82d62fa6884ac2e40e87a032cc951') in 0.0058952 seconds
Start importing Assets/Art/External/KenneyUI/Vector/Red/slide_vertical_grey.svg using Guid(94e493e38f5b8c14fb3482436af048aa) (DefaultImporter) -> (artifact id: '791461881dd302babe497ce3c27c3570') in 0.0052869 seconds
Start importing Assets/Art/External/KenneyUI/Vector/Green/star_outline_depth.svg using Guid(c48ad3ae4f6e50348a5e294a4345c92c) (DefaultImporter) -> (artifact id: '930ee9c30c0261cc050fa296f23e66f4') in 0.0052853 seconds
Start importing Assets/Art/External/KenneyUI/Vector/Grey/button_square_gloss.svg using Guid(c46b89ea1351dd9409c42ce6f8ac0af5) (DefaultImporter) -> (artifact id: 'b444db27c19f8c8dbb327d23e45dc334') in 0.0064442 seconds
Start importing Assets/Art/External/KenneyUI/Vector/Red/check_round_grey.svg using Guid(d471e892d08e93e4393c3e0f761115ba) (DefaultImporter) -> (artifact id: 'ab0ca22f0198ea03b51b5612c6a4d401') in 0.0065783 seconds
Start importing Assets/Art/External/KenneyUI/Vector/Grey/button_round_depth_border.svg using Guid(d4b7c5011e491114b9880fad28d7126c) (DefaultImporter) -> (artifact id: '356f0349b7e4d6ec3e04d7d5fccb42fd') in 0.0054761 seconds
Start importing Assets/Art/External/KenneyUI/Vector/Extra/icon_arrow_down_light.svg using Guid(d46894d28c2572d4fb5493a377d31886) (DefaultImporter) -> (artifact id: 'a4791b05f4bdbd5ea00500653d1d3b34') in 0.0049096 seconds
Start importing Assets/Art/External/KenneyUI/Vector/Red/check_square_color.svg using Guid(e41bb29ad18057d4fae50ec362f5cb62) (DefaultImporter) -> (artifact id: '4f8591ea914d59221fa494eb83d66091') in 0.0060285 seconds
Start importing Assets/Art/External/KenneyUI/Vector/Red/button_square_line.svg using Guid(e44ba200816dc194e92025ffeda059b7) (DefaultImporter) -> (artifact id: '8d627e90acaffbf3dc2f9c157665a9f8') in 0.0055026 seconds
Start importing Assets/Art/External/KenneyUI/Vector/Green/button_square_line.svg using Guid(f4f226bacfc84a8459832e986fb6a336) (DefaultImporter) -> (artifact id: 'ed864d8287c55e61d9733003cb22f8b4') in 0.0049366 seconds
Start importing Assets/Art/External/KenneyUI/Vector/Extra/divider_edges.svg using Guid(f4a57e8b9fa3009438b14844a73768cf) (DefaultImporter) -> (artifact id: '7cef96b62a5357cb785e47de81177a1e') in 0.0053512 seconds
Start importing Assets/Art/External/KenneyUI/Vector/Green/button_round_border.svg using Guid(f4663460204fe3a42b2e5a55e432d250) (DefaultImporter) -> (artifact id: '1101a9bb1cd547bf0565b3f145cbb14a') in 0.0050286 seconds
Start importing Assets/Art/External/KenneyUI/Vector/Red/slide_horizontal_color_section.svg using Guid(0533297f0f9e5b34195458fa14960bed) (DefaultImporter) -> (artifact id: '4b5dd5a2dd296fa82fc68a8f6b9c9f46') in 0.0053674 seconds
Start importing Assets/Art/External/KenneyUI/Vector/Extra/icon_arrow_down_outline.svg using Guid(052d44b9cfb19284489621ac092dc271) (DefaultImporter) -> (artifact id: '667801dee61363bebfe110914370ffbf') in 0.0054926 seconds
Start importing Assets/Art/External/KenneyUI/Vector/Grey/arrow_basic_n.svg using Guid(15435d30163ef5149b32675d262729be) (DefaultImporter) -> (artifact id: '79a2dbeae9fec203d6b85b2dd7255f8d') in 0.0062525 seconds
Start importing Assets/Art/External/KenneyUI/Vector/Yellow/arrow_basic_s.svg using Guid(15376307c9f62f14290048a7cd04b9c6) (DefaultImporter) -> (artifact id: '2dd734422cce61f6e2d5bcde5bb48674') in 0.0050604 seconds
Start importing Assets/Art/External/KenneyUI/Vector/Red/check_square_color_checkmark.svg using Guid(25db0c81644034f48af4a74861536ce7) (DefaultImporter) -> (artifact id: 'e6623f9c0ddfdff99230308dfa97f2dd') in 0.0052258 seconds
Start importing Assets/Art/External/KenneyUI/Vector/Green/button_round_depth_flat.svg using Guid(250d67313b3914a4d935949576736785) (DefaultImporter) -> (artifact id: '6a37be0569ab25a77fc1c3f4bc9a1ef6') in 0.0066177 seconds
Start importing Assets/Art/External/KenneyUI/Vector/Grey/arrow_basic_w_small.svg using Guid(35d0a73d4a1586641be585a9b85444c3) (DefaultImporter) -> (artifact id: '12c5a6fa81c9ad5f261ff053e3284e20') in 0.0051069 seconds
Start importing Assets/Art/External/KenneyUI/Vector/Red/check_round_grey_circle.svg using Guid(35e9b8f6442eb934d80694c8a556bca5) (DefaultImporter) -> (artifact id: 'e4b3c4e83ee17c40f88f06d1d4815cd0') in 0.0061207 seconds
Start importing Assets/Art/External/KenneyUI/Vector/Yellow/button_rectangle_depth_gradient.svg using Guid(35abcb46c6fab8f48a9d68a2deaf1cb9) (DefaultImporter) -> (artifact id: 'e984a2dc371b74033865f78043f3b0da') in 0.0053401 seconds
Start importing Assets/Art/External/KenneyUI/Vector/Blue/button_rectangle_gradient.svg using Guid(4584aa60baeb356449eac1fa235cbae8) (DefaultImporter) -> (artifact id: '2d26e0c2b6b2b020fd9b70bf5634ae77') in 0.0049713 seconds
Start importing Assets/Art/External/KenneyUI/Vector/Red/check_square_grey_checkmark.svg using Guid(5520955cbf9b79c4bbb79487502f924c) (DefaultImporter) -> (artifact id: '1dbde271e495773ff527a80cff6cad1b') in 0.0056006 seconds
Start importing Assets/Art/External/KenneyUI/Vector/Red/slide_horizontal_grey_section_wide.svg using Guid(55a5472dc20c44749a5bbd5df9dcc8a8) (DefaultImporter) -> (artifact id: '7778be2965ca7af294d81afcd2ebc5fa') in 0.0054045 seconds
Start importing Assets/Art/External/KenneyUI/Vector/Yellow/star.svg using Guid(558a7961539e16c4d97196f16bf03bfc) (DefaultImporter) -> (artifact id: 'fd84a79d0fa0b75827fc24e235ecf718') in 0.0057953 seconds
Start importing Assets/Art/External/KenneyUI/Vector/Yellow/arrow_decorative_s.svg using Guid(55dc3d113aa09cb47af59da7f4890f9d) (DefaultImporter) -> (artifact id: '9321d3e99ed76738c6172b505050d3d2') in 0.0061512 seconds
Start importing Assets/Art/External/KenneyUI/Vector/Green/button_round_gradient.svg using Guid(65e9419d66392d849806502babc94fab) (DefaultImporter) -> (artifact id: '4434eb2510c8daab31e37ba0a1b6eaa8') in 0.0056333 seconds
Start importing Assets/Art/External/KenneyUI/Vector/Green/icon_outline_circle.svg using Guid(657de58e153fd2f43b259c2e2051377a) (DefaultImporter) -> (artifact id: '41a851bbc85dfab36df5aa8e8cc6d454') in 0.005648 seconds
Start importing Assets/Art/External/KenneyUI/Vector/Green/icon_outline_square.svg using Guid(659f7343f81c32d4ea5d3880f5750211) (DefaultImporter) -> (artifact id: '6f5142fce0478b57043467d0ade151b7') in 0.0058504 seconds
Start importing Assets/Art/External/KenneyUI/Vector/Green/button_rectangle_depth_gradient.svg using Guid(750d5f729a263cf4b9c8d463d4df787d) (DefaultImporter) -> (artifact id: '1e855cede98b05c7a95c32e1ca16bccd') in 0.0066258 seconds
Start importing Assets/Art/External/KenneyUI/Vector/Green/arrow_basic_e.svg using Guid(751e35ec58707d94582ee365c184d21f) (DefaultImporter) -> (artifact id: 'f74144fa0c21b8754079dfe5479caa32') in 0.0075108 seconds
Start importing Assets/Art/External/KenneyUI/Vector/Green/button_square_border.svg using Guid(850136ada94f1e04f9113edb25761403) (DefaultImporter) -> (artifact id: 'b767686f31d79ed41e592c28a5425ccf') in 0.0062569 seconds
Start importing Assets/Art/External/KenneyUI/Vector/Yellow/icon_outline_checkmark.svg using Guid(859221064a9183a43bb6267ff81de66f) (DefaultImporter) -> (artifact id: 'ee59c3f1d497927b0255ed616013153e') in 0.0063626 seconds
Start importing Assets/Art/External/KenneyUI/Vector/Red/icon_cross.svg using Guid(856e390c0e4e7ca449e85597e155dd5b) (DefaultImporter) -> (artifact id: 'db9ab4e5e7a0a68361ad1305e3063226') in 0.0060885 seconds
Start importing Assets/Art/External/KenneyUI/Vector/Grey/slide_horizontal_color_section_wide.svg using Guid(95b726814165f4e46b8aa45537f7dd31) (DefaultImporter) -> (artifact id: '3baa988248cfaa2f18df7d2fb3e6fd69') in 0.0059094 seconds
Start importing Assets/Art/External/KenneyUI/Vector/Yellow/icon_checkmark.svg using Guid(a57dc609fafbe354992b33de8564bee3) (DefaultImporter) -> (artifact id: '5611ce94b47243b104083bf3f5e172f1') in 0.006668 seconds
Start importing Assets/Art/External/KenneyUI/Vector/Yellow/button_rectangle_depth_line.svg using Guid(a5bf2c579e501614ab14a877e84a10cd) (DefaultImporter) -> (artifact id: '475d092a3cebeb830d0d2c8bd30b15f3') in 0.0070217 seconds
Start importing Assets/Art/External/KenneyUI/Vector/Yellow/arrow_basic_n_small.svg using Guid(b5b1ad1e74686bc44a2a793b8f1393e9) (DefaultImporter) -> (artifact id: 'efbec7cdb06de9f5bce7545ee04951b4') in 0.0062341 seconds
Start importing Assets/Art/External/KenneyUI/Vector/Red/icon_outline_circle.svg using Guid(b5129d35a887ffa49981d129a6e50f16) (DefaultImporter) -> (artifact id: 'd972fc35781e7441f3cea8b36e872e8c') in 0.0072192 seconds
Start importing Assets/Art/External/KenneyUI/Vector/Green/slide_horizontal_grey_section.svg using Guid(b5a283faa10350d429a52bbd7c298392) (DefaultImporter) -> (artifact id: '76f15ffb65a6c51c9d1f08559383e7c9') in 0.0068889 seconds
Start importing Assets/Art/External/KenneyUI/Vector/Grey/button_round_line.svg using Guid(b565492b9843f054aa9364e457dd1cd2) (DefaultImporter) -> (artifact id: '1c18108797f570e4911b71a1fbcd1f39') in 0.0074044 seconds
Start importing Assets/Art/External/KenneyUI/Vector/Green/arrow_basic_s.svg using Guid(c5e1e362eafca8541b09523b8fd9611d) (DefaultImporter) -> (artifact id: 'ebe36f3a3fc243b9b741021b8f0304ef') in 0.0068691 seconds
Start importing Assets/Art/External/KenneyUI/Vector/Red/arrow_decorative_s_small.svg using Guid(c53a50ee1e064fb47a98bfd5b9a97824) (DefaultImporter) -> (artifact id: 'c26d6ae5d66227c843e1942de27d2fad') in 0.007042 seconds
Start importing Assets/Art/External/KenneyUI/Vector/Yellow/button_round_line.svg using Guid(c5ede9f981bf8ee45aa53d5ce00e8c6a) (DefaultImporter) -> (artifact id: '1f1e836b0955d00355ee524e99801e32') in 0.006056 seconds
Start importing Assets/Art/External/KenneyUI/Vector/Grey/button_round_depth_flat.svg using Guid(d5d47fbd7deb6724ba129b88e4350538) (DefaultImporter) -> (artifact id: 'e28302956a5782f7d6cb2ce85a2c786c') in 0.0060994 seconds
Start importing Assets/Art/External/KenneyUI/Vector/Yellow/arrow_decorative_e_small.svg using Guid(f5d18ca37e1c17047a3aae8b3a6aa69e) (DefaultImporter) -> (artifact id: '9e8a99858ec343762955591fa8a2722a') in 0.0069128 seconds
Start importing Assets/Art/External/KenneyUI/Vector/Red/star.svg using Guid(f51a95706c9a1b54ba3858092169ac60) (DefaultImporter) -> (artifact id: '7563e946dd6e2e3c402df8541de84b2c') in 0.0071943 seconds
Start importing Assets/Art/External/KenneyUI/Vector/Green/button_rectangle_border.svg using Guid(0626fa0193a1bf0478caa4d8637cdba5) (DefaultImporter) -> (artifact id: '99af492dd5775339022ece81021d8467') in 0.0072484 seconds
Start importing Assets/Art/External/KenneyUI/Vector/Blue/slide_vertical_grey_section_wide.svg using Guid(16206a6792edf594d8549f7e1dc12ce6) (DefaultImporter) -> (artifact id: '82bdd4598559cf6eb91e07e1c5c26cb6') in 0.0072616 seconds
Start importing Assets/Art/External/KenneyUI/Vector/Blue/arrow_decorative_e_small.svg using Guid(1670afd85698cf543965cdfe3b485eec) (DefaultImporter) -> (artifact id: '945656aa8ceabd709af7d18557e89b02') in 0.0065224 seconds
Start importing Assets/Art/External/KenneyUI/Vector/Green/arrow_basic_w_small.svg using Guid(16258f5eb2af0ea4eac9a3eb6648f980) (DefaultImporter) -> (artifact id: '137ed36bce9b5d82638297d1e5b46ca2') in 0.006224 seconds
Start importing Assets/Art/External/KenneyUI/Vector/Green/button_round_depth_gradient.svg using Guid(262012c14239c6040a3f39b70ec10390) (DefaultImporter) -> (artifact id: 'cdf7c2a4f0ad75b682f4263345258db1') in 0.0062555 seconds
Start importing Assets/Art/External/KenneyUI/Vector/Red/button_square_depth_border.svg using Guid(36b28c6df3c89e14fba54b221ec8b27b) (DefaultImporter) -> (artifact id: 'c1c96af25a695b1829af508b130d0f55') in 0.0074482 seconds
Start importing Assets/Art/External/KenneyUI/Vector/Yellow/button_rectangle_gradient.svg using Guid(36363f23fc68d8d42a79cb7fc2d31b36) (DefaultImporter) -> (artifact id: 'de0063cfb6caeb66ddc2b9b1e4b7adf3') in 0.0061668 seconds
Start importing Assets/Art/External/KenneyUI/Vector/Grey/check_square_color_square.svg using Guid(46363fa857f39b048abe78ef766f2f00) (DefaultImporter) -> (artifact id: '37fd022d647ceaff15aa3b135feb3b9d') in 0.0062242 seconds
Start importing Assets/Art/External/KenneyUI/Vector/Green/slide_horizontal_grey.svg using Guid(465cb4e003044b1478a25e4e7d423f06) (DefaultImporter) -> (artifact id: 'a2a39d363f58dba3fe7fc0cf0c82f255') in 0.006891 seconds
Start importing Assets/Art/External/KenneyUI/Vector/Red/check_square_color_cross.svg using Guid(56499370e9db91f4c812caac3764a61b) (DefaultImporter) -> (artifact id: '1290ea2f1b74b37d095290c30c9d22aa') in 0.0060644 seconds
Start importing Assets/Art/External/KenneyUI/Vector/Grey/slide_vertical_grey.svg using Guid(66c035141f2ee7d4288a79da17f655e3) (DefaultImporter) -> (artifact id: '27d0ede3b7df30ae2d37ddd75b18690f') in 0.0071915 seconds
Start importing Assets/Art/External/KenneyUI/Vector/Yellow/slide_vertical_color.svg using Guid(66bacd3d000549541898ea577e3286b4) (DefaultImporter) -> (artifact id: '3c69e1889c01fa38d05936e686226b5b') in 0.0064931 seconds
Start importing Assets/Art/External/KenneyUI/Vector/Blue/button_round_gloss.svg using Guid(76556b717bfce3b4b9191c9cd35e9f9a) (DefaultImporter) -> (artifact id: 'f731f136038315ad1804ef4023fccd94') in 0.0063016 seconds
Start importing Assets/Art/External/KenneyUI/Vector/Blue/icon_cross.svg using Guid(8656debcd4ecce343be9c3634d19366f) (DefaultImporter) -> (artifact id: '57487b813c16a7e344f6761bc0859cd6') in 0.006184 seconds
Start importing Assets/Art/External/KenneyUI/Vector/Green/arrow_basic_w.svg using Guid(86ec9ac8099a0d54da48604fc5a322d6) (DefaultImporter) -> (artifact id: 'e923696407f3ee2e6a3d6ccbddb8c987') in 0.0054985 seconds
Start importing Assets/Art/External/KenneyUI/Vector/Yellow/slide_horizontal_grey.svg using Guid(867ed685320097042b1007a847e19da0) (DefaultImporter) -> (artifact id: '1b4df28a30fabc28f74d37240ba68b14') in 0.0068728 seconds
Start importing Assets/Art/External/KenneyUI/Vector/Grey/arrow_decorative_e_small.svg using Guid(9620ac56d1f35374c903c390ac02076a) (DefaultImporter) -> (artifact id: 'e06688fca4627fefa4203f5125035f1f') in 0.0060348 seconds
Start importing Assets/Art/External/KenneyUI/Vector/Blue/button_round_line.svg using Guid(96d6c7bc9c0bc644dbb40f7acf5c1220) (DefaultImporter) -> (artifact id: '62d71025d07b19c904883f4c0d9f701f') in 0.0057563 seconds
Start importing Assets/Art/External/KenneyUI/Vector/Green/check_square_color_checkmark.svg using Guid(a6a1d7d7e25fb88449634e04d885b201) (DefaultImporter) -> (artifact id: '2ba9450b6ceed2d65907ccb0e5baae06') in 0.005868 seconds
Start importing Assets/Art/External/KenneyUI/Vector/Blue/icon_circle.svg using Guid(a6ccb6b5b950f2741bab63128f5c4bb7) (DefaultImporter) -> (artifact id: '07583cc22d090ad00f714d420843e24d') in 0.0056153 seconds
Start importing Assets/Art/External/KenneyUI/Vector/Green/button_round_depth_line.svg using Guid(b681bffc7c069fb498f8cd1ee952eb2a) (DefaultImporter) -> (artifact id: 'e345dcf0635fd997543b3c9be5fb7c19') in 0.0057615 seconds
Start importing Assets/Art/External/KenneyUI/Vector/Grey/slide_vertical_color_section.svg using Guid(d671fe24587b09a448d9b012b5879404) (DefaultImporter) -> (artifact id: '070f345ec10fba3284ec24abcd7d7e0b') in 0.0062873 seconds
Start importing Assets/Art/External/KenneyUI/Vector/Red/slide_vertical_color_section.svg using Guid(d6c147bfbae27e34096ddeda481071ab) (DefaultImporter) -> (artifact id: '64cd95f161fe2fcb43ce254ccd176abc') in 0.0059038 seconds
Start importing Assets/Art/External/KenneyUI/Vector/Blue/star.svg using Guid(d6aa9705bb1b33a42bca8ff44014a9ef) (DefaultImporter) -> (artifact id: '83a9be61a9307200fbce50a168aed6e4') in 0.0059624 seconds
Start importing Assets/Art/External/KenneyUI/Vector/Red/arrow_basic_n.svg using Guid(e628875d9d69f0d4e8490f2e07d9b134) (DefaultImporter) -> (artifact id: '997577cd7014aba8fb0fc0605f5d4509') in 0.0058181 seconds
Start importing Assets/Art/External/KenneyUI/Vector/Yellow/check_square_grey_checkmark.svg using Guid(f6282393ae2fb5343ac60c24b2e10866) (DefaultImporter) -> (artifact id: '2740b7181bdb677214dfbdc9a31c8e6d') in 0.0059001 seconds
Start importing Assets/Art/External/KenneyUI/Vector/Red/icon_square.svg using Guid(07b00fe3e3b2c7948ba6b49fc73a6e74) (DefaultImporter) -> (artifact id: '2f1a97090e0363fe8524cf25d6e8067e') in 0.005945 seconds
Start importing Assets/Art/External/KenneyUI/Vector/Red/button_square_flat.svg using Guid(1706640679f4cb243bbe990fcc5fdd1c) (DefaultImporter) -> (artifact id: 'b1c3475b3ebabd6ec70ed63447227f51') in 0.0069184 seconds
Start importing Assets/Art/External/KenneyUI/Vector/Yellow/button_square_depth_border.svg using Guid(17f937aac294b754ba247c3f42e7f0db) (DefaultImporter) -> (artifact id: '1add34a28ed4cfa3d8a5690cd56a3379') in 0.0065577 seconds
Start importing Assets/Art/External/KenneyUI/Vector/Grey/check_square_color_checkmark.svg using Guid(173a97af7f23fb14fa7926da874500f7) (DefaultImporter) -> (artifact id: '9736dd31a3813ec9ff34eb9aa9d223fa') in 0.006258 seconds
Start importing Assets/Art/External/KenneyUI/Vector/Yellow/button_round_depth_gloss.svg using Guid(27d0f717692fa1c4485d40a456e45024) (DefaultImporter) -> (artifact id: '001951fdbb307f3c58b6fb19202327cd') in 0.0063535 seconds
Start importing Assets/Art/External/KenneyUI/Vector/Blue/arrow_basic_n_small.svg using Guid(6784ff707031eb148859532f62f2d876) (DefaultImporter) -> (artifact id: '17a19163ee390451ed8dc797726f3c0d') in 0.0071444 seconds
Start importing Assets/Art/External/KenneyUI/Vector/Red/button_rectangle_gloss.svg using Guid(7714fb0c36a50ac45919896e38134a9b) (DefaultImporter) -> (artifact id: 'd6f0f23aef002624318b8d5f0b4e83b7') in 0.00635 seconds
Start importing Assets/Art/External/KenneyUI/Vector/Green/check_square_grey_checkmark.svg using Guid(7705e32575c07a844bc0777c11107014) (DefaultImporter) -> (artifact id: '3ab36f8cb31378fba65bfba0797c89cd') in 0.0069379 seconds
Start importing Assets/Art/External/KenneyUI/Vector/Yellow/slide_hangle.svg using Guid(77687db594be0f54bb4d555d4356e364) (DefaultImporter) -> (artifact id: '9e6e0c7dddd8db31659d87e2c6c02e42') in 0.0068811 seconds
Start importing Assets/Art/External/KenneyUI/Vector/Yellow/arrow_decorative_e.svg using Guid(87641d2299ccd4240abb40a8ca3c7da9) (DefaultImporter) -> (artifact id: '6e8a0de9d34079fa8f52ad099f2a89d8') in 0.0059452 seconds
Start importing Assets/Art/External/KenneyUI/Vector/Green/button_square_depth_flat.svg using Guid(87a71566d7a2ea341a1c4f758a0933e8) (DefaultImporter) -> (artifact id: 'eab7d38b3fd487774bcf820d15d1dd0a') in 0.0060657 seconds
Start importing Assets/Art/External/KenneyUI/Vector/Blue/button_rectangle_gloss.svg using Guid(97b0a7d5dba6d2f4ab2ef3a4b23cbded) (DefaultImporter) -> (artifact id: 'c44173715148cd72b88ab6033764c6a8') in 0.0060261 seconds
Start importing Assets/Art/External/KenneyUI/Vector/Blue/arrow_basic_s_small.svg using Guid(976b344206b30664abe0293917e16bc4) (DefaultImporter) -> (artifact id: '91461853e0a7650448c34ed248d94191') in 0.0065641 seconds
Start importing Assets/Art/External/KenneyUI/Vector/Blue/slide_horizontal_color_section_wide.svg using Guid(a7d0574441bcf834baf4e6c4ab31d24b) (DefaultImporter) -> (artifact id: 'bf0c4dc88f85974bf5b2153eb8b942b1') in 0.0062948 seconds
Start importing Assets/Art/External/KenneyUI/Vector/Grey/arrow_decorative_s.svg using Guid(a7d26a731bf7e4f459b2665bdfe36e4a) (DefaultImporter) -> (artifact id: 'e29c1059f39484371c9ecb1c85250cd3') in 0.0059622 seconds
Start importing Assets/Art/External/KenneyUI/Vector/Extra/icon_play_light.svg using Guid(b704fa480bc4c9d49b98e6203fd1e8fd) (DefaultImporter) -> (artifact id: '937757595805bae3131e804c16ed5dce') in 0.0066407 seconds
Start importing Assets/Art/External/KenneyUI/Vector/Yellow/arrow_basic_s_small.svg using Guid(c770a62773c031a43be470a59e489b3b) (DefaultImporter) -> (artifact id: '3749a1b12760643c45ffa645ac762471') in 0.0061686 seconds
Start importing Assets/Art/External/KenneyUI/Vector/Grey/icon_cross.svg using Guid(c78155c87738fdc4eaf9082a900ff7ae) (DefaultImporter) -> (artifact id: 'ea24696c9bdcd0c755a52f83cba2fe55') in 0.0061238 seconds
Start importing Assets/Art/External/KenneyUI/Vector/Blue/button_rectangle_depth_line.svg using Guid(d7180be28bbc6894db1bd287efe71460) (DefaultImporter) -> (artifact id: '2619b5f2567f7d5f215d38f2ab0b1cbc') in 0.006712 seconds
Start importing Assets/Art/External/KenneyUI/Vector/Red/button_rectangle_depth_line.svg using Guid(e7d21352556286b45ae7303d72537646) (DefaultImporter) -> (artifact id: 'ab646ef62e973caaf6ad81836bb1850d') in 0.0060449 seconds
Start importing Assets/Art/External/KenneyUI/Vector/Red/check_round_round_circle.svg using Guid(e73967132a8f94249832d5b06d926995) (DefaultImporter) -> (artifact id: '80771655737e031c0e4239d8a88b11b4') in 0.0064319 seconds
Start importing Assets/Art/External/KenneyUI/Vector/Blue/star_outline_depth.svg using Guid(f745d8f812253824ebde6fb217b9992b) (DefaultImporter) -> (artifact id: 'fc5c2f8a048417461667e8212da50298') in 0.0069489 seconds
Start importing Assets/Art/External/KenneyUI/Vector/Extra/button_rectangle_depth_line.svg using Guid(08df320b005f02346a0a3587e985189f) (DefaultImporter) -> (artifact id: '7473aa5d9e500ba7dfe5cfe2f57251a1') in 0.005952 seconds
Start importing Assets/Art/External/KenneyUI/Vector/Red/slide_horizontal_grey_section.svg using Guid(28665265868e58448bd83f37eeef7fd1) (DefaultImporter) -> (artifact id: 'ef29012ca45baf61154055b33e2ffbf0') in 0.0070167 seconds
Start importing Assets/Art/External/KenneyUI/Vector/Yellow/button_round_gradient.svg using Guid(386e24f1d0343084580b24088cf73c9b) (DefaultImporter) -> (artifact id: 'e376c6b759297a156284f2cdd6776582') in 0.0059587 seconds
Start importing Assets/Art/External/KenneyUI/Vector/Yellow/button_rectangle_flat.svg using Guid(48543658b4747ad43b47c85b89db5199) (DefaultImporter) -> (artifact id: '9e49efc6100c03c60347a2590e2af335') in 0.0059407 seconds
Start importing Assets/Art/External/KenneyUI/Vector/Blue/button_rectangle_border.svg using Guid(48a57d62dabc6ce43850eaae593fc5ae) (DefaultImporter) -> (artifact id: 'b5bdfd3fd0a0bd102847f9d4b90ffcc3') in 0.0055104 seconds
Start importing Assets/Art/External/KenneyUI/Vector/Yellow/slide_horizontal_grey_section_wide.svg using Guid(48f770c00425922479f1fe91b9a61b47) (DefaultImporter) -> (artifact id: '3f662980b97dad8a9b8fe08a922c3964') in 0.0055482 seconds
Start importing Assets/Art/External/KenneyUI/Vector/Blue/slide_vertical_color.svg using Guid(58c06ef6ccddd614db3e5e89a2d81621) (DefaultImporter) -> (artifact id: '0f683ed24072e88a4a5ad57e1024fe1e') in 0.0064749 seconds
Start importing Assets/Art/External/KenneyUI/Vector/Yellow/arrow_decorative_n_small.svg using Guid(6810f4a9441ea484fb81d167a761804b) (DefaultImporter) -> (artifact id: '4878fa05189e47a993246b733656e484') in 0.0057465 seconds
Start importing Assets/Art/External/KenneyUI/Vector/Green/slide_hangle.svg using Guid(68d52832026120b4996d2ee9488f1aed) (DefaultImporter) -> (artifact id: '3d7cf1f9fd996a94991b3232306f11ff') in 0.0057328 seconds
Start importing Assets/Art/External/KenneyUI/Vector/Grey/check_square_color.svg using Guid(684738ba6e0dfcf47a391dedc145e6b8) (DefaultImporter) -> (artifact id: '55d5a60496451dbf1cb64d6ca7be4f34') in 0.005884 seconds
Start importing Assets/Art/External/KenneyUI/Vector/Blue/check_square_color.svg using Guid(78e3e5bc8b35c95418af1b5f68630c4e) (DefaultImporter) -> (artifact id: '72aae409e76ffef3164a3593e878772d') in 0.0056693 seconds
Start importing Assets/Art/External/KenneyUI/Vector/Grey/icon_outline_circle.svg using Guid(780f38a743a90364f9e95375742c322d) (DefaultImporter) -> (artifact id: 'c01312b93e6f85b0e292a7e5a97bcfef') in 0.0051364 seconds
Start importing Assets/Art/External/KenneyUI/Vector/Blue/button_square_depth_border.svg using Guid(885a94fae248cb44696e21963f8cbcaa) (DefaultImporter) -> (artifact id: '331d6efc0acddf80ea73acbb512c5147') in 0.0063588 seconds
Start importing Assets/Art/External/KenneyUI/Vector/Extra/icon_play_dark.svg using Guid(9850e24e4220995429f98476d45fc42a) (DefaultImporter) -> (artifact id: '1ff07a404fa3f8325a44105e9ce1405e') in 0.0053838 seconds
Start importing Assets/Art/External/KenneyUI/Vector/Yellow/icon_circle.svg using Guid(9841d50f77c727b4d99ed89d7955d395) (DefaultImporter) -> (artifact id: '5738aa915f537c14fec63df7fac9d4fc') in 0.0049042 seconds
Start importing Assets/Art/External/KenneyUI/Vector/Grey/star_outline.svg using Guid(a8b87ecceacb6514bb6b61fa54bcdedf) (DefaultImporter) -> (artifact id: 'e7a2230276976e669b934a74c301b84f') in 0.0063068 seconds
Start importing Assets/Art/External/KenneyUI/Vector/Extra/icon_arrow_up_light.svg using Guid(a83b74b250c0d8343a35acbcc45c0078) (DefaultImporter) -> (artifact id: '2f0428adb6ff85deecf34e906361c2fb') in 0.005223 seconds
Start importing Assets/Art/External/KenneyUI/Vector/Grey/button_round_depth_gradient.svg using Guid(b818b35ceff534342a9bac3405a71414) (DefaultImporter) -> (artifact id: '94fb91ddf864b4c1a02388d1267408bb') in 0.005191 seconds
Start importing Assets/Art/External/KenneyUI/Vector/Blue/star_outline.svg using Guid(c817bd96b22bc7c4eb80944e42e405fb) (DefaultImporter) -> (artifact id: '3bd489185caaa21b42f1380ff570de20') in 0.0073008 seconds
Start importing Assets/Art/External/KenneyUI/Vector/Blue/arrow_basic_w.svg using Guid(c8280c96bbe54e4459911c68abd05cbd) (DefaultImporter) -> (artifact id: '16bb228df9c210b38365272a1a03d5d8') in 0.005511 seconds
Start importing Assets/Art/External/KenneyUI/Vector/Green/slide_horizontal_color.svg using Guid(c8897bf09b37a5848932153ddec52176) (DefaultImporter) -> (artifact id: 'cc0eb18f4fb6e7ec49277949ce969490') in 0.0059539 seconds
Start importing Assets/Art/External/KenneyUI/Vector/Red/star_outline.svg using Guid(e830dd85fcfb6324bbee911ff3ed79a8) (DefaultImporter) -> (artifact id: 'd6ffcd774326f0b7d46019287b5bc49c') in 0.0054643 seconds
Start importing Assets/Art/External/KenneyUI/Vector/Grey/button_round_gloss.svg using Guid(e8e3dc38fb33d6e4bbbe869f7d0aecbd) (DefaultImporter) -> (artifact id: 'b7a343a0c75048ba3128f6c501f2c95d') in 0.0055187 seconds
Start importing Assets/Art/External/KenneyUI/Vector/Grey/arrow_basic_e.svg using Guid(e8773f259096e8a49af7b4ef7eda7711) (DefaultImporter) -> (artifact id: '5774deb30f5a3f24348379b9c15f2220') in 0.0063862 seconds
Start importing Assets/Art/External/KenneyUI/Vector/Grey/check_square_grey_square.svg using Guid(0935da5d877b99a4aa17717df5dc5091) (DefaultImporter) -> (artifact id: '668e781d70b2540fcd062b74a634764e') in 0.005243 seconds
Start importing Assets/Art/External/KenneyUI/Vector/Extra/divider.svg using Guid(09d6225dced0438418eea54e36ac654c) (DefaultImporter) -> (artifact id: 'd2e68b6c0649f1b18566930fb1bb1eff') in 0.0052192 seconds
Start importing Assets/Art/External/KenneyUI/Vector/Green/icon_circle.svg using Guid(093bad73653998145a5fc6c072f6aee3) (DefaultImporter) -> (artifact id: 'eb493321e022ed2bad67443fa9769eae') in 0.0050356 seconds
Start importing Assets/Art/External/KenneyUI/Vector/Grey/slide_horizontal_color_section.svg using Guid(19563bf9ca1f8e74c99f0cec39e49771) (DefaultImporter) -> (artifact id: '9912bbb9d064bd172220b6dad22edecc') in 0.0057115 seconds
Start importing Assets/Art/External/KenneyUI/Vector/Green/button_round_gloss.svg using Guid(19765d9aca86cdf49bf13fdd89be478b) (DefaultImporter) -> (artifact id: 'c0d0216d689d4622d8149efd4ea815ca') in 0.0051228 seconds
Start importing Assets/Art/External/KenneyUI/Vector/Grey/icon_outline_cross.svg using Guid(19d67d0cf36b5fa419392164b8242d93) (DefaultImporter) -> (artifact id: '7bc58764270677164bc3a726f73e911d') in 0.0060355 seconds
Start importing Assets/Art/External/KenneyUI/Vector/Blue/button_square_depth_gloss.svg using Guid(29fa034a46c75d34683f542369772eac) (DefaultImporter) -> (artifact id: '29bc0672dfcc6762f8cd893f988787a1') in 0.0057179 seconds
Start importing Assets/Art/External/KenneyUI/Vector/Extra/input_rectangle.svg using Guid(39905a4d163475d48be93a60390ce700) (DefaultImporter) -> (artifact id: '624fbf54c16c24ea2f0fbe8668b49c93') in 0.0050781 seconds
Start importing Assets/Art/External/KenneyUI/Vector/Extra/button_square_line.svg using Guid(39b21dd8f1d4dae4599a3e9a09945c50) (DefaultImporter) -> (artifact id: 'd9d5ae74174b6b5e1572a8bd1939a635') in 0.0052 seconds
Start importing Assets/Art/External/KenneyUI/Vector/Blue/icon_outline_square.svg using Guid(39c4ff921717fa240a0260c8b9c5eaee) (DefaultImporter) -> (artifact id: 'b4bc6801591d151b2698f9721a983e44') in 0.0055592 seconds
Start importing Assets/Art/External/KenneyUI/Vector/Grey/slide_vertical_grey_section.svg using Guid(49e9ff84337895f44bd07ea101205398) (DefaultImporter) -> (artifact id: 'e14f3b93c4cc9643890882e9e74596ad') in 0.0052158 seconds
Start importing Assets/Art/External/KenneyUI/Vector/Blue/check_round_color.svg using Guid(59322434909633c41b5aed33e2049b58) (DefaultImporter) -> (artifact id: 'cca6a29bc4e317842d0d0cde1208cac1') in 0.0050651 seconds
Start importing Assets/Art/External/KenneyUI/Vector/Yellow/button_square_depth_gradient.svg using Guid(5995c99bfd648fb4c82c9ccf9bd76277) (DefaultImporter) -> (artifact id: '131e66d5e3f98faf12dfc936d86149b6') in 0.0053588 seconds
Start importing Assets/Art/External/KenneyUI/Vector/Yellow/button_square_depth_flat.svg using Guid(59e9fc1fcc29af348ba1bc4d0dd1706f) (DefaultImporter) -> (artifact id: '78adb6303813f7b2c864960506a9efbd') in 0.0052483 seconds
Start importing Assets/Art/External/KenneyUI/Vector/Green/arrow_basic_n.svg using Guid(69eab1a1934528845a92383b8821b98c) (DefaultImporter) -> (artifact id: 'e537067b262eef049e57106f20a15c0d') in 0.0065664 seconds
Start importing Assets/Art/External/KenneyUI/Vector/Red/arrow_decorative_n.svg using Guid(790b12ce3cb118f4da6280b20a9232c3) (DefaultImporter) -> (artifact id: '129ae8f692cd8a39a6963956bbf90ce5') in 0.00549 seconds
Start importing Assets/Art/External/KenneyUI/Vector/Red/arrow_decorative_e.svg using Guid(89a1ad0100769054ebaae889a70fc86a) (DefaultImporter) -> (artifact id: '2ac9e852f57e2057822b3048980806a5') in 0.0051126 seconds
Start importing Assets/Art/External/KenneyUI/Vector/Blue/arrow_basic_n.svg using Guid(991d4824a9025c3489ca9c154220adbf) (DefaultImporter) -> (artifact id: '2e4d40b7c39af5ee3fb7d2b27942f842') in 0.00595 seconds
Start importing Assets/Art/External/KenneyUI/Vector/Blue/button_rectangle_depth_border.svg using Guid(a9b17d60c1d8e974aafd40c950c21c3c) (DefaultImporter) -> (artifact id: 'da31903909725261a10784ec3ee86f32') in 0.0054521 seconds
Start importing Assets/Art/External/KenneyUI/Vector/Yellow/icon_outline_square.svg using Guid(a9d9f216c99f51d41833d8b157982627) (DefaultImporter) -> (artifact id: '2f69a1afeed4c4160f935760c735398a') in 0.005058 seconds
Start importing Assets/Art/External/KenneyUI/Vector/Grey/arrow_decorative_w_small.svg using Guid(a95ad858771c6c442877e215ab68b29d) (DefaultImporter) -> (artifact id: '01061687f25089f5620d47e9ae0a051e') in 0.0060693 seconds
Start importing Assets/Art/External/KenneyUI/Vector/Grey/slide_horizontal_color.svg using Guid(b9d365b5120f62348a8ced3e80e70a1a) (DefaultImporter) -> (artifact id: 'ce1ed5efb859c21029430e39c74b5628') in 0.005443 seconds
Start importing Assets/Art/External/KenneyUI/Vector/Grey/arrow_decorative_n_small.svg using Guid(b94b9de234f80d241b03cc960ce2f254) (DefaultImporter) -> (artifact id: '80d53aa3392e47bdb5fd98ea23492408') in 0.0056876 seconds
Start importing Assets/Art/External/KenneyUI/Vector/Yellow/arrow_basic_e_small.svg using Guid(c9f5b6cee9f2495488b523feeb113a4f) (DefaultImporter) -> (artifact id: '1460c015e580257648ff688445cf3f27') in 0.005681 seconds
Start importing Assets/Art/External/KenneyUI/Vector/Extra/input_outline_square.svg using Guid(d9566de4330dc324b8349f10687dd677) (DefaultImporter) -> (artifact id: '651209d6d9d0e20b98953be0e35eb5e8') in 0.0055976 seconds
Start importing Assets/Art/External/KenneyUI/Vector/Red/button_square_depth_flat.svg using Guid(d957add359fbaab4f98bfdd06bbaedb9) (DefaultImporter) -> (artifact id: 'da90b30970e55f9a8cc3fa1dae3c28a5') in 0.0054123 seconds
Start importing Assets/Art/External/KenneyUI/Vector/Yellow/button_square_border.svg using Guid(d9d7f10afe51d4b4ab9cb0ae3e6dbd28) (DefaultImporter) -> (artifact id: 'f01cd52741a57c381e603e60c4318b1b') in 0.0053944 seconds
Start importing Assets/Art/External/KenneyUI/Vector/Blue/button_square_gradient.svg using Guid(d9aaa97bf86b7f84d8d26e3e232ae12e) (DefaultImporter) -> (artifact id: '6dc175a7176281acf68d9da2fffb54bd') in 0.0054333 seconds
Start importing Assets/Art/External/KenneyUI/Vector/Blue/arrow_decorative_s_small.svg using Guid(e910ca755aecac144b090c3fbd3271fb) (DefaultImporter) -> (artifact id: '0d13ca18320a2e9f73a5560f4845250a') in 0.0052388 seconds
Start importing Assets/Art/External/KenneyUI/Vector/Yellow/star_outline.svg using Guid(e91fbe45b6133d44faba524eb23975a4) (DefaultImporter) -> (artifact id: 'bb24bced5a8f9e1578cbb0f7de02f419') in 0.006842 seconds
Start importing Assets/Art/External/KenneyUI/Vector/Green/icon_checkmark.svg using Guid(f92d9f95d4828d345a1846b5745251b5) (DefaultImporter) -> (artifact id: '1f21e841415480a22fc0ec73262a6109') in 0.0055432 seconds
Start importing Assets/Art/External/KenneyUI/Vector/Green/slide_vertical_grey_section.svg using Guid(0a54d0d91ae405b449190364097d196f) (DefaultImporter) -> (artifact id: '39c6e7e697829d3016fa043ad4eee252') in 0.0050653 seconds
Start importing Assets/Art/External/KenneyUI/Vector/Grey/arrow_basic_n_small.svg using Guid(2a71b055231f8924c978d2e9581a1236) (DefaultImporter) -> (artifact id: '3a665dcfc960c7f7b322094988745119') in 0.0060471 seconds
Start importing Assets/Art/External/KenneyUI/Vector/Green/slide_vertical_grey.svg using Guid(2a1302228606b49479615f6fa13cadd1) (DefaultImporter) -> (artifact id: '76023ab0854303057b1a1e7ff9bf53fc') in 0.0053132 seconds
Start importing Assets/Art/External/KenneyUI/Vector/Red/button_square_depth_line.svg using Guid(2a75c56528a22764f84dbb74a276efe5) (DefaultImporter) -> (artifact id: '3f1e1c8247b9f5814612f70bcfbe7a95') in 0.0061139 seconds
Start importing Assets/Art/External/KenneyUI/Vector/Red/button_round_depth_line.svg using Guid(2a7cbe4a7a8d2ac49bf1410bdc1824c0) (DefaultImporter) -> (artifact id: '92a9db23b12cf2e52c08ec55de729aea') in 0.005517 seconds
Start importing Assets/Art/External/KenneyUI/Vector/Yellow/arrow_decorative_s_small.svg using Guid(2aefb718be2c29e4bb46af5cce6cea88) (DefaultImporter) -> (artifact id: 'ee88dd50ff3b7638295179eb2cd00c47') in 0.0051228 seconds
Start importing Assets/Art/External/KenneyUI/Vector/Green/check_square_grey.svg using Guid(4a56df3586d2dd541b69c64681d30fbd) (DefaultImporter) -> (artifact id: 'a2c4ea2c404ae2f47f60669467f536c5') in 0.0052654 seconds
Start importing Assets/Art/External/KenneyUI/Vector/Blue/button_rectangle_depth_flat.svg using Guid(5ade51e5303281e469b62db5e600cc3d) (DefaultImporter) -> (artifact id: 'f201f0163248acaa5171ff0d7f56bd42') in 0.0058692 seconds
Start importing Assets/Art/External/KenneyUI/Vector/Grey/arrow_basic_s.svg using Guid(6a38d4097e25fa84d913979455a255d1) (DefaultImporter) -> (artifact id: '0caf10d727d43cff32b0927f4ea8da4c') in 0.00552 seconds
Start importing Assets/Art/External/KenneyUI/Vector/Extra/icon_arrow_up_outline.svg using Guid(9a15da100aec90746911b54a5357088e) (DefaultImporter) -> (artifact id: '2100ac11bb3aa06cc4e8ad441e88a1d8') in 0.0050286 seconds
Start importing Assets/Art/External/KenneyUI/Vector/Yellow/check_square_color_checkmark.svg using Guid(9a373f8f4007e7e49964367d4d2376e7) (DefaultImporter) -> (artifact id: '5df68c8e39ee94eb1f05963da8a36fec') in 0.005437 seconds
Start importing Assets/Art/External/KenneyUI/Vector/Blue/check_round_grey_circle.svg using Guid(aa47b14c095c1894c83294cbcd763ee6) (DefaultImporter) -> (artifact id: '1ab7c8e0d77a12c1a4c4576eccab2caa') in 0.0051921 seconds
Start importing Assets/Art/External/KenneyUI/Vector/Red/slide_vertical_color.svg using Guid(aa8e983c45903a447a682f7c55d17154) (DefaultImporter) -> (artifact id: '608a21b4859a11df03ec347585ab088a') in 0.0051714 seconds
Start importing Assets/Art/External/KenneyUI/Vector/Blue/slide_horizontal_color_section.svg using Guid(aaef787d8764a8a4c9bd16bd289da3b9) (DefaultImporter) -> (artifact id: 'a86202ae37e4d90cf0b60f6c69ae04b0') in 0.005851 seconds
Start importing Assets/Art/External/KenneyUI/Vector/Blue/check_square_grey_cross.svg using Guid(ca66c9380b896404fbce33b52cb7620c) (DefaultImporter) -> (artifact id: '08c586004814167af61482923abcf189') in 0.0053215 seconds
Start importing Assets/Art/External/KenneyUI/Vector/Green/button_rectangle_flat.svg using Guid(caac770da5b3b304895269df9260126e) (DefaultImporter) -> (artifact id: '21c982c52bf6522ffa5c649551903f60') in 0.0048075 seconds
Start importing Assets/Art/External/KenneyUI/Vector/Yellow/button_rectangle_depth_border.svg using Guid(ca9d6d6ed1f073d4fb3e0b9f0d48e2bf) (DefaultImporter) -> (artifact id: '09c5d68df6825bcbc32a5871d8d608ed') in 0.0067777 seconds
Start importing Assets/Art/External/KenneyUI/Vector/Blue/arrow_decorative_n_small.svg using Guid(da90a1d91073a534d9bcc0433057cbd4) (DefaultImporter) -> (artifact id: 'cd744a44c45c73af3c3e3f012eb48f2a') in 0.0063536 seconds
Start importing Assets/Art/External/KenneyUI/Vector/Green/icon_square.svg using Guid(da3bfaf5bc3983d4e9b29689dbfae33a) (DefaultImporter) -> (artifact id: 'b2066f59d6af748c3626a344ce9a1742') in 0.0060461 seconds
Start importing Assets/Art/External/KenneyUI/Vector/Green/button_square_depth_border.svg using Guid(da6fd0da4901e1e4e97034689723e733) (DefaultImporter) -> (artifact id: '249b4511c829fe4fd111f627fcbc2fbc') in 0.0059452 seconds
Start importing Assets/Art/External/KenneyUI/Vector/Red/arrow_decorative_n_small.svg using Guid(ea213b9814cd3fa47a0ce4fb54be4116) (DefaultImporter) -> (artifact id: '38714af8997f82b456a5482245a745e1') in 0.0060876 seconds
Start importing Assets/Art/External/KenneyUI/Vector/Grey/arrow_decorative_e.svg using Guid(eadc411bd18749f4aa8654ecc094ab9f) (DefaultImporter) -> (artifact id: 'f67b32f43472d5416a3fb08c33e9b6d9') in 0.0060935 seconds
Start importing Assets/Art/External/KenneyUI/Vector/Grey/arrow_decorative_s_small.svg using Guid(fa4417d336440e146a584ac7ef8de943) (DefaultImporter) -> (artifact id: '4d5593d26b24128be950b0bc1c4793de') in 0.0052803 seconds
Start importing Assets/Art/External/KenneyUI/Vector/Green/slide_vertical_color_section_wide.svg using Guid(fa6d546a79dbada42836d397d52c37f1) (DefaultImporter) -> (artifact id: 'c0614560524bb77c9693336d0e061193') in 0.0051864 seconds
Start importing Assets/Art/External/KenneyUI/Vector/Blue/button_rectangle_flat.svg using Guid(fa7d1209890b31946b73ec9d98fca17e) (DefaultImporter) -> (artifact id: 'edb09cf6109c0d7fdd173d80c2ac92fa') in 0.005912 seconds
Start importing Assets/Art/External/KenneyUI/Vector/Blue/check_square_grey_checkmark.svg using Guid(0b2153fba8c92a14a8533aae6ab50b5f) (DefaultImporter) -> (artifact id: '9255b490951c30b0a213029bfdd06159') in 0.0052616 seconds
Start importing Assets/Art/External/KenneyUI/Vector/Blue/slide_vertical_color_section_wide.svg using Guid(0b54e4980c756ab44b9788becd3d3a2d) (DefaultImporter) -> (artifact id: 'aece97ab79e13304a73e14d8d1e268bb') in 0.0049644 seconds
Start importing Assets/Art/External/KenneyUI/Vector/Grey/button_square_border.svg using Guid(0b187459e120b554a8268a4343037b7c) (DefaultImporter) -> (artifact id: '892a980bc2d113ab15d326ed34dede4e') in 0.0063813 seconds
Start importing Assets/Art/External/KenneyUI/Vector/Green/slide_vertical_grey_section_wide.svg using Guid(0b2d79eac27c6ff4794e1e2e5489133a) (DefaultImporter) -> (artifact id: 'f23846f42468b4a187b779ca1b68575e') in 0.0055728 seconds
Start importing Assets/Art/External/KenneyUI/Vector/Extra/icon_play_outline.svg using Guid(1b48157b685a0284a8c9e5a7eb297141) (DefaultImporter) -> (artifact id: 'e68b8d7e00a464bd2823c4296796bd4a') in 0.0048985 seconds
Start importing Assets/Art/External/KenneyUI/Vector/Yellow/button_rectangle_line.svg using Guid(1b99e9e5e178cb841be21f04fb544192) (DefaultImporter) -> (artifact id: '006d66ea1eba28007e126c60dca1e6bb') in 0.0056154 seconds
Start importing Assets/Art/External/KenneyUI/Vector/Grey/button_rectangle_gloss.svg using Guid(2bd3a199fad4c53458cfc132dce54580) (DefaultImporter) -> (artifact id: 'b7f85d497f7bb628c48e9fcb26d01692') in 0.0051886 seconds
Start importing Assets/Art/External/KenneyUI/Vector/Red/arrow_decorative_e_small.svg using Guid(2b05ec28c5e1bb849879d310d0fc6bf0) (DefaultImporter) -> (artifact id: '5d6c33eef38761c5680ebb6142ed0590') in 0.0051347 seconds
Start importing Assets/Art/External/KenneyUI/Vector/Yellow/slide_vertical_grey_section_wide.svg using Guid(2b85f285982dd3e47899059c4322c984) (DefaultImporter) -> (artifact id: '4cba6fd1e27f4afc2b2c08980b75f6dd') in 0.0053509 seconds
Start importing Assets/Art/External/KenneyUI/Vector/Red/button_rectangle_depth_border.svg using Guid(2b2f745a5a6c63f42b1bd0129bf22917) (DefaultImporter) -> (artifact id: '53b1b282ec58453a7359329262946916') in 0.0054859 seconds
Start importing Assets/Art/External/KenneyUI/Vector/Green/button_square_gloss.svg using Guid(3bd9358a4cf096b4886899710718b99e) (DefaultImporter) -> (artifact id: '401d7b869eafb4735c2f97d2d27af526') in 0.0049014 seconds
Start importing Assets/Art/External/KenneyUI/Vector/Green/button_rectangle_depth_line.svg using Guid(4b56fdda638232f4e80e991c77a0bdc7) (DefaultImporter) -> (artifact id: 'f0807389759e34666035bc6a7f89ab03') in 0.0062984 seconds
Start importing Assets/Art/External/KenneyUI/Vector/Yellow/button_square_depth_gloss.svg using Guid(5b234c44e65a7864ab72af0ce05edbf5) (DefaultImporter) -> (artifact id: '923086fbbd270c862b55f3acf12f6aa4') in 0.0055867 seconds
Start importing Assets/Art/External/KenneyUI/Vector/Blue/button_square_flat.svg using Guid(5bb898deb3729c14c848566ced24ed04) (DefaultImporter) -> (artifact id: 'f3efbb9e0ad9795d343a6df5d9c106bd') in 0.0051154 seconds
Start importing Assets/Art/External/KenneyUI/Vector/Blue/icon_square.svg using Guid(5ba9a862e8e31f64d9dc5489c2750235) (DefaultImporter) -> (artifact id: '12c1f83bd578b66dee38f12bb819fbf6') in 0.0064046 seconds
Start importing Assets/Art/External/KenneyUI/Vector/Red/button_square_border.svg using Guid(6b204486891b5dd42ace983290b52a2d) (DefaultImporter) -> (artifact id: '893017600818ad9781411df1e46abc3c') in 0.0052277 seconds
Start importing Assets/Art/External/KenneyUI/Vector/Red/button_round_depth_border.svg using Guid(6b86f3b8a053e034cb69349b00a230e2) (DefaultImporter) -> (artifact id: '22d458ac47dcd2ab4e66fa44a0880d20') in 0.0052861 seconds
Start importing Assets/Art/External/KenneyUI/Vector/Yellow/arrow_basic_e.svg using Guid(7b351cb0da975e943a8a60e1068567a8) (DefaultImporter) -> (artifact id: '1cc345c533af9e10be61553c0291af52') in 0.0055358 seconds
Start importing Assets/Art/External/KenneyUI/Vector/Yellow/arrow_decorative_n.svg using Guid(7b66e6091283ce64bae472b1b7196039) (DefaultImporter) -> (artifact id: 'a565898ace911d8856bc76d298d0898e') in 0.0050661 seconds
Start importing Assets/Art/External/KenneyUI/Vector/Blue/button_round_depth_border.svg using Guid(8bd783cd3cbf1bf4597104b21ba415ec) (DefaultImporter) -> (artifact id: '0842113da101d1079aac89c48f3832e1') in 0.005261 seconds
Start importing Assets/Art/External/KenneyUI/Vector/Red/icon_circle.svg using Guid(abac1c167ec2fee46bf9a33d1dcedb4b) (DefaultImporter) -> (artifact id: 'd3fe18758677f2184a85f7862224b878') in 0.0060898 seconds
Start importing Assets/Art/External/KenneyUI/Vector/Red/arrow_basic_s_small.svg using Guid(bb129076aed96d24dbd2f547087f7a0f) (DefaultImporter) -> (artifact id: '6f14606e70f3750a3152a87fd34cd00a') in 0.0057275 seconds
Start importing Assets/Art/External/KenneyUI/Vector/Green/check_round_color.svg using Guid(bba4e1f136813394c9d60d5c311b5e42) (DefaultImporter) -> (artifact id: '3dd879ab7bd9410a92b5b49de4d607d6') in 0.0051965 seconds
Start importing Assets/Art/External/KenneyUI/Vector/Yellow/arrow_decorative_w_small.svg using Guid(cb60711afdb848e479d5d078524fa712) (DefaultImporter) -> (artifact id: '3787b51a0cb48d2fade5ae001027cd1f') in 0.0058256 seconds
Start importing Assets/Art/External/KenneyUI/Vector/Yellow/button_square_line.svg using Guid(cba9d1e9f3e66924f8f9995aae25304f) (DefaultImporter) -> (artifact id: '66725090a1b6309920de7bdd46e39108') in 0.004944 seconds
Start importing Assets/Art/External/KenneyUI/Vector/Grey/button_rectangle_depth_flat.svg using Guid(cb9ac7f86eb27ca43abad0583e2e80df) (DefaultImporter) -> (artifact id: '261e729947f42fd2d8afe8b5ef1d87e2') in 0.0057155 seconds
Start importing Assets/Art/External/KenneyUI/Vector/Red/check_square_grey_cross.svg using Guid(cbec9aa24acf7c24e91562ac0e004a4e) (DefaultImporter) -> (artifact id: '254c489c500a3fd4d3863ce778aaf1bd') in 0.0057241 seconds
Start importing Assets/Art/External/KenneyUI/Vector/Grey/icon_square.svg using Guid(cb1f49a5091372c4b9e6dd875a49a146) (DefaultImporter) -> (artifact id: '621964e9b640e87bc562b24b67646553') in 0.0054907 seconds
Start importing Assets/Art/External/KenneyUI/Vector/Grey/star.svg using Guid(db87a593c349a1e4e95efad3630f0d82) (DefaultImporter) -> (artifact id: 'ede92338e38588af816a61e4edfad28d') in 0.006573 seconds
Start importing Assets/Art/External/KenneyUI/Vector/Blue/slide_hangle.svg using Guid(db4a06dfdf9591c4a9ef871afc8ec348) (DefaultImporter) -> (artifact id: 'c51ba1cf09aca3a0e3ad71e6cd0a254a') in 0.0053642 seconds
Start importing Assets/Art/External/KenneyUI/Vector/Yellow/button_round_depth_line.svg using Guid(eb3949b62d690844ea1686ca778aaffd) (DefaultImporter) -> (artifact id: 'd7e78614370967404f1058341765b960') in 0.0059364 seconds
Start importing Assets/Art/External/KenneyUI/Vector/Grey/arrow_basic_e_small.svg using Guid(0c1be410efe38ed4da7ee01ece2d5df5) (DefaultImporter) -> (artifact id: 'f50ca4cd014cf91ccff5d66f0ee1a7a2') in 0.0068603 seconds
Start importing Assets/Art/External/KenneyUI/Vector/Yellow/arrow_basic_w_small.svg using Guid(1c811a0f774642d4788e0f9bc8fe633d) (DefaultImporter) -> (artifact id: '0803a4f002845aeafb9d54dca2f0a68c') in 0.0054224 seconds
Start importing Assets/Art/External/KenneyUI/Vector/Red/button_round_depth_flat.svg using Guid(1c1c2937a6327874ab2dc15dd2bb0df7) (DefaultImporter) -> (artifact id: 'df924dd3b08aa4e389cff587cdd02408') in 0.0050834 seconds
Start importing Assets/Art/External/KenneyUI/Vector/Grey/slide_horizontal_grey_section_wide.svg using Guid(2c73e37a3da2a6445b0823646c3a7b95) (DefaultImporter) -> (artifact id: 'ce0d31ca0a92e101d32025c396a883ac') in 0.0062617 seconds
Start importing Assets/Art/External/KenneyUI/Vector/Green/button_square_flat.svg using Guid(2c1905e03f95ee842a3754b5e04ffc7b) (DefaultImporter) -> (artifact id: '9c70e9995839041fc1b990850b6814f8') in 0.0053939 seconds
Start importing Assets/Art/External/KenneyUI/Vector/Grey/button_rectangle_border.svg using Guid(2c6a572920adb7d4c94fc3af5514f81f) (DefaultImporter) -> (artifact id: '8d01fa877f3a01a5264dd17b683a14d0') in 0.0049596 seconds
Start importing Assets/Art/External/KenneyUI/Vector/Red/button_rectangle_flat.svg using Guid(3cf0e97c95eb7fc439a4513a09edbc86) (DefaultImporter) -> (artifact id: '89c0475a724b3a021b1f8a6ea6d73049') in 0.0064889 seconds
Start importing Assets/Art/External/KenneyUI/Vector/Yellow/check_square_color.svg using Guid(3cf47eec416f0284dbd2e1c932ee1291) (DefaultImporter) -> (artifact id: '5312c4af11d076081b9b527b4a6b39b2') in 0.0065125 seconds
Start importing Assets/Art/External/KenneyUI/Vector/Grey/button_rectangle_depth_gloss.svg using Guid(3cf53ecb1846ca044907e6425a59d9a9) (DefaultImporter) -> (artifact id: 'e03023dd570bc4633ad0603ada1a73c0') in 0.0069457 seconds
Start importing Assets/Art/External/KenneyUI/Vector/Green/arrow_decorative_n.svg using Guid(3c6f01a0d8c997a46849c13652e1cbe9) (DefaultImporter) -> (artifact id: '79ab3df84dc3ed9cfbe203606b053dbf') in 0.0059348 seconds
Start importing Assets/Art/External/KenneyUI/Vector/Yellow/slide_vertical_color_section.svg using Guid(3cff27c8b118d0249aa70ce5c9dd6b88) (DefaultImporter) -> (artifact id: '1b4d77b310db7acdfc50d70a98d6875c') in 0.0057027 seconds
Start importing Assets/Art/External/KenneyUI/Vector/Extra/button_square_depth_line.svg using Guid(4ce3c4131b7ceef41aaefc31c5e40663) (DefaultImporter) -> (artifact id: '9efc7c4c7f549b4465bcd1a3609a84fe') in 0.0058485 seconds
Start importing Assets/Art/External/KenneyUI/Vector/Grey/icon_checkmark.svg using Guid(4c257885963ec25419dbc44c224c79b8) (DefaultImporter) -> (artifact id: 'cf1ba3c01f13a7b24cac4e5fd236d5ac') in 0.0056804 seconds
Start importing Assets/Art/External/KenneyUI/Vector/Yellow/arrow_basic_w.svg using Guid(4cef421176d0e5f478f9c55b00e444ee) (DefaultImporter) -> (artifact id: '738ba09a036e9e08203d8b1f707e5712') in 0.0056295 seconds
Start importing Assets/Art/External/KenneyUI/Vector/Blue/slide_horizontal_grey_section.svg using Guid(5c7cfd6dae5344e4bb1047a43b42907d) (DefaultImporter) -> (artifact id: '30e215c718a5ef9f76e54c991095e894') in 0.0070241 seconds
Start importing Assets/Art/External/KenneyUI/Vector/Red/arrow_decorative_w.svg using Guid(5c8f8f9543f7fb448b392c9721699f25) (DefaultImporter) -> (artifact id: 'cc1736a687e896c8c562e45df32a4244') in 0.0068904 seconds
Start importing Assets/Art/External/KenneyUI/Vector/Yellow/button_round_depth_gradient.svg using Guid(6c2f2f72f67cd8847b8766e717c02313) (DefaultImporter) -> (artifact id: '6040f26f1e3b2a7d75901050eee02f93') in 0.0060567 seconds
Start importing Assets/Art/External/KenneyUI/Vector/Grey/button_square_depth_flat.svg using Guid(7c601792df5800e4a8d9a3ad28f69fd5) (DefaultImporter) -> (artifact id: '9bb73916efc4b7ae6c8bcfed2c9dc255') in 0.0067564 seconds
Start importing Assets/Art/External/KenneyUI/Vector/Green/slide_horizontal_grey_section_wide.svg using Guid(7c023a1eec72aee40a4965b4e8d799ed) (DefaultImporter) -> (artifact id: '49027d405c7e1bd11e448d885aa269cf') in 0.0077012 seconds
Start importing Assets/Art/External/KenneyUI/Vector/Green/slide_horizontal_color_section.svg using Guid(8c31de894d5920045b310feb53b91d23) (DefaultImporter) -> (artifact id: '0457722375d87670518ebdbf9a688b6b') in 0.0068753 seconds
Start importing Assets/Art/External/KenneyUI/Vector/Red/button_round_gradient.svg using Guid(8c2b86de90c6d714f99ed8ac390094dd) (DefaultImporter) -> (artifact id: '7467867733b28f9ced4a4aeed7268c70') in 0.0068689 seconds
Start importing Assets/Art/External/KenneyUI/Vector/Red/button_square_gradient.svg using Guid(9c7848ba16d49664f982755de0ba5af5) (DefaultImporter) -> (artifact id: 'ec04a97310bd9acdfd560a2b62acc17d') in 0.0070145 seconds
Start importing Assets/Art/External/KenneyUI/Vector/Grey/arrow_basic_s_small.svg using Guid(acf20995e5ebc704ead21ff43a87dad8) (DefaultImporter) -> (artifact id: 'e8710702b52bffe041e2e8021adb285f') in 0.0061517 seconds
Start importing Assets/Art/External/KenneyUI/Vector/Yellow/button_rectangle_depth_gloss.svg using Guid(acde8438668a98a4db1d3f5d965bbc2a) (DefaultImporter) -> (artifact id: '337342f3a6a1a9f70d45de33f429c507') in 0.0062211 seconds
Start importing Assets/Art/External/KenneyUI/Vector/Yellow/button_round_gloss.svg using Guid(bc80c781411603749bdc770cce97bd19) (DefaultImporter) -> (artifact id: 'bf0b54e3d283b3d2b17a0de8a1f598ab') in 0.006113 seconds
Start importing Assets/Art/External/KenneyUI/Vector/Blue/button_rectangle_depth_gloss.svg using Guid(bcf79f9667cd1dc4fab4ed74b01ed444) (DefaultImporter) -> (artifact id: '72eaa6ba12e90e3185a4bbbc0f7da4a3') in 0.0059142 seconds
Start importing Assets/Art/External/KenneyUI/Vector/Green/slide_horizontal_color_section_wide.svg using Guid(bccc078074aac2a4592f478771f8f49c) (DefaultImporter) -> (artifact id: '44cae10fa4b6c3a55d4cdf5542ee73d2') in 0.0070594 seconds
Start importing Assets/Art/External/KenneyUI/Vector/Red/button_round_line.svg using Guid(ccbeab1a19831584c8447b7e40a9417a) (DefaultImporter) -> (artifact id: '2be45949997654b37194c9a0e7976613') in 0.0065148 seconds
Start importing Assets/Art/External/KenneyUI/Vector/Yellow/slide_vertical_grey_section.svg using Guid(dccf021f284181b4ba1e2d58ed65fcff) (DefaultImporter) -> (artifact id: '9bfd57638d3c320e73349a8aef39acd2') in 0.0064594 seconds
Start importing Assets/Art/External/KenneyUI/Vector/Green/check_square_color_cross.svg using Guid(fc738ceb6357f1b469ad074ccf57b54f) (DefaultImporter) -> (artifact id: '2fac52c36a59a315e9287f7703260914') in 0.006309 seconds
Start importing Assets/Art/External/KenneyUI/Vector/Green/arrow_basic_s_small.svg using Guid(fc55f4ee8fe83bb4fb2d1cffb6ec33fd) (DefaultImporter) -> (artifact id: '20b7656f3d9173b6af03b48c7bb40a03') in 0.0056849 seconds
Start importing Assets/Art/External/KenneyUI/Vector/Grey/star_outline_depth.svg using Guid(fc952791084b76c4f868220bef46cad6) (DefaultImporter) -> (artifact id: '66b748640f4ce6bb260ff994081b1861') in 0.0066322 seconds
Start importing Assets/Art/External/KenneyUI/Vector/Blue/slide_vertical_color_section.svg using Guid(0dc7abf20086e984c980dee5527cd1af) (DefaultImporter) -> (artifact id: '088160b8e91e5e527640d0b7760e33a6') in 0.0060128 seconds
Start importing Assets/Art/External/KenneyUI/Vector/Red/arrow_basic_s.svg using Guid(0df915db895bd6a40a6c686ab53cce14) (DefaultImporter) -> (artifact id: 'a1b61decca8daaac3dce080ca1ae5d15') in 0.0064013 seconds
Start importing Assets/Art/External/KenneyUI/Vector/Grey/check_round_color.svg using Guid(0debfe86f96e607458a07dab23c86350) (DefaultImporter) -> (artifact id: '476fb94670287377ee0bc9be707adf57') in 0.0061579 seconds
Start importing Assets/Art/External/KenneyUI/Vector/Blue/check_square_color_checkmark.svg using Guid(1d706a882e10865478340cd3e6b769ac) (DefaultImporter) -> (artifact id: '6a7276c2e024039d37677835e1ec21dd') in 0.0056071 seconds
Start importing Assets/Art/External/KenneyUI/Vector/Green/check_square_color_square.svg using Guid(2d2ab922c520b9a40a3537ba4560ffc7) (DefaultImporter) -> (artifact id: '73e239b2a0f954aadd59e6b6773ade22') in 0.0057968 seconds
Start importing Assets/Art/External/KenneyUI/Vector/Blue/button_rectangle_line.svg using Guid(2dac69c885c55e34489b2f08db848d61) (DefaultImporter) -> (artifact id: 'c798f9fd2545c8757a22f686aa1ad56c') in 0.0059774 seconds
Start importing Assets/Art/External/KenneyUI/Vector/Blue/arrow_basic_w_small.svg using Guid(2d9eeb7bd493ca8498b80b4fae55d513) (DefaultImporter) -> (artifact id: 'a5269db9bd9e7a20b7bb1b804cab1f1d') in 0.0061023 seconds
Start importing Assets/Art/External/KenneyUI/Vector/Red/button_round_gloss.svg using Guid(3dbcc17b0efff1e4fad19a19827eec8a) (DefaultImporter) -> (artifact id: '98acf6e1965012fe77c5a021e8949429') in 0.0063483 seconds
Start importing Assets/Art/External/KenneyUI/Vector/Red/slide_vertical_grey_section_wide.svg using Guid(4da5e720fe0ee9d4aac7bb75ab5b1ea3) (DefaultImporter) -> (artifact id: '14c14cf64658080e6c4948b284d2889c') in 0.0056681 seconds
Start importing Assets/Art/External/KenneyUI/Vector/Green/check_round_grey_circle.svg using Guid(4d8f341549f0dd4468ad317e646c843c) (DefaultImporter) -> (artifact id: 'ff8f9cbe455ee473ffcee6414fb56930') in 0.0062553 seconds
Start importing Assets/Art/External/KenneyUI/Vector/Yellow/check_round_grey.svg using Guid(6d107dcbb4caeed41878c233d8abfe3e) (DefaultImporter) -> (artifact id: '3d795b68f7ca13e9d4c60b7bfbeb7acd') in 0.0066061 seconds
Start importing Assets/Art/External/KenneyUI/Vector/Green/button_square_depth_gloss.svg using Guid(6d87759adb5196b4d810406ed0a7dcfc) (DefaultImporter) -> (artifact id: '8447115703817032365d57436035a866') in 0.0057108 seconds
Start importing Assets/Art/External/KenneyUI/Vector/Yellow/button_square_gloss.svg using Guid(7d626a7f1ce7d2546a506fdc533ab677) (DefaultImporter) -> (artifact id: '0b54e636e7402843dbda0c957d494c95') in 0.0054685 seconds
Start importing Assets/Art/External/KenneyUI/Vector/Blue/button_round_depth_line.svg using Guid(8defc7fc6ffd920439146daa3ba4b782) (DefaultImporter) -> (artifact id: '4ea145254d07e829d503af7c5a82aa6b') in 0.0060226 seconds
Start importing Assets/Art/External/KenneyUI/Vector/Green/arrow_basic_n_small.svg using Guid(9d2299fb62dc5e542abfcf7eed8dbd3f) (DefaultImporter) -> (artifact id: '023753edb9c49fb5219d90deea8550c6') in 0.0068402 seconds
Start importing Assets/Art/External/KenneyUI/Vector/Yellow/slide_vertical_grey.svg using Guid(bdb1e51fa36bbb048bc8fb1259c802a5) (DefaultImporter) -> (artifact id: 'a8cf7cc51ee90da69b8d3eee2b391e96') in 0.0066802 seconds
Start importing Assets/Art/External/KenneyUI/Vector/Green/arrow_decorative_e_small.svg using Guid(bd02bec7d89661d4e9b43edde3021729) (DefaultImporter) -> (artifact id: 'a268f34523d33d7b83574b928e47a7e1') in 0.005912 seconds
Start importing Assets/Art/External/KenneyUI/Vector/Grey/button_square_depth_gradient.svg using Guid(bd77d6ee9425eaf439b0ec95f81d97f9) (DefaultImporter) -> (artifact id: '80ba5d1f03859761aa35d32af92234f3') in 0.0054241 seconds
Start importing Assets/Art/External/KenneyUI/Vector/Red/arrow_decorative_w_small.svg using Guid(bdbc9f05f2426fc47bcf2b4eac2e5afd) (DefaultImporter) -> (artifact id: '08efd6716261301a853a6f9f7595025c') in 0.0066726 seconds
Start importing Assets/Art/External/KenneyUI/Vector/Grey/button_square_gradient.svg using Guid(bddd23de4aef07345b08151b42d77622) (DefaultImporter) -> (artifact id: '8189f002719731502a022627306d3d11') in 0.006133 seconds
Start importing Assets/Art/External/KenneyUI/Vector/Yellow/icon_outline_circle.svg using Guid(cdc00a1c7cdb2684f9c5483eabae73d5) (DefaultImporter) -> (artifact id: '354a9484ca79259dc0f91d4e41270801') in 0.0061394 seconds
Start importing Assets/Art/External/KenneyUI/Vector/Green/check_square_grey_square.svg using Guid(cd3362ef43d73b6478e826026ace16fc) (DefaultImporter) -> (artifact id: 'a2fd250d56eeff4e7b1ef6b8123d074b') in 0.0059817 seconds
Start importing Assets/Art/External/KenneyUI/Vector/Yellow/slide_horizontal_grey_section.svg using Guid(cda5947def340cc46abbd95ece1ac908) (DefaultImporter) -> (artifact id: '0a2bb79a4ec84650f6c5a6ae7c7380c3') in 0.0058032 seconds
Start importing Assets/Art/External/KenneyUI/Vector/Red/button_rectangle_border.svg using Guid(cd28737ddaadeb943afd7b4499631428) (DefaultImporter) -> (artifact id: '62ab9e8c01efbde038738096e104a928') in 0.0064153 seconds
Start importing Assets/Art/External/KenneyUI/Vector/Green/check_round_round_circle.svg using Guid(cd5d3abbd87c7064bb5e509dd75dbeee) (DefaultImporter) -> (artifact id: '7dc7997d20413d74bacf14e17408e099') in 0.0058399 seconds
Start importing Assets/Art/External/KenneyUI/Vector/Blue/icon_checkmark.svg using Guid(dde614cab4322504f977ea313dba5a67) (DefaultImporter) -> (artifact id: '5aab3cf782b876e633bb5e559b97ca20') in 0.0069375 seconds
Start importing Assets/Art/External/KenneyUI/Vector/Green/star.svg using Guid(dd87d40880aecc24caef4031e10e10a0) (DefaultImporter) -> (artifact id: 'd7cac38947cdd215e39dc4d16b2959a4') in 0.0075715 seconds
Start importing Assets/Art/External/KenneyUI/Vector/Blue/button_rectangle_depth_gradient.svg using Guid(ed105e0e3deacfc4e8bffb22a89b4508) (DefaultImporter) -> (artifact id: '7a9d9858ae0ee4850650988129e2f244') in 0.0069579 seconds
Start importing Assets/Art/External/KenneyUI/Vector/Extra/icon_repeat_outline.svg using Guid(ed96ba3daa479ae42b219912106a5a81) (DefaultImporter) -> (artifact id: '21c31dbbb9ed492dc8dec0e1089884ed') in 0.0072937 seconds
Start importing Assets/Art/External/KenneyUI/Vector/Red/check_round_color.svg using Guid(ed2ceabc2ecff65489c15a8ed0dada87) (DefaultImporter) -> (artifact id: '2006afb75ff4ec57a0fefca2259d17cc') in 0.0064987 seconds
Start importing Assets/Art/External/KenneyUI/Vector/Red/slide_horizontal_grey.svg using Guid(fd7bcc0889e55ad43b8530cea31c88d8) (DefaultImporter) -> (artifact id: 'a83f42acf33484dbddf5e875c58934cd') in 0.0063207 seconds
Start importing Assets/Art/External/KenneyUI/Vector/Extra/button_round_depth_line.svg using Guid(0eb413fb1b2cac04a88bc93f692d56f9) (DefaultImporter) -> (artifact id: '1e8b509cfb60507f9e039335e69381c3') in 0.0064952 seconds
Start importing Assets/Art/External/KenneyUI/Vector/Red/slide_horizontal_color_section_wide.svg using Guid(0e6e49bb887b813449f49ddc5cf3252c) (DefaultImporter) -> (artifact id: 'd815a6a0f658e6bd03fe7279ab5eb607') in 0.0060371 seconds
Start importing Assets/Art/External/KenneyUI/Vector/Yellow/button_round_border.svg using Guid(1ef3da70e895e7844a501f2f0e2a7e4c) (DefaultImporter) -> (artifact id: 'a507c09970d16b4e13716cf8a6bdb464') in 0.0067183 seconds
Start importing Assets/Art/External/KenneyUI/Vector/Grey/slide_horizontal_grey.svg using Guid(2e62fa064d2ac5549ba901f91cc9f686) (DefaultImporter) -> (artifact id: '0ca6f0547d87b41be4559de791960897') in 0.0059722 seconds
Start importing Assets/Art/External/KenneyUI/Vector/Red/check_square_grey.svg using Guid(2e829de5eab7d424c93af53184285244) (DefaultImporter) -> (artifact id: 'dd4423af16e97b8071dd696ad59144b9') in 0.0062756 seconds
Start importing Assets/Art/External/KenneyUI/Vector/Yellow/button_rectangle_gloss.svg using Guid(3ef4b1d65c484cd489f750f36377787b) (DefaultImporter) -> (artifact id: '7d0a7ba0921fe145d41ca74236facde9') in 0.0062324 seconds
Start importing Assets/Art/External/KenneyUI/Vector/Green/arrow_decorative_s.svg using Guid(3e987f1ec10ecf446853288b9f29bb84) (DefaultImporter) -> (artifact id: '9fb53961620ababdf054ae22afabd5a2') in 0.0061547 seconds
Start importing Assets/Art/External/KenneyUI/Vector/Red/button_rectangle_depth_flat.svg using Guid(4e251827d2db255428ad7f75193865eb) (DefaultImporter) -> (artifact id: '4977cea9a58415132b1437b827bbe3dc') in 0.0068048 seconds
Start importing Assets/Art/External/KenneyUI/Vector/Blue/button_round_border.svg using Guid(4e7ad7619bb881f46b9f89d7cf06ff08) (DefaultImporter) -> (artifact id: '23debf452adeaaa139992ec5b51f185e') in 0.006016 seconds
Start importing Assets/Art/External/KenneyUI/Vector/Grey/button_round_border.svg using Guid(4eff69a34d5946747800cbfb8e304963) (DefaultImporter) -> (artifact id: 'b53abe62a9102a22d94bb4c7b87cdb62') in 0.0059288 seconds
Start importing Assets/Art/External/KenneyUI/Vector/Extra/button_rectangle_line.svg using Guid(5e49cb7a5699d104aaad4e543d3b3030) (DefaultImporter) -> (artifact id: '92188e8ba7144acc2c0b798d919ec985') in 0.006312 seconds
Start importing Assets/Art/External/KenneyUI/Vector/Red/button_rectangle_depth_gradient.svg using Guid(5efa5f7d5e8b90744a0676910ac53021) (DefaultImporter) -> (artifact id: 'a0031496f3b8899273fb10db60e60464') in 0.0061948 seconds
Start importing Assets/Art/External/KenneyUI/Vector/Blue/slide_vertical_grey.svg using Guid(5ebe587c69c835544bb7ee8e60ea6f4c) (DefaultImporter) -> (artifact id: '86228ac06facccf4877cf45e8997297b') in 0.0065905 seconds
Start importing Assets/Art/External/KenneyUI/Vector/Yellow/slide_horizontal_color_section_wide.svg using Guid(7eb4b25d278f31340bc4d2e06c1d89e7) (DefaultImporter) -> (artifact id: 'd5b3a331ece27d7e0b05f85cc702dabd') in 0.0061785 seconds
Start importing Assets/Art/External/KenneyUI/Vector/Yellow/icon_cross.svg using Guid(7ef480091889f0e41bba6ab140e3e4d8) (DefaultImporter) -> (artifact id: '8fca2a7ad71b2f0d61af159271bedfca') in 0.0061487 seconds
Start importing Assets/Art/External/KenneyUI/Vector/Red/arrow_basic_e.svg using Guid(7ef651bd85cd61f4fbd1f6710e0bf4ba) (DefaultImporter) -> (artifact id: '3e0b58ab786c4ee617615b03a9eedd71') in 0.0072204 seconds
Start importing Assets/Art/External/KenneyUI/Vector/Red/button_round_border.svg using Guid(7eea12bf6a745e54cb09365e26acdf86) (DefaultImporter) -> (artifact id: 'e4ab0c06675e668ac51eb4dc33ee5f34') in 0.0062816 seconds
Start importing Assets/Art/External/KenneyUI/Vector/Green/button_rectangle_depth_gloss.svg using Guid(8e7a2c36bc109e847b8bdaca56e9554b) (DefaultImporter) -> (artifact id: '48e6e2add8f245272e4259a4f5912fb5') in 0.0061425 seconds
Start importing Assets/Art/External/KenneyUI/Vector/Green/arrow_basic_e_small.svg using Guid(9e1819379f6ddbf4a85d36bb2ae72bdf) (DefaultImporter) -> (artifact id: 'cb78b72c4680ee90a0a3aa24d81baaa1') in 0.0060147 seconds
Start importing Assets/Art/External/KenneyUI/Vector/Blue/slide_horizontal_grey_section_wide.svg using Guid(ae88bbff7739d7041ab4b2f134e8a7ca) (DefaultImporter) -> (artifact id: '0c3d51f7caf4fa9785e32008bd631a80') in 0.005348 seconds
Start importing Assets/Art/External/KenneyUI/Vector/Grey/arrow_basic_w.svg using Guid(aeaaa4aeec6d24c4f8d2ec10c9e2c977) (DefaultImporter) -> (artifact id: 'c9d0495eb7b6bb4ad1e8851aa70e3ec4') in 0.0057276 seconds
Start importing Assets/Art/External/KenneyUI/Vector/Red/button_round_depth_gloss.svg using Guid(ae2ec41c98cbf5447b69f918094e10d0) (DefaultImporter) -> (artifact id: 'fb54edcecec5b7fea284f67e965cd575') in 0.0054069 seconds
Start importing Assets/Art/External/KenneyUI/Vector/Grey/slide_vertical_color_section_wide.svg using Guid(be768359e78f50f4fae205a218561bae) (DefaultImporter) -> (artifact id: '0c1d2f0eb07c6a7fa2d423ad6be9208f') in 0.0060893 seconds
Start importing Assets/Art/External/KenneyUI/Vector/Yellow/check_square_grey_square.svg using Guid(be0b4dc539978274fa16ddc6b574f615) (DefaultImporter) -> (artifact id: '955e9eaceea3042b61483cc47e90a5e1') in 0.0059358 seconds
Start importing Assets/Art/External/KenneyUI/Vector/Blue/arrow_decorative_s.svg using Guid(ce8c66dd8a172334881d236f3f3da986) (DefaultImporter) -> (artifact id: '90145967b866ee2a997ff1b934fed49d') in 0.0053674 seconds
Start importing Assets/Art/External/KenneyUI/Vector/Blue/check_square_color_square.svg using Guid(ee38cdd06b507284fa7b74c63bfcc56a) (DefaultImporter) -> (artifact id: '18fef0fdc5d79ae344dec2705bf0b3d5') in 0.0050526 seconds
Start importing Assets/Art/External/KenneyUI/Vector/Red/button_round_flat.svg using Guid(ee480f07e1391e24797fe650327b7bac) (DefaultImporter) -> (artifact id: 'b367057a74a4f01f8974c3de94eb436f') in 0.0061004 seconds
Start importing Assets/Art/External/KenneyUI/Vector/Red/button_square_gloss.svg using Guid(ee2bfa593b3d780489694b454508f0d5) (DefaultImporter) -> (artifact id: '7bfd7ee3b6a6e94fb78a3734f83aa004') in 0.0055532 seconds
Start importing Assets/Art/External/KenneyUI/Vector/Grey/button_square_depth_border.svg using Guid(fe68f6461ad11aa49bb0a7bb5846948c) (DefaultImporter) -> (artifact id: 'c12376b71291a23f82cfd4e92f73d8a5') in 0.0128027 seconds
Start importing Assets/Art/External/KenneyUI/Vector/Red/button_square_depth_gradient.svg using Guid(0fd11b1993b1afe4ca5f2e838ff1dd87) (DefaultImporter) -> (artifact id: '8b8ea90259145efc38c9119817fd1799') in 0.0089157 seconds
Start importing Assets/Art/External/KenneyUI/Vector/Yellow/button_round_depth_border.svg using Guid(0f957979b017a9b499b847e5a64df8b0) (DefaultImporter) -> (artifact id: '5c739d0bd22bfb47f8c35d005ed92aa6') in 0.0069981 seconds
Start importing Assets/Art/External/KenneyUI/Vector/Blue/icon_outline_checkmark.svg using Guid(0ffe025fc313f4047ac7ce981d3e2416) (DefaultImporter) -> (artifact id: 'a47076f5726a1ae54b40f7f332cd3364') in 0.0055287 seconds
Start importing Assets/Art/External/KenneyUI/Vector/Grey/button_rectangle_flat.svg using Guid(1f6337fb18d4d1b4194ca6fdebc865ec) (DefaultImporter) -> (artifact id: '5f2f5df1fcfc7cacf04bdbde79b8c691') in 0.0053509 seconds
Start importing Assets/Art/External/KenneyUI/Vector/Red/check_square_color_square.svg using Guid(2f84b0d635e1c694d9f7a10307836705) (DefaultImporter) -> (artifact id: '6f934ef3bf4d41a4d51deb544036b223') in 0.005851 seconds
Start importing Assets/Art/External/KenneyUI/Vector/Green/arrow_decorative_s_small.svg using Guid(2f45ae43f4bac24428347fc7a2f9c6ea) (DefaultImporter) -> (artifact id: 'abfb44b6d8e43377690f2ebe7673c526') in 0.0051006 seconds
Start importing Assets/Art/External/KenneyUI/Vector/Red/icon_outline_cross.svg using Guid(2fd571ef6286ae54dbd9ff9b4487191b) (DefaultImporter) -> (artifact id: '5cedbc3549a374fae96ed85579ca039b') in 0.00508 seconds
Start importing Assets/Art/External/KenneyUI/Vector/Yellow/button_round_depth_flat.svg using Guid(2fa8c3689e72ca5468c9b8a3ff7d2e3f) (DefaultImporter) -> (artifact id: 'db62bcf0736606dffbb4efb8018e6097') in 0.0058617 seconds
Start importing Assets/Art/External/KenneyUI/Vector/Green/button_square_depth_line.svg using Guid(2f5fbbf690a415349b5bfa92dfa6d9f0) (DefaultImporter) -> (artifact id: 'c6b5e20c11665d966042c3f2785c62f0') in 0.0052501 seconds
Start importing Assets/Art/External/KenneyUI/Vector/Green/button_round_depth_gloss.svg using Guid(4f094c96fd7e76849801a03f371ec2fe) (DefaultImporter) -> (artifact id: 'abdef211cd63f6ee92c6b81d51d179a5') in 0.0053457 seconds
Start importing Assets/Art/External/KenneyUI/Vector/Blue/check_square_grey.svg using Guid(4f1af06e5ee33de4ca19a6b10c05541b) (DefaultImporter) -> (artifact id: 'be9a6c350e5257896cf206a794f79901') in 0.0053383 seconds
Start importing Assets/Art/External/KenneyUI/Vector/Blue/slide_horizontal_color.svg using Guid(5f8ec74ef7e41ea46b3991855252bae5) (DefaultImporter) -> (artifact id: '6f309c878da57e8c90c1ad175d22d986') in 0.0054969 seconds
Start importing Assets/Art/External/KenneyUI/Vector/Extra/icon_arrow_up_dark.svg using Guid(6f714ebfa692a4a4490253feb67c890a) (DefaultImporter) -> (artifact id: 'f6f61a4a4cb8438b4bf0166d3317ad12') in 0.0049455 seconds
Start importing Assets/Art/External/KenneyUI/Vector/Blue/check_square_color_cross.svg using Guid(6f4cbcebefaa2894ab33d3c1321e4029) (DefaultImporter) -> (artifact id: 'aba75f617b6b0507286d7f38fc54e6c5') in 0.0059615 seconds
Start importing Assets/Art/External/KenneyUI/Vector/Blue/button_square_depth_gradient.svg using Guid(af856a563f224334ab2c8f2c55741843) (DefaultImporter) -> (artifact id: 'cdc167555d592d33e90b2afb2dc78e2f') in 0.0053038 seconds
Start importing Assets/Art/External/KenneyUI/Vector/Blue/button_round_depth_flat.svg using Guid(af3db5ec0a9fee84798b9dac5c729955) (DefaultImporter) -> (artifact id: '14d687350f6627ed54b7df7001689721') in 0.005021 seconds
Start importing Assets/Art/External/KenneyUI/Vector/Yellow/slide_horizontal_color_section.svg using Guid(bf49eeeec75252c43846ea8598ce8961) (DefaultImporter) -> (artifact id: '6284959c2ba27252a63bc6dd6d0ef3bb') in 0.0060175 seconds
Start importing Assets/Art/External/KenneyUI/Vector/Grey/check_square_grey_cross.svg using Guid(cfe840031ee56b14aba5304a5fd05c98) (DefaultImporter) -> (artifact id: '6d1a8cac04425ecae5d303223360ac8e') in 0.0050443 seconds
Start importing Assets/Art/External/KenneyUI/Vector/Yellow/slide_vertical_color_section_wide.svg using Guid(dfc01df85f481f9478d0b328bde133fe) (DefaultImporter) -> (artifact id: '728ef23fda52ffac354b57d7741455ba') in 0.0053585 seconds
Start importing Assets/Art/External/KenneyUI/Vector/Grey/icon_circle.svg using Guid(dfef505660e1c0b4aaa2321bd0ebbcc9) (DefaultImporter) -> (artifact id: '899377ffe461173a7be333b189960044') in 0.0056873 seconds
Start importing Assets/Art/External/KenneyUI/Vector/Yellow/button_square_gradient.svg using Guid(ff5556dfa47f29d4abaf7f5af67d57c0) (DefaultImporter) -> (artifact id: '08f0fd2da9901ca40c2c71e0177e5b55') in 0.0056178 seconds
Start importing Assets/Art/External/KenneyUI/PNG/Green/Default/button_round_depth_border.png using Guid(00157ad956c3b5a4fb19414db146ba7a) (TextureImporter) -> (artifact id: '038b1a5e8e7835331cf9188148a4cf04') in 0.0102426 seconds
Start importing Assets/Art/External/KenneyUI/PNG/Blue/Double/button_round_depth_gradient.png using Guid(00d50c87f224592479499d23135f870e) (TextureImporter) -> (artifact id: '28545fe5d5ec8150cd4bc3859a96495c') in 0.0077011 seconds
Start importing Assets/Art/External/KenneyUI/PNG/Grey/Default/button_round_depth_border.png using Guid(00a6cd1c460a40d4eac2491418e808bb) (TextureImporter) -> (artifact id: '5cbcacea8d0389cbbb02ec0527138ec5') in 0.007384 seconds
Start importing Assets/Art/External/KenneyUI/PNG/Grey/Double/arrow_basic_s_small.png using Guid(00e9e295409f6bb46abeee415a3c5079) (TextureImporter) -> (artifact id: '9153b6b239924be51457376543f5ea58') in 0.0075146 seconds
Start importing Assets/Art/External/KenneyUI/PNG/Red/Double/icon_square.png using Guid(00cbf4c9f6324ec4d8401716ec286c92) (TextureImporter) -> (artifact id: '94d74f945a6f2a67ba176eaed15e0aaf') in 0.0076448 seconds
Start importing Assets/Art/External/KenneyUI/PNG/Grey/Double/check_square_color.png using Guid(006d08eefb59f1b49bf84c434e6fdcc2) (TextureImporter) -> (artifact id: '9d2a6df9a0f7c603245c94ef71d5fcc3') in 0.007424 seconds
Start importing Assets/Art/External/KenneyUI/PNG/Red/Double/icon_outline_checkmark.png using Guid(10d2c00eb01e0b1438909f6ee53e19ad) (TextureImporter) -> (artifact id: '468f8234ef6feb2205d5ce91ec70c932') in 0.0076723 seconds
Start importing Assets/Art/External/KenneyUI/PNG/Green/Default/arrow_basic_e.png using Guid(1064f24ad45002d4e81bcbb6a0acbff0) (TextureImporter) -> (artifact id: '0b1f1f7f9d7bff55257d79f6808e3caf') in 0.0070675 seconds
Start importing Assets/Art/External/KenneyUI/PNG/Red/Default/slide_hangle.png using Guid(1095e95dbd5bbe742ac7b32169005923) (TextureImporter) -> (artifact id: '228b001d662f78dad722cd6bcd1ddeda') in 0.007279 seconds
Start importing Assets/Art/External/KenneyUI/PNG/Grey/Double/check_square_grey.png using Guid(10b57f8470919cf4b979aaadfe150040) (TextureImporter) -> (artifact id: '797374a61b13c92d09168dfcf67e39a0') in 0.0083191 seconds
Start importing Assets/Art/External/KenneyUI/PNG/Grey/Default/arrow_decorative_w.png using Guid(10fb0659c46bde94fb647f90a146858c) (TextureImporter) -> (artifact id: 'a02d50c894d709096e7ea69f236142cb') in 0.0072055 seconds
Start importing Assets/Art/External/KenneyUI/PNG/Yellow/Double/arrow_basic_e_small.png using Guid(107e22f9e68a82a4d9c2bcbe15e5f1b0) (TextureImporter) -> (artifact id: 'd3b9b5c3b810731cb17a4f9c790e3882') in 0.007951 seconds
Start importing Assets/Art/External/KenneyUI/PNG/Grey/Default/arrow_decorative_e.png using Guid(10bec1114c61ed044a6b619d4e4dc3b2) (TextureImporter) -> (artifact id: '1ace42641e664224e3d89ee92029fc37') in 0.0083364 seconds
Start importing Assets/Art/External/KenneyUI/PNG/Red/Default/arrow_basic_w_small.png using Guid(202d4ecb97462874d9151db97b5dd322) (TextureImporter) -> (artifact id: '405e811477bcd9fd6dc31a3e4a76990c') in 0.0087513 seconds
Start importing Assets/Art/External/KenneyUI/PNG/Yellow/Double/button_square_line.png using Guid(30210c05c5d37ad4a9da25de29ab880b) (TextureImporter) -> (artifact id: '1e181bfd319204646ff77d939280498d') in 0.0076717 seconds
Start importing Assets/Art/External/KenneyUI/PNG/Yellow/Double/check_round_grey.png using Guid(30f21f8b1ce707648ae9bf1f8e4fded2) (TextureImporter) -> (artifact id: '1e7f90b7f833d6e6c1ed3342e22aa902') in 0.0077634 seconds
Start importing Assets/Art/External/KenneyUI/PNG/Red/Default/icon_cross.png using Guid(30760328055bfa2458f0cafa981cd762) (TextureImporter) -> (artifact id: '2618d898eba44e88b105285c75244b2e') in 0.0068357 seconds
Start importing Assets/Art/External/KenneyUI/PNG/Blue/Double/slide_hangle.png using Guid(30087a3d79c343a4db2f27da980b8d3f) (TextureImporter) -> (artifact id: '6c8946d1ff7722843d5db37c5d7b14df') in 0.0074346 seconds
Start importing Assets/Art/External/KenneyUI/PNG/Yellow/Default/check_round_round_circle.png using Guid(40d13c564ab54ec4a8c6ab4ab2b2882a) (TextureImporter) -> (artifact id: '3611c04cb91e5943b60ef091b2f923df') in 0.0072732 seconds
Start importing Assets/Art/External/KenneyUI/PNG/Blue/Default/button_round_line.png using Guid(40f942a8191c3c94b98fc52a6fe6fe9f) (TextureImporter) -> (artifact id: '321385f6b3a440fcecd70df11de4ea10') in 0.0069999 seconds
Start importing Assets/Art/External/KenneyUI/PNG/Blue/Default/slide_vertical_grey_section_wide.png using Guid(50790d3aae195394f92d8a51565e7c13) (TextureImporter) -> (artifact id: '2b17ccce8641b705f7bf9ab7041a4548') in 0.007112 seconds
Start importing Assets/Art/External/KenneyUI/PNG/Red/Double/check_round_color.png using Guid(501c22fa5860fc64fa63203bf6e14c0d) (TextureImporter) -> (artifact id: '679871368e5871cacfc7f5594c680928') in 0.0066014 seconds
Start importing Assets/Art/External/KenneyUI/PNG/Blue/Double/arrow_basic_s.png using Guid(609a59b1fce2ac2449d2bd2bf470f19f) (TextureImporter) -> (artifact id: '546dde7d02cb48bd50b9d5d98ca0e75a') in 0.0072357 seconds
Start importing Assets/Art/External/KenneyUI/PNG/Green/Double/check_square_color_cross.png using Guid(605bd64ed37798c498eae577b8722cd6) (TextureImporter) -> (artifact id: '489c92b4139f30e541b4040cf06b52cd') in 0.0068339 seconds
Start importing Assets/Art/External/KenneyUI/PNG/Red/Double/button_rectangle_gradient.png using Guid(609b527a2e29ac74581061f539708e1a) (TextureImporter) -> (artifact id: '9436a4b6f83b7ced690de3ed41771f44') in 0.0093238 seconds
Start importing Assets/Art/External/KenneyUI/PNG/Yellow/Default/button_square_depth_line.png using Guid(60bfc4adf9cbcbd48be364dea038ca7c) (TextureImporter) -> (artifact id: 'e971c48bdc5a09af2503fbe8f7a5acad') in 0.0075007 seconds
Start importing Assets/Art/External/KenneyUI/PNG/Blue/Double/check_square_color.png using Guid(703829b05101900459a2b7aedf5ec3e6) (TextureImporter) -> (artifact id: '02262376548623cbd2aaffe89de6e5f9') in 0.0075584 seconds
Start importing Assets/Art/External/KenneyUI/PNG/Red/Double/button_round_line.png using Guid(7069e8d614925a64882adb3c17513bce) (TextureImporter) -> (artifact id: '61294e30f95d444033c312bc27e3503d') in 0.0069707 seconds
Start importing Assets/Art/External/KenneyUI/PNG/Blue/Default/slide_vertical_grey_section.png using Guid(706e65268402e96458733af84ba06bf1) (TextureImporter) -> (artifact id: '86b205d6a258906009028581084f7208') in 0.0072273 seconds
Start importing Assets/Art/External/KenneyUI/PNG/Blue/Default/button_round_gradient.png using Guid(8012cef79c761474c860944a1f6f60b6) (TextureImporter) -> (artifact id: '2fa1c4fd711d4e6ef3431d8d737fe6f4') in 0.0072303 seconds
Start importing Assets/Art/External/KenneyUI/PNG/Red/Default/button_square_depth_gradient.png using Guid(8028dd48c95d1494b8c1b43567b42a9e) (TextureImporter) -> (artifact id: '532937f8d0b366e4d65c669e9e926968') in 0.006786 seconds
Start importing Assets/Art/External/KenneyUI/PNG/Red/Double/button_rectangle_depth_line.png using Guid(806fa13fc5d083645b9e4ece17306637) (TextureImporter) -> (artifact id: 'a68826351dfeaa24795a14d1cb5c3a4d') in 0.0080811 seconds
Start importing Assets/Art/External/KenneyUI/PNG/Green/Double/button_round_depth_flat.png using Guid(9075ad1890eaa4f4a89f5ebf36913952) (TextureImporter) -> (artifact id: '0b48129dfc53a9e0a7775c16d9b51bc8') in 0.0072234 seconds
Start importing Assets/Art/External/KenneyUI/PNG/Grey/Default/check_square_color_cross.png using Guid(a06469b1c2db9c54a9718027e123f2fe) (TextureImporter) -> (artifact id: '7f20bbc4f516a3237c35a8959dc48bbd') in 0.0068256 seconds
Start importing Assets/Art/External/KenneyUI/PNG/Extra/Double/icon_repeat_light.png using Guid(a06f642de4a82de438e665fa0929d200) (TextureImporter) -> (artifact id: '39a737a3ed4303030b9432cdb1a7a93b') in 0.0067815 seconds
Start importing Assets/Art/External/KenneyUI/PNG/Blue/Default/check_square_color_cross.png using Guid(b0a186bb90373e140b16c02e0408c358) (TextureImporter) -> (artifact id: '953065b4c4c128342de78a5873d947bd') in 0.0070738 seconds
Start importing Assets/Art/External/KenneyUI/PNG/Yellow/Default/slide_vertical_grey_section.png using Guid(b0d234a41d974204c95c1eb31d27cdbb) (TextureImporter) -> (artifact id: '4ee2efee4426f5d98bc44955f9ab530c') in 0.0068475 seconds
Start importing Assets/Art/External/KenneyUI/PNG/Yellow/Default/icon_outline_checkmark.png using Guid(b0246bcea114e2f4e8a0681d1590a3a7) (TextureImporter) -> (artifact id: '1b5d62645ff223998a0bd2abea80c816') in 0.0078556 seconds
Start importing Assets/Art/External/KenneyUI/PNG/Red/Default/arrow_basic_s_small.png using Guid(b0861111b538cf04791a21d7deabe44c) (TextureImporter) -> (artifact id: 'ffad0588039d1023a812ca2bddf2f030') in 0.0070331 seconds
Start importing Assets/Art/External/KenneyUI/PNG/Green/Default/button_round_border.png using Guid(b0b7c13b07a05b14da9c8e6bd8cdb3ad) (TextureImporter) -> (artifact id: '34842c83bafb3ce21fb55a77c8e60036') in 0.0071257 seconds
Start importing Assets/Art/External/KenneyUI/PNG/Blue/Default/button_rectangle_gradient.png using Guid(b09d22b1d216dc94eba86c2637c408d4) (TextureImporter) -> (artifact id: 'baf64b8b4ccf67d5639aea84c855af2e') in 0.0075591 seconds
Start importing Assets/Art/External/KenneyUI/PNG/Green/Default/arrow_basic_e_small.png using Guid(b02feb72cd126734098d2bceeefbebf5) (TextureImporter) -> (artifact id: '97924b937c23342c80b5488543dfdbcd') in 0.0068882 seconds
Start importing Assets/Art/External/KenneyUI/PNG/Blue/Double/slide_vertical_color_section_wide.png using Guid(c066a034a3f66e349b8483a362f52b33) (TextureImporter) -> (artifact id: 'c06b0cc2e572029827ad71f7cfa607b5') in 0.0078529 seconds
Start importing Assets/Art/External/KenneyUI/PNG/Blue/Default/button_rectangle_depth_gloss.png using Guid(d0669cd5a58f8444ca2ea3a0ba1e818f) (TextureImporter) -> (artifact id: '783b3c3ea9d523346b14438a0c383e03') in 0.0075767 seconds
Start importing Assets/Art/External/KenneyUI/PNG/Blue/Default/button_square_gradient.png using Guid(d087028c882cce840ab7ef876efc5137) (TextureImporter) -> (artifact id: 'b7b6e3ffd9eeb3baf2ddee19a84ca42f') in 0.0083583 seconds
Start importing Assets/Art/External/KenneyUI/PNG/Green/Default/button_rectangle_flat.png using Guid(d01881278dd224b4bb087206a387aebe) (TextureImporter) -> (artifact id: 'e30206eb7de512cb011a056e49406828') in 0.0084169 seconds
Start importing Assets/Art/External/KenneyUI/PNG/Red/Double/check_round_grey.png using Guid(d0287e6e659a15043a4f637ac482af1a) (TextureImporter) -> (artifact id: '9060cca87e25412de4c8d08af3148716') in 0.0074015 seconds
Start importing Assets/Art/External/KenneyUI/PNG/Blue/Double/button_round_flat.png using Guid(e061b9f6a9cfdd945ace82336f8d299f) (TextureImporter) -> (artifact id: 'd30b5a1870054e27a0bc4ffbeb4c467a') in 0.0068693 seconds
Start importing Assets/Art/External/KenneyUI/PNG/Blue/Double/button_round_border.png using Guid(e089c090f4fb225479df99d83e8099a4) (TextureImporter) -> (artifact id: '6970a126b0e85f26986dc92b0eaf8aab') in 0.007466 seconds
Start importing Assets/Art/External/KenneyUI/PNG/Red/Double/arrow_decorative_w_small.png using Guid(e0e930598b3af144fabf4045dc668091) (TextureImporter) -> (artifact id: '78fa51dbbddcb3f1ec231af62ce409b1') in 0.0071127 seconds
Start importing Assets/Art/External/KenneyUI/PNG/Red/Default/check_square_grey_checkmark.png using Guid(e00d918e66eba2f4eb2796712e65ea93) (TextureImporter) -> (artifact id: '250d9c681a523412a4d0ddff09ae5d0b') in 0.0068861 seconds
Start importing Assets/Art/External/KenneyUI/PNG/Yellow/Double/star.png using Guid(f0bc68399e243e44bb19e6bb43ee719b) (TextureImporter) -> (artifact id: 'e84819e861b45d37cee654f4b5da3141') in 0.007571 seconds
Start importing Assets/Art/External/KenneyUI/PNG/Yellow/Default/arrow_decorative_w_small.png using Guid(f05ea04dca1a6814abb3bb2b544dbf63) (TextureImporter) -> (artifact id: 'fbbee5bc7fc15c1dae4df8b61704b64d') in 0.0068679 seconds
Start importing Assets/Art/External/KenneyUI/PNG/Red/Double/check_square_color.png using Guid(0171477ecdac0804c9cf4ce7aac09f4d) (TextureImporter) -> (artifact id: 'db843b2643b03c70ef502078278c858d') in 0.0072617 seconds
Start importing Assets/Art/External/KenneyUI/PNG/Blue/Default/arrow_basic_n_small.png using Guid(0133a3aa8657d3442a74ac897ace1b92) (TextureImporter) -> (artifact id: '1695b6f9671b78f503568abccf684c0d') in 0.006918 seconds
Start importing Assets/Art/External/KenneyUI/PNG/Red/Default/button_rectangle_depth_gloss.png using Guid(01157a33137d1eb40bedde0e96821a78) (TextureImporter) -> (artifact id: 'd58b77d91afa6c69615af4f4d38cb851') in 0.0072993 seconds
Start importing Assets/Art/External/KenneyUI/Preview.png using Guid(01d508edfa43ef44aad8ad4b528aadc5) (TextureImporter) -> (artifact id: '0b92df77c3ad8272f3080e51e5fe4ce2') in 0.0150898 seconds
Start importing Assets/Art/External/KenneyUI/PNG/Red/Double/slide_horizontal_color.png using Guid(01a89afde60e5224ea6ae231fbe94583) (TextureImporter) -> (artifact id: '025ce1a6cc2ebed0ea5ad528d9defdc1') in 0.0073412 seconds
Start importing Assets/Art/External/KenneyUI/PNG/Blue/Default/icon_square.png using Guid(01e8ad14447577146a462351ee82f569) (TextureImporter) -> (artifact id: '7719483e1ba15a0b4d593921a3555caa') in 0.0071865 seconds
Start importing Assets/Art/External/KenneyUI/PNG/Green/Default/check_round_grey_circle.png using Guid(0129c967ee0880741ac2ef62eddb06da) (TextureImporter) -> (artifact id: 'f4d7a848d3928042670c71e4b4485bfc') in 0.0073551 seconds
Start importing Assets/Art/External/KenneyUI/PNG/Grey/Default/button_square_depth_line.png using Guid(01ba710542147094f80a03f4f75d2ece) (TextureImporter) -> (artifact id: 'e40176344824e8fa15502ea9af43fef1') in 0.0089299 seconds
Start importing Assets/Art/External/KenneyUI/PNG/Red/Default/check_round_round_circle.png using Guid(1190190506e758042971a1796189097b) (TextureImporter) -> (artifact id: '3564b1172bc38023cef2e0cdb31383a3') in 0.0087449 seconds
Start importing Assets/Art/External/KenneyUI/PNG/Blue/Default/arrow_decorative_w_small.png using Guid(11e14897488e731439abcbe53815e1a7) (TextureImporter) -> (artifact id: '8eedc3fbc9feec107739f12fc47f80ee') in 0.0078792 seconds
Start importing Assets/Art/External/KenneyUI/PNG/Green/Double/button_square_border.png using Guid(111298f57bba4884ab0a8e348abdf1c2) (TextureImporter) -> (artifact id: 'f7fad97e41cfeddc33748389db537249') in 0.0077426 seconds
Start importing Assets/Art/External/KenneyUI/PNG/Blue/Default/icon_outline_cross.png using Guid(1173d53c6944dc44f81f589a81211424) (TextureImporter) -> (artifact id: 'fd58b63f20e43b6ab790a8590b522d41') in 0.0075524 seconds
Start importing Assets/Art/External/KenneyUI/PNG/Yellow/Default/button_rectangle_depth_border.png using Guid(113f969218bf9b64ba9160624fdb847e) (TextureImporter) -> (artifact id: 'f1ef224683347359f2a13706ce08e1a4') in 0.0082501 seconds
Start importing Assets/Art/External/KenneyUI/PNG/Blue/Double/icon_cross.png using Guid(2172fb072a707064e823bb5c274c1829) (TextureImporter) -> (artifact id: '3b89b9f75a65a9a17eba1edc3122363b') in 0.0087492 seconds
Start importing Assets/Art/External/KenneyUI/PNG/Grey/Double/button_square_gloss.png using Guid(214840fcd48f4bf489afe2b3e7a2a80d) (TextureImporter) -> (artifact id: '1b523e61ec522d5bad6e1d3be3506aff') in 0.0080468 seconds
Start importing Assets/Art/External/KenneyUI/PNG/Green/Double/slide_vertical_grey_section.png using Guid(210dd3194cdeac74a8803d4ffdbfc377) (TextureImporter) -> (artifact id: 'ecf4a8d572859ec94cc51d51e54e24e0') in 0.0082256 seconds
Start importing Assets/Art/External/KenneyUI/PNG/Yellow/Default/arrow_basic_e.png using Guid(21ef4f3fd07e748469f422c650811c53) (TextureImporter) -> (artifact id: 'b473fc5e77dd198fa63b210edbcf69d4') in 0.0077746 seconds
Start importing Assets/Art/External/KenneyUI/PNG/Green/Double/slide_vertical_color_section.png using Guid(31ff0e3ca77cca2469aac2fdadf78c03) (TextureImporter) -> (artifact id: '2776407f89eb19584e787f34427c19c1') in 0.0080163 seconds
Start importing Assets/Art/External/KenneyUI/PNG/Grey/Default/arrow_basic_n.png using Guid(41c92b13d98097c419bdcd98fcc9185b) (TextureImporter) -> (artifact id: 'bcf9fcd60961b6c1655bd519c63a5400') in 0.0080034 seconds
Start importing Assets/Art/External/KenneyUI/PNG/Blue/Default/button_round_depth_border.png using Guid(411a422ae0b5b4d48b3f1d8e1d3426c2) (TextureImporter) -> (artifact id: '1319d89ba685e73de5e169606917737c') in 0.0077368 seconds
Start importing Assets/Art/External/KenneyUI/PNG/Extra/Default/icon_arrow_down_light.png using Guid(416a0899121e0df4b8358e9842ff00f4) (TextureImporter) -> (artifact id: 'e8c21d982bb8a03cfc6d4877eecb1b7f') in 0.0086209 seconds
Start importing Assets/Art/External/KenneyUI/PNG/Yellow/Double/check_round_grey_circle.png using Guid(417b87bdf5eaf0e4c87f33feb80ca228) (TextureImporter) -> (artifact id: '2fa6230e51741276600cb2b9d979d281') in 0.0075866 seconds
Start importing Assets/Art/External/KenneyUI/PNG/Blue/Default/button_square_border.png using Guid(5120260b43a40404fabb200b984640c3) (TextureImporter) -> (artifact id: 'dd112f436f017be3fad69f8ac9a349f6') in 0.007597 seconds
Start importing Assets/Art/External/KenneyUI/PNG/Green/Double/button_square_gloss.png using Guid(51ae2974816a1ff4a9e6e478fdcca053) (TextureImporter) -> (artifact id: '7e525d0ed733900008e26c5d79a37a44') in 0.0088975 seconds
Start importing Assets/Art/External/KenneyUI/PNG/Green/Double/arrow_basic_n.png using Guid(619524fb3e43f334e93c5cf41e9bfc9b) (TextureImporter) -> (artifact id: 'bfeb2591153f11919a989b9d124275c1') in 0.0078221 seconds
Start importing Assets/Art/External/KenneyUI/PNG/Extra/Default/button_square_depth_line.png using Guid(6147b75fe72be674cae0ac5d298efc57) (TextureImporter) -> (artifact id: 'bfe46378ae237047469d078f51add88e') in 0.0086758 seconds
Start importing Assets/Art/External/KenneyUI/PNG/Yellow/Default/arrow_decorative_n.png using Guid(6158ad9f326880f42a032408e4877d9a) (TextureImporter) -> (artifact id: '4d5ce6d51ec8ad604d3c7e5995b51c3c') in 0.0085515 seconds
Start importing Assets/Art/External/KenneyUI/PNG/Red/Default/button_round_flat.png using Guid(618a590f8459f584fb8056c747c30777) (TextureImporter) -> (artifact id: 'b145da40040073e086ceae99573559c9') in 0.0082951 seconds
Start importing Assets/Art/External/KenneyUI/PNG/Green/Default/check_square_color_square.png using Guid(71c5400e905bf07458436e9c6e82dc32) (TextureImporter) -> (artifact id: 'e2b00ede9bc9b9c950ee953c104d95c9') in 0.0074525 seconds
Start importing Assets/Art/External/KenneyUI/PNG/Yellow/Double/icon_outline_cross.png using Guid(7149a6fd16bc5744eacc22c41327cd69) (TextureImporter) -> (artifact id: '548efcef7582231fb92f6e176ebabd87') in 0.0076552 seconds
Start importing Assets/Art/External/KenneyUI/PNG/Grey/Double/button_rectangle_border.png using Guid(717940662423de54aacf939fa5ee42ee) (TextureImporter) -> (artifact id: 'a1cd9fa8c3ec277e2e56335f6c7d5c46') in 0.0090077 seconds
Start importing Assets/Art/External/KenneyUI/PNG/Grey/Default/button_square_gradient.png using Guid(8194befb5781eef4f92fb9746b1fed87) (TextureImporter) -> (artifact id: '1318e5709dede164e2b01ed12eb5b674') in 0.007737 seconds
Start importing Assets/Art/External/KenneyUI/PNG/Yellow/Default/slide_hangle.png using Guid(81570cde4bb450d4baa9aa10f3be3246) (TextureImporter) -> (artifact id: '01b068827934bd9e73be79935f0ff18d') in 0.0081953 seconds
Start importing Assets/Art/External/KenneyUI/PNG/Green/Default/icon_outline_checkmark.png using Guid(81684218a77f0c64a934d9120fd37c02) (TextureImporter) -> (artifact id: '6633b27357fc576e551613027ee4086f') in 0.0071822 seconds
Start importing Assets/Art/External/KenneyUI/PNG/Grey/Double/button_round_depth_border.png using Guid(81caacc60506d1740b544108750a6aa1) (TextureImporter) -> (artifact id: 'a60ac4a21cf43e3126a82ed0e93311b4') in 0.0078463 seconds
Start importing Assets/Art/External/KenneyUI/PNG/Yellow/Double/button_round_depth_gradient.png using Guid(810d9bab10261ab479b71a3688f6acc0) (TextureImporter) -> (artifact id: '2918c880e06a70f16fea843ad7f29ea3') in 0.007234 seconds
Start importing Assets/Art/External/KenneyUI/PNG/Grey/Double/slide_horizontal_grey_section.png using Guid(811e36427c6f7b049b7a5ad3cde6178a) (TextureImporter) -> (artifact id: '213f95287bee0e0c007bf974b9be42c7') in 0.0081512 seconds
Start importing Assets/Art/External/KenneyUI/PNG/Blue/Double/check_square_color_square.png using Guid(91d4dd2ff17560e45a0735b493d7c32a) (TextureImporter) -> (artifact id: '6da691745dc9879e237e19599f2b1491') in 0.0078736 seconds
Start importing Assets/Art/External/KenneyUI/PNG/Extra/Default/input_rectangle.png using Guid(a1224e84508a9804dafc19901c3ef57f) (TextureImporter) -> (artifact id: '0b83d09a3b82a746335463a15e7b21a3') in 0.0082054 seconds
Start importing Assets/Art/External/KenneyUI/PNG/Green/Default/button_rectangle_gradient.png using Guid(a16bac73b079a0c4491eed1393d9f104) (TextureImporter) -> (artifact id: '4057e453ac11882454a244de291aa37c') in 0.0078216 seconds
Start importing Assets/Art/External/KenneyUI/PNG/Grey/Double/check_square_color_cross.png using Guid(b1752bfbe6048e345af5c6c693d25159) (TextureImporter) -> (artifact id: '991d4f6e30cc8a014e7760c3a0ed22c6') in 0.0085818 seconds
Start importing Assets/Art/External/KenneyUI/PNG/Blue/Default/button_square_depth_border.png using Guid(b1280b250a5544149ad2d1fa46f7cedb) (TextureImporter) -> (artifact id: 'ebabbc0983c4ab0ea6d7b021fca9a6c6') in 0.0087257 seconds
Start importing Assets/Art/External/KenneyUI/PNG/Grey/Default/arrow_basic_e.png using Guid(b1e847d34d06a1e4180eeeae2c266413) (TextureImporter) -> (artifact id: '3449576a6ce8372b24a73a569b89b051') in 0.009142 seconds
Start importing Assets/Art/External/KenneyUI/PNG/Grey/Double/button_rectangle_depth_gloss.png using Guid(b11ceecc5a7d488489ac53a659602308) (TextureImporter) -> (artifact id: 'b841a8b0b51603c8bd3454f3cefa0f4d') in 0.0093569 seconds
Start importing Assets/Art/External/KenneyUI/PNG/Red/Double/icon_checkmark.png using Guid(c19b1340a5803b540a530134b85fdd77) (TextureImporter) -> (artifact id: '20077d69fe0cb1192788f9ba0ffc46fb') in 0.0074815 seconds
Start importing Assets/Art/External/KenneyUI/PNG/Blue/Double/button_rectangle_line.png using Guid(c10fb7a594f56734992f4ee62e753e6d) (TextureImporter) -> (artifact id: 'c974388040a4b3a2e85d5dff4afe5164') in 0.0098069 seconds
Start importing Assets/Art/External/KenneyUI/PNG/Grey/Default/arrow_basic_n_small.png using Guid(c15fa45fe5ed54f47b6e97357a699f47) (TextureImporter) -> (artifact id: '59aea8980d97fe7ce90442eeffd6be22') in 0.0088294 seconds
Start importing Assets/Art/External/KenneyUI/PNG/Blue/Double/arrow_decorative_w.png using Guid(d1a6a1b0a0946794eacaebd7aa97d4e5) (TextureImporter) -> (artifact id: 'e45b127f399bb1ea51cae2bfca2c43ed') in 0.0083462 seconds
Start importing Assets/Art/External/KenneyUI/PNG/Red/Double/icon_outline_circle.png using Guid(d1287e489a966224c9181b6b7e04bfb4) (TextureImporter) -> (artifact id: 'd47a4e23af957bd28f9745af10e0d978') in 0.0079034 seconds
Start importing Assets/Art/External/KenneyUI/PNG/Grey/Double/button_square_depth_flat.png using Guid(e1103ff5b5849574794a78ffe37c6d2d) (TextureImporter) -> (artifact id: 'c652f6ce926def0ff5ba29faf06cf43e') in 0.0085274 seconds
Start importing Assets/Art/External/KenneyUI/PNG/Extra/Double/icon_play_outline.png using Guid(e1617cfb7ba4a894db62af38a386fd3c) (TextureImporter) -> (artifact id: '4800f7473ab91718599dd9c068777631') in 0.0084632 seconds
Start importing Assets/Art/External/KenneyUI/PNG/Grey/Double/arrow_basic_n.png using Guid(f186fba8a8196834fae3b7856af8faf7) (TextureImporter) -> (artifact id: '3ecb5512c3279ba70f1ee27e0577beb8') in 0.008958 seconds
Start importing Assets/Art/External/KenneyUI/PNG/Green/Double/button_square_depth_flat.png using Guid(f1bfe6ca94226dc438d0d5ad1e444900) (TextureImporter) -> (artifact id: '811f82dd9efdf28d440cd3ed35249d71') in 0.0081457 seconds
Start importing Assets/Art/External/KenneyUI/PNG/Grey/Double/button_rectangle_depth_gradient.png using Guid(0231b28b9e9e59346a0e08265efe53c7) (TextureImporter) -> (artifact id: '48a5b67e02b3df073c517c6d5a575c9a') in 0.0104087 seconds
Start importing Assets/Art/External/KenneyUI/PNG/Yellow/Default/button_round_flat.png using Guid(02c4b81cf181e614b80dd7aa4bc0f73e) (TextureImporter) -> (artifact id: '6d8d8a577c9a234fd7b6a38d098adb3e') in 0.0076908 seconds
Start importing Assets/Art/External/KenneyUI/PNG/Red/Default/button_square_gradient.png using Guid(026520321dec570498211b4943f842c9) (TextureImporter) -> (artifact id: '8c7b3d290cc639f37b1930c7d8a79260') in 0.0083394 seconds
Start importing Assets/Art/External/KenneyUI/PNG/Red/Default/arrow_decorative_e.png using Guid(12670c2dca8452249aa9c723708dadcb) (TextureImporter) -> (artifact id: 'b1fcf927c44d26199ae92c16410f73a4') in 0.0088742 seconds
Start importing Assets/Art/External/KenneyUI/PNG/Green/Default/icon_square.png using Guid(12eba84c3f94f9c4f8758a075331f774) (TextureImporter) -> (artifact id: 'a7b1825cb46c1a22376e39c683ca09cd') in 0.0092342 seconds
Start importing Assets/Art/External/KenneyUI/PNG/Yellow/Default/button_rectangle_depth_gloss.png using Guid(2263b62a9c968904e9d30751f5ea536a) (TextureImporter) -> (artifact id: '057e13e66978feeb7f92e031ef4cde7c') in 0.0078051 seconds
Start importing Assets/Art/External/KenneyUI/PNG/Yellow/Double/check_square_color_cross.png using Guid(32cccd7356316ce479f354706e51777f) (TextureImporter) -> (artifact id: '8d79835bb851d15fd0c2747cfc6d44c9') in 0.0086782 seconds
Start importing Assets/Art/External/KenneyUI/PNG/Grey/Default/slide_horizontal_grey.png using Guid(321df6148cdca2d46aed96f1d7587074) (TextureImporter) -> (artifact id: 'ff08ab411f02f3b0926fbbda4d816e0b') in 0.0086228 seconds
Start importing Assets/Art/External/KenneyUI/PNG/Red/Default/icon_outline_checkmark.png using Guid(4231a0a1f6536694e8c0344831ded6c8) (TextureImporter) -> (artifact id: 'edbad1f56ae252eef191f5d4a9d8ff08') in 0.0089379 seconds
Start importing Assets/Art/External/KenneyUI/PNG/Red/Double/button_round_depth_line.png using Guid(42e570c0eb7644246a5b12234ffc84f5) (TextureImporter) -> (artifact id: '0eabfad390e6bdb6ee1ba124c9578815') in 0.008015 seconds
Start importing Assets/Art/External/KenneyUI/PNG/Red/Default/slide_horizontal_color_section.png using Guid(428adb6c61cc57c469100ea006b5ac22) (TextureImporter) -> (artifact id: '57867b93b4cbb1f10c65f52353352c53') in 0.0073509 seconds
Start importing Assets/Art/External/KenneyUI/PNG/Yellow/Default/slide_horizontal_color_section_wide.png using Guid(42ee6726933b6cf49bb7afe9c0eb740b) (TextureImporter) -> (artifact id: 'fb1b73c84e09595490b62f997b934345') in 0.0081935 seconds
Start importing Assets/Art/External/KenneyUI/PNG/Yellow/Double/button_round_flat.png using Guid(52cbe2670ff61b649bdb65fde0529fd0) (TextureImporter) -> (artifact id: '51c184f383943e42fc5fa9d4422f9456') in 0.0082851 seconds
Start importing Assets/Art/External/KenneyUI/PNG/Blue/Default/icon_checkmark.png using Guid(522eb26ca8031bc4ebb548e830dedcb0) (TextureImporter) -> (artifact id: '5aa288bef0b303926349170ec27e4de9') in 0.0070785 seconds
Start importing Assets/Art/External/KenneyUI/PNG/Red/Double/button_rectangle_depth_gloss.png using Guid(62a05f085498f504f9db28cc1fce9d00) (TextureImporter) -> (artifact id: '4964bc8fdbaf6f525dfbcaa5f2cf796c') in 0.008289 seconds
Start importing Assets/Art/External/KenneyUI/PNG/Yellow/Default/slide_horizontal_color_section.png using Guid(62462d86b0eaaba4a8929bdc07264293) (TextureImporter) -> (artifact id: 'e40db7a20ea5c304afe571d158d11fe8') in 0.0070066 seconds
Start importing Assets/Art/External/KenneyUI/PNG/Red/Default/button_square_gloss.png using Guid(625ae000a5afc07419d5c8328735fc49) (TextureImporter) -> (artifact id: 'ac12d4594969ab7d0b8426f96153a77f') in 0.007482 seconds
Start importing Assets/Art/External/KenneyUI/PNG/Extra/Double/icon_play_light.png using Guid(62dbfbc9380d872499fe7b37969da07d) (TextureImporter) -> (artifact id: 'ae43b8f66758d731a90b140aec79b5d5') in 0.0069296 seconds
Start importing Assets/Art/External/KenneyUI/PNG/Extra/Double/icon_arrow_down_light.png using Guid(7240843bb03770644bba1edc6e792e7d) (TextureImporter) -> (artifact id: '3fe9b9d617d474c3a88491f263344d5a') in 0.0075066 seconds
Start importing Assets/Art/External/KenneyUI/PNG/Grey/Default/button_round_flat.png using Guid(72d13783d2e3a1a4c8368edaf840a574) (TextureImporter) -> (artifact id: '41c4fc9d3cee330d328e347e6999cee7') in 0.0079836 seconds
Start importing Assets/Art/External/KenneyUI/PNG/Grey/Default/icon_outline_square.png using Guid(72dd3be22bac9a7419d9b34cde7138fb) (TextureImporter) -> (artifact id: 'feb2a5300716945c1a17458413b158f7') in 0.0075102 seconds
Start importing Assets/Art/External/KenneyUI/PNG/Blue/Default/button_rectangle_line.png using Guid(725fe65eb6f26de4eacb01a091ef4e28) (TextureImporter) -> (artifact id: '6602cbff450ddb403d84a2dbd4b12d55') in 0.0076819 seconds
Start importing Assets/Art/External/KenneyUI/PNG/Green/Double/button_round_gloss.png using Guid(82c012ea261d42b478024e906eaf1aae) (TextureImporter) -> (artifact id: 'd4e560b6e829f49c8f6b32adad0a59cd') in 0.0075388 seconds
Start importing Assets/Art/External/KenneyUI/PNG/Green/Default/icon_circle.png using Guid(82e740415ac93e742822220c5ba7bc71) (TextureImporter) -> (artifact id: '318d28c7ae96c96b260facf1f410960c') in 0.0071222 seconds
Start importing Assets/Art/External/KenneyUI/PNG/Green/Double/button_rectangle_line.png using Guid(825ac91f8a3152345ac4131fcd88afd5) (TextureImporter) -> (artifact id: '8a972ebecd023870f6e5329f3ac3e186') in 0.0089137 seconds
Start importing Assets/Art/External/KenneyUI/PNG/Red/Default/star.png using Guid(92904c9afc188dd46b83800dfa9a9ca8) (TextureImporter) -> (artifact id: '4247c2a53e2fe7d10034587c16027450') in 0.0075953 seconds
Start importing Assets/Art/External/KenneyUI/PNG/Yellow/Double/button_rectangle_gloss.png using Guid(92f10fb1c966704469c3371d16a2d6d7) (TextureImporter) -> (artifact id: '55073bc9562c8c30db3409f00c2010e3') in 0.0087083 seconds
Start importing Assets/Resources/Art/button_red.png using Guid(920220e9ea1431e47bde5c89fc1ad275) (TextureImporter) -> (artifact id: 'c27149275ff80c365ad5ca21cfb5f6b3') in 0.0080038 seconds
Start importing Assets/Art/External/KenneyUI/PNG/Yellow/Double/slide_vertical_grey_section.png using Guid(a261096cef2a5624b8a631286863c0f5) (TextureImporter) -> (artifact id: '6a60f3a0deedeb7c38308e39d2c5b73c') in 0.0068032 seconds
Start importing Assets/Art/External/KenneyUI/PNG/Grey/Default/check_square_grey_checkmark.png using Guid(a2a4cbda82b9f5349ad56ead8d46be6f) (TextureImporter) -> (artifact id: '65c1346d591feb5ec6220df4d7b60de1') in 0.007256 seconds
Start importing Assets/Art/External/KenneyUI/PNG/Blue/Default/button_round_border.png using Guid(a2c5427293978ab4cbadf526a6f2f6f7) (TextureImporter) -> (artifact id: '8902860572e9e659ee2dca666abc1fa0') in 0.0068696 seconds
Start importing Assets/Art/External/KenneyUI/PNG/Green/Double/check_square_color.png using Guid(a2766596a21567c4fbda0a644b6dc728) (TextureImporter) -> (artifact id: 'e087dc15f39df072afbedcb0f9a815e2') in 0.0087688 seconds
Start importing Assets/Art/External/KenneyUI/PNG/Red/Default/check_square_grey.png using Guid(a2bbeef363a989746b01d2d35440cc12) (TextureImporter) -> (artifact id: '7288f5817242030989d7fa91f8bc0504') in 0.0078748 seconds
Start importing Assets/Art/External/KenneyUI/PNG/Blue/Double/slide_horizontal_color_section.png using Guid(a20e5a2fcf31d964fa40cac39bf6ced0) (TextureImporter) -> (artifact id: 'df9b66c47153cc3c17cf695853ea7a5d') in 0.0073093 seconds
Start importing Assets/Art/External/KenneyUI/PNG/Yellow/Default/button_rectangle_depth_gradient.png using Guid(b2325f6ad5516b74499cea8d65293993) (TextureImporter) -> (artifact id: 'ea018815cb20e4613f7f9397ccff1051') in 0.0075103 seconds
Start importing Assets/Art/External/KenneyUI/PNG/Grey/Default/icon_cross.png using Guid(b2c78f5edf66fa24cbdd30a81a7fd1e4) (TextureImporter) -> (artifact id: '10649e18a3bc79cadbe4dcb91172f78d') in 0.0086884 seconds
Start importing Assets/Art/External/KenneyUI/PNG/Yellow/Double/star_outline.png using Guid(b2788bab268c8be40838995f90b6e532) (TextureImporter) -> (artifact id: 'f6a7926b865fbbf2b02eed99945fab9a') in 0.007659 seconds
Start importing Assets/Art/External/KenneyUI/PNG/Green/Default/icon_outline_cross.png using Guid(b2fb9c7447bf6d94fb82eeebb2de6c77) (TextureImporter) -> (artifact id: '6ca85fb850332c4a4ba23bb960a47725') in 0.0068432 seconds
Start importing Assets/Art/External/KenneyUI/PNG/Green/Double/arrow_basic_e_small.png using Guid(b20c30e18c8b1b141b38c82a12b7a20b) (TextureImporter) -> (artifact id: '53da360256de391f0a719da3ed2dda1a') in 0.006594 seconds
Start importing Assets/Art/External/KenneyUI/PNG/Grey/Default/button_rectangle_depth_border.png using Guid(b22c35b2ab5623a4eb812e95220b97ce) (TextureImporter) -> (artifact id: '8932aa9eff4c8e6630636591942db9fc') in 0.0074998 seconds
Start importing Assets/Art/External/KenneyUI/PNG/Grey/Double/button_square_border.png using Guid(b20ec30dacfa877468ac6e828d784bba) (TextureImporter) -> (artifact id: '678e720bae5658bf2f41d8ede35c3e57') in 0.006892 seconds
Start importing Assets/Art/External/KenneyUI/PNG/Green/Default/slide_vertical_grey_section.png using Guid(c230dd4c6771e774592acf0b360bbc08) (TextureImporter) -> (artifact id: '9effba97ba0ec77621d843519514a140') in 0.0073793 seconds
Start importing Assets/Art/External/KenneyUI/PNG/Blue/Double/button_square_depth_flat.png using Guid(c2c51e82c1a29154fbb764854d6dfbf2) (TextureImporter) -> (artifact id: '01ddaaef02a61465de72dacfd6578843') in 0.0078227 seconds
Start importing Assets/Art/External/KenneyUI/PNG/Grey/Double/slide_horizontal_grey_section_wide.png using Guid(c226511b3aa9b5a4b8ee7a05a911570a) (TextureImporter) -> (artifact id: '266e3fa977db0ca9f5940ac22d6a400b') in 0.007903 seconds
Start importing Assets/Art/External/KenneyUI/PNG/Green/Default/arrow_decorative_e.png using Guid(c218c3dd74a846b4d8f66e9c80ae9b48) (TextureImporter) -> (artifact id: '5cb97d1deb86a4342533fd2c3c4ea503') in 0.0072739 seconds
Start importing Assets/Art/External/KenneyUI/PNG/Yellow/Double/icon_outline_checkmark.png using Guid(d29065b3476ea28408b05ec63651b5a9) (TextureImporter) -> (artifact id: '0326642a9c4b365a55cbc4b0c38bcf76') in 0.0069905 seconds
Start importing Assets/Art/External/KenneyUI/PNG/Yellow/Default/button_square_gloss.png using Guid(d2a13fa2cb03569499f714dd7006e8f5) (TextureImporter) -> (artifact id: '8b5ae18b7c8a90cafa8f6f0535fd61fc') in 0.0075452 seconds
Start importing Assets/Art/External/KenneyUI/PNG/Green/Default/arrow_basic_s.png using Guid(d2255ec6520db1940aeebd382bc63a11) (TextureImporter) -> (artifact id: '05bc59f7486d37fcecd27e5d4a187b89') in 0.0068885 seconds
Start importing Assets/Art/External/KenneyUI/PNG/Grey/Default/button_round_depth_flat.png using Guid(d277d846563dfb24abaa40d63e55fb95) (TextureImporter) -> (artifact id: '46a7366b234c363bccb1ebb9ab11dea4') in 0.0069886 seconds
Start importing Assets/Art/External/KenneyUI/PNG/Green/Default/slide_vertical_color.png using Guid(d24b813ddaa7bf644ae5e568d82133ca) (TextureImporter) -> (artifact id: 'c6f2717bc93cc197d26b07000a53a0e6') in 0.0071066 seconds
Start importing Assets/Resources/Art/button_blue.png using Guid(d2ee68502129a6d458e8fd6e851c7113) (TextureImporter) -> (artifact id: '56506407416a16291f32201f3c0e8e28') in 0.0068925 seconds
Start importing Assets/Art/External/KenneyUI/PNG/Yellow/Default/arrow_basic_w.png using Guid(e2440211e1e2a3f4fb88509f0a045064) (TextureImporter) -> (artifact id: 'e8bedbbb035bd3b8eb3201b457cd1b67') in 0.0070667 seconds
Start importing Assets/Art/External/KenneyUI/PNG/Green/Default/slide_hangle.png using Guid(e29762500a623ed4e832c6ff0128ccc8) (TextureImporter) -> (artifact id: '4a7a389da0e5de0ec2e2f83527ce1e9a') in 0.0068358 seconds
Start importing Assets/Art/External/KenneyUI/PNG/Yellow/Double/slide_hangle.png using Guid(e2cbd954b29a1b0439d438a14e42aa8f) (TextureImporter) -> (artifact id: 'a3e4020d2afff7a953e7e8ae167b247f') in 0.0081628 seconds
Start importing Assets/Art/External/KenneyUI/PNG/Grey/Double/slide_vertical_color.png using Guid(f2a1468ac4dbe7c4ebf7178aae748d71) (TextureImporter) -> (artifact id: 'f7cd334388f10f28eb3bc419611d9532') in 0.007278 seconds
Start importing Assets/Art/External/KenneyUI/PNG/Grey/Double/arrow_decorative_w_small.png using Guid(03e4cd32a281de34783e3ab525e861f1) (TextureImporter) -> (artifact id: 'a8d57132c685dd4eb0eee31b5b3fa9fc') in 0.0077358 seconds
Start importing Assets/Art/External/KenneyUI/PNG/Yellow/Double/button_rectangle_depth_line.png using Guid(03651ec6c6c081846bf462cc432aadb3) (TextureImporter) -> (artifact id: '509c65b144ea2d6859549ed283420397') in 0.0078898 seconds
Start importing Assets/Art/External/KenneyUI/PNG/Blue/Double/button_round_depth_line.png using Guid(03372157f9aedeb429273be882fcd344) (TextureImporter) -> (artifact id: '63c5042cad8aad9f6f7d871b50755d8e') in 0.0074117 seconds
Start importing Assets/Art/External/KenneyUI/PNG/Yellow/Default/button_round_depth_flat.png using Guid(033ede12ad7b12540a99bd40ba4ba25f) (TextureImporter) -> (artifact id: '2595cce3609015ff7c8b1489bf45443d') in 0.0080213 seconds
Start importing Assets/Art/External/KenneyUI/PNG/Red/Default/button_square_depth_line.png using Guid(13c1d41e51b674b4eb86ae63cfcab635) (TextureImporter) -> (artifact id: '2250efa31abcd82c530cc92cd5057b65') in 0.0073705 seconds
Start importing Assets/Art/External/KenneyUI/PNG/Blue/Double/slide_vertical_grey_section.png using Guid(139515af2e500b648baa1daa1ac012d7) (TextureImporter) -> (artifact id: 'd60b566103a2368e45b7257f96a202db') in 0.0070399 seconds
Start importing Assets/Art/External/KenneyUI/PNG/Grey/Default/slide_vertical_color_section_wide.png using Guid(13b81ddc875b7604f876764c06f67f47) (TextureImporter) -> (artifact id: '0b7b0bd922f45896b02b868f6e6aa254') in 0.0070251 seconds
Start importing Assets/Art/External/KenneyUI/PNG/Green/Default/button_round_line.png using Guid(13cecb223c6fc5f4bb34012595f99a53) (TextureImporter) -> (artifact id: 'e02ad8385750fec8df3536ea4f904fbb') in 0.0074266 seconds
Start importing Assets/Art/External/KenneyUI/PNG/Yellow/Default/arrow_decorative_s.png using Guid(2319853a9a2af8a43892def13cd5b59e) (TextureImporter) -> (artifact id: '3e9997e784bcda9ad5498ed949de5457') in 0.0069983 seconds
Start importing Assets/Art/External/KenneyUI/PNG/Extra/Default/icon_repeat_dark.png using Guid(23ea83091f7cf2c4fbe54399d25cad9a) (TextureImporter) -> (artifact id: 'f2b92b42a103b68b920f219c1092c7a3') in 0.0072174 seconds
Start importing Assets/Art/External/KenneyUI/PNG/Yellow/Double/button_rectangle_flat.png using Guid(232f6b6f71633e748a572a60cfa6afdc) (TextureImporter) -> (artifact id: '6b510877015dad2d6072bdd87f1f2989') in 0.0082037 seconds
Start importing Assets/Art/External/KenneyUI/PNG/Yellow/Default/arrow_decorative_e_small.png using Guid(23ef78ab5cbd0e24eace7eb4273203aa) (TextureImporter) -> (artifact id: '33ca1975e9f51992cdb8b7ec5ac4328f') in 0.0071997 seconds
Start importing Assets/Art/External/KenneyUI/PNG/Grey/Double/arrow_basic_s.png using Guid(23ff36fac792ac24f9eb57426ad4ade3) (TextureImporter) -> (artifact id: 'ec087bea6b910c97bbb73a569d931adc') in 0.0075881 seconds
Start importing Assets/Art/External/KenneyUI/PNG/Blue/Double/check_square_grey_square.png using Guid(3361e2cd80711a647af52b0995c29dae) (TextureImporter) -> (artifact id: 'bc2d418c2d4a68628ef33f2274b72a71') in 0.0072234 seconds
Start importing Assets/Art/External/KenneyUI/PNG/Green/Default/arrow_basic_w_small.png using Guid(33823993d9e69284b83bd3475a5c47be) (TextureImporter) -> (artifact id: 'f483804c6c03cdf86b1207cc0aa9c6a1') in 0.0071478 seconds
Start importing Assets/Art/External/KenneyUI/PNG/Blue/Default/slide_vertical_color.png using Guid(3325ed00113b2de4ca5e4a32a16c4af4) (TextureImporter) -> (artifact id: 'be6eac717b41f7a39b50c35f39bbc8fb') in 0.0076405 seconds
Start importing Assets/Art/External/KenneyUI/PNG/Grey/Default/check_square_grey_cross.png using Guid(33998fb57c44706469586d671dee72d1) (TextureImporter) -> (artifact id: 'e6c76cc78e8b1607e017b9391e5fd16c') in 0.0072611 seconds
Start importing Assets/Art/External/KenneyUI/PNG/Red/Double/arrow_decorative_e.png using Guid(339bd8f61e6bbca47864e1b06c252778) (TextureImporter) -> (artifact id: '5ca0b7d02205a9748aa5f36533f24bc2') in 0.0073065 seconds
Start importing Assets/Art/External/KenneyUI/PNG/Red/Default/icon_outline_circle.png using Guid(4381419435321654db5229858f948a8d) (TextureImporter) -> (artifact id: '51e86abf8741090e161047cfa0888461') in 0.0071962 seconds
Start importing Assets/Art/External/KenneyUI/PNG/Blue/Default/slide_horizontal_grey.png using Guid(431c462f2efbb3e47908c34093baa476) (TextureImporter) -> (artifact id: 'a224f904fd832200a3591d7668309733') in 0.0069498 seconds
Start importing Assets/Art/External/KenneyUI/PNG/Yellow/Default/arrow_decorative_s_small.png using Guid(434d713aeb907954e8115c832289424e) (TextureImporter) -> (artifact id: 'd37510e38403195c426f6d55b7f128e4') in 0.0084662 seconds
Start importing Assets/Art/External/KenneyUI/PNG/Yellow/Default/arrow_decorative_n_small.png using Guid(430ed0a58ff0909418fe1ff125781af4) (TextureImporter) -> (artifact id: 'a2746962332b58d81dd2424eccdd33cd') in 0.0070281 seconds
Start importing Assets/Art/External/KenneyUI/PNG/Red/Default/arrow_basic_n_small.png using Guid(53747c7078c31fa408093bb18958839c) (TextureImporter) -> (artifact id: 'e8be6a543b692bf28416d14bcbd11e29') in 0.008039 seconds
Start importing Assets/Art/External/KenneyUI/PNG/Grey/Default/star_outline.png using Guid(53278e74dd3c5924189ce4aad1fad177) (TextureImporter) -> (artifact id: '2714dd6a698131729e958bfd0dc12c9c') in 0.0078067 seconds
Start importing Assets/Art/External/KenneyUI/PNG/Red/Double/slide_vertical_color_section_wide.png using Guid(535748a9f69c9674e8800d5751c2edf6) (TextureImporter) -> (artifact id: '95955e941e2a8a1e7d6609179393df6c') in 0.0073376 seconds
Start importing Assets/Art/External/KenneyUI/PNG/Extra/Double/button_rectangle_depth_line.png using Guid(63f7037e5e22d9849a059f2c36da48d5) (TextureImporter) -> (artifact id: '9f24e52abecb8b89410bac685a2d2ce3') in 0.0082463 seconds
Start importing Assets/Art/External/KenneyUI/PNG/Extra/Default/icon_arrow_up_light.png using Guid(63f74e64baf08fb4f84c650f37d8cc74) (TextureImporter) -> (artifact id: 'bb07b37e2a1072cc157c0c63b63d93c4') in 0.0072576 seconds
Start importing Assets/Art/External/KenneyUI/PNG/Grey/Double/slide_horizontal_color_section_wide.png using Guid(63e900e1c95f761429eab2ad1d0246e7) (TextureImporter) -> (artifact id: '7f52f21dab68daf9c30a7a90f48fa8db') in 0.0069834 seconds
Start importing Assets/Art/External/KenneyUI/PNG/Green/Double/button_square_line.png using Guid(638a5908c514c63458e7aaf61ef27414) (TextureImporter) -> (artifact id: 'be758103bfc9196c25a5746ec1577c74') in 0.0072461 seconds
Start importing Assets/Art/External/KenneyUI/PNG/Green/Double/button_round_depth_line.png using Guid(63ecd4a523f01254bb45f6be62d5dba8) (TextureImporter) -> (artifact id: '2553c1a38bced11b0b06014e1a955c58') in 0.0076608 seconds
Start importing Assets/Art/External/KenneyUI/PNG/Green/Double/button_rectangle_depth_flat.png using Guid(73d6e5dcdecbdd74186c9cafff9ab0e4) (TextureImporter) -> (artifact id: '68fa39c799934168e1dd597c2b68825d') in 0.0081598 seconds
Start importing Assets/Art/External/KenneyUI/PNG/Green/Double/button_rectangle_border.png using Guid(73cae35072bbdc34a8bab1939798f978) (TextureImporter) -> (artifact id: 'c617129267fb04b95304a698e79ba6d9') in 0.0084934 seconds
Start importing Assets/Art/External/diceroll.png using Guid(731ce42938456cd46a59cf028350c66f) (TextureImporter) -> (artifact id: 'afc015fa6d8a1e16943c191d697d15a9') in 0.0074619 seconds
Start importing Assets/Art/External/KenneyUI/PNG/Green/Default/button_square_depth_gloss.png using Guid(83a2694e4bbfd7a48b3f2dce4390accd) (TextureImporter) -> (artifact id: '20e2a07535c08170574702882ae765d3') in 0.0075684 seconds
Start importing Assets/Art/External/KenneyUI/PNG/Blue/Default/check_round_grey_circle.png using Guid(83d7b3f9f023dd34ba3c8069aaf79e4a) (TextureImporter) -> (artifact id: 'da8ded2a2d4bf8882ee18e8652079e68') in 0.00714 seconds
Start importing Assets/Art/External/KenneyUI/PNG/Yellow/Double/check_round_color.png using Guid(83d7b77992f9f3e4fae3a37b0de55cca) (TextureImporter) -> (artifact id: '16de17ee29fc752eaca1e7f4e5b34848') in 0.0072013 seconds
Start importing Assets/Art/External/KenneyUI/PNG/Red/Double/icon_outline_square.png using Guid(83890a36b1ce47d458a7d28c67608f9a) (TextureImporter) -> (artifact id: 'da954aca15ec24b2fa22f3dc9db41c9e') in 0.0072031 seconds
Start importing Assets/Art/External/KenneyUI/PNG/Extra/Double/icon_arrow_up_light.png using Guid(838b0728a0a609a4c93c204010336cf5) (TextureImporter) -> (artifact id: 'c2582c628de8109db30cba20ff3c9a38') in 0.0085045 seconds
Start importing Assets/Art/External/KenneyUI/PNG/Extra/Double/button_round_line.png using Guid(83cd88d7a9059944093541325ca90357) (TextureImporter) -> (artifact id: '94c9446e2d80056a7dafd950ef416b66') in 0.0077978 seconds
Start importing Assets/Art/External/KenneyUI/PNG/Green/Default/check_square_grey.png using Guid(83de8c54dcc765148b7b13cc33f45d33) (TextureImporter) -> (artifact id: '33239950950bc873b36901a69613a897') in 0.0073835 seconds
Start importing Assets/Art/External/KenneyUI/PNG/Blue/Default/star_outline_depth.png using Guid(9334cb035a7b1224fa68389ae2daa7c3) (TextureImporter) -> (artifact id: '4de026c24db97bb9aff3819dca79eb94') in 0.0071037 seconds
Start importing Assets/Art/External/KenneyUI/PNG/Red/Default/button_rectangle_gradient.png using Guid(9385e27b517f6c1439bf75c148cad3aa) (TextureImporter) -> (artifact id: '35b05726c29ce1f696768081a66d6fb6') in 0.0072321 seconds
Start importing Assets/Art/External/KenneyUI/PNG/Grey/Double/icon_outline_checkmark.png using Guid(9347e5b5247379748a41e207432a2957) (TextureImporter) -> (artifact id: 'c7fefa8c9192cd5569f0828a381d2db4') in 0.0075824 seconds
Start importing Assets/Art/External/KenneyUI/PNG/Grey/Double/arrow_basic_n_small.png using Guid(93674e93f0dbc334ca81d59260fc8156) (TextureImporter) -> (artifact id: '85d829380a71e037699934de400813bc') in 0.0076303 seconds
Start importing Assets/Art/External/KenneyUI/PNG/Grey/Double/icon_square.png using Guid(a3e6c7a9ef8475a49a891c8375bcf82b) (TextureImporter) -> (artifact id: '19bbc9017f68d5b04243280ba10cf18e') in 0.0070516 seconds
Start importing Assets/Art/External/KenneyUI/PNG/Grey/Default/slide_vertical_grey_section_wide.png using Guid(a3874045ace13184dbf7f6d21bb6e525) (TextureImporter) -> (artifact id: '72e6e0088436edbc339f3ce53c730f69') in 0.0070779 seconds
Start importing Assets/Art/External/KenneyUI/PNG/Blue/Double/button_rectangle_depth_line.png using Guid(a37c3c012f8670f479a21c32ca2f1f8f) (TextureImporter) -> (artifact id: 'f86fb7736f4dd3eaa0c4210eb9ebd215') in 0.0087854 seconds
Start importing Assets/Art/External/KenneyUI/PNG/Blue/Default/button_round_flat.png using Guid(b3329d072684f43409d2f1345e69f889) (TextureImporter) -> (artifact id: '1ef5e1cac01a02ddcfed6d0ca20f5cad') in 0.0079169 seconds
Start importing Assets/Art/External/KenneyUI/PNG/Yellow/Double/button_square_flat.png using Guid(b3e7e411aa56a744f89b6490f6c76175) (TextureImporter) -> (artifact id: '4b99b71e57e52c17acf9161fc5c891d7') in 0.0082902 seconds
Start importing Assets/Art/External/KenneyUI/PNG/Extra/Default/icon_arrow_down_dark.png using Guid(b3cba38bcd5440f4e9b722c828728fb5) (TextureImporter) -> (artifact id: '38a74b064ff363185327194646e0a644') in 0.007876 seconds
Start importing Assets/Art/External/KenneyUI/PNG/Green/Double/button_round_depth_border.png using Guid(b3ee719d0e9b25f4ca49c4e9f8912a9d) (TextureImporter) -> (artifact id: '3d88aa5a641ef3fc9b8832235f454025') in 0.0082536 seconds
Start importing Assets/Art/External/KenneyUI/PNG/Blue/Default/slide_horizontal_grey_section.png using Guid(c355a784df3976640a95583595ad2850) (TextureImporter) -> (artifact id: 'cc51d9b8beaf5f3970e6cb3190d1df45') in 0.0072954 seconds
Start importing Assets/Art/External/KenneyUI/PNG/Grey/Double/icon_outline_cross.png using Guid(c3c9f67c75b6df64088a2386e99c51e2) (TextureImporter) -> (artifact id: 'afeaf254fece8382402408acd1c6d5e1') in 0.0083931 seconds
Start importing Assets/Art/External/KenneyUI/PNG/Yellow/Double/arrow_decorative_s_small.png using Guid(c3dbdbe4549e1b84f9348e3dd796e84c) (TextureImporter) -> (artifact id: '72000c26525f24b15e898bb87d8c1848') in 0.0077138 seconds
Start importing Assets/Art/External/KenneyUI/PNG/Blue/Double/star.png using Guid(d3e7568d0a465c4468dfb1c0ab67394d) (TextureImporter) -> (artifact id: '15aaa61d2c3d2a9946f0238005018f63') in 0.0086529 seconds
Start importing Assets/Art/External/KenneyUI/PNG/Red/Double/slide_horizontal_grey.png using Guid(e3b0229994227f147ba23ccd8d83eaeb) (TextureImporter) -> (artifact id: '50c17354fcbf7ccde390acdc9a1784de') in 0.0083878 seconds
Start importing Assets/Art/External/KenneyUI/PNG/Red/Default/button_rectangle_depth_gradient.png using Guid(e3f1b3da127418f4c9ad87780fc8a1b7) (TextureImporter) -> (artifact id: '4085a225ea4d4cfd756877773ee9239f') in 0.0086989 seconds
Start importing Assets/Art/External/KenneyUI/PNG/Grey/Default/check_square_grey_square.png using Guid(e3a604602e837a448a0db74789f06964) (TextureImporter) -> (artifact id: 'ac72cdaa9c5cc7587c00ff86366fd5f4') in 0.0070966 seconds
Start importing Assets/Art/External/KenneyUI/PNG/Grey/Double/arrow_basic_w_small.png using Guid(e39bba0aec8abce4ea678dc183f150e1) (TextureImporter) -> (artifact id: '408b09342e7cdfabb14399e0f53c9929') in 0.0082787 seconds
Start importing Assets/Art/External/KenneyUI/PNG/Blue/Double/check_square_color_cross.png using Guid(e3bda40d4fff4ad409da60028993f2c5) (TextureImporter) -> (artifact id: 'dd3c45c42f191cea0cda93a97a0b8a83') in 0.0077208 seconds
Start importing Assets/Art/External/KenneyUI/PNG/Grey/Double/arrow_decorative_n_small.png using Guid(e3dd2207b63d54e4e8f130c04d8e4309) (TextureImporter) -> (artifact id: '796a19ced0cff15411e725226e85ab8f') in 0.0083475 seconds
Start importing Assets/Art/External/KenneyUI/PNG/Extra/Double/icon_repeat_dark.png using Guid(e37e880d48118ee45b059b01e66d1edf) (TextureImporter) -> (artifact id: 'b7331673ad353f4f0adb91c376170e46') in 0.0074084 seconds
Start importing Assets/Art/External/KenneyUI/PNG/Yellow/Double/check_square_grey_cross.png using Guid(f30801ff02c0aff4aa1c44aaa2f16c3f) (TextureImporter) -> (artifact id: '623684df8c2836bb25522fdcace4cc5a') in 0.0083267 seconds
Start importing Assets/Art/External/KenneyUI/PNG/Green/Default/arrow_basic_w.png using Guid(f36fcbce5a3f3a44084ac0dfbd4d1eaa) (TextureImporter) -> (artifact id: '6041418aac4d88913c78677d26f07a59') in 0.008327 seconds
Start importing Assets/Art/External/KenneyUI/PNG/Red/Double/button_square_gradient.png using Guid(045606bce1eab7845823077997a230aa) (TextureImporter) -> (artifact id: 'b2c79bb167221d075a34de79bdf282f3') in 0.0076383 seconds
Start importing Assets/Art/External/KenneyUI/PNG/Red/Double/arrow_basic_e.png using Guid(04762505b4d88f14b96f0cc7956fdc4c) (TextureImporter) -> (artifact id: '52455ee717906e52c8e034005897a7fc') in 0.0073961 seconds
Start importing Assets/Art/External/KenneyUI/PNG/Green/Default/arrow_basic_n_small.png using Guid(04b7dd356212ffd4d892a0fdcdc9bfad) (TextureImporter) -> (artifact id: 'f2a916682ef2b64958aff92b065e13b8') in 0.0074061 seconds
Start importing Assets/Art/External/KenneyUI/PNG/Grey/Default/slide_vertical_color_section.png using Guid(040b590cab58eed4dbe468469ac967ba) (TextureImporter) -> (artifact id: 'd3a173c796ef1ff655f01cbddf14a9b0') in 0.0072535 seconds
Start importing Assets/Art/External/KenneyUI/PNG/Red/Default/arrow_decorative_w_small.png using Guid(14353586ea0660e498cb8ae4495fcda9) (TextureImporter) -> (artifact id: 'b1a091efb63e1264d2f84931a8cb4f84') in 0.0079274 seconds
Start importing Assets/Art/External/KenneyUI/PNG/Grey/Double/button_round_depth_gradient.png using Guid(148d58d59278e4a4585bc2bec84a867f) (TextureImporter) -> (artifact id: 'c1e088d2b2f4da65dce29fa321c1a16a') in 0.0075438 seconds
Start importing Assets/Art/External/KenneyUI/PNG/Green/Double/slide_horizontal_grey.png using Guid(2451fbe3bf9c76f4799577cd35b7703e) (TextureImporter) -> (artifact id: '54e1ae8871e54028278f636c0e773241') in 0.0077038 seconds
Start importing Assets/Art/External/KenneyUI/PNG/Green/Default/button_rectangle_depth_gloss.png using Guid(241580e362a4e724eb82214b5a848cde) (TextureImporter) -> (artifact id: '8ca1e045e70c9ca69a9628e0d1006bc0') in 0.0078181 seconds
Start importing Assets/Art/External/KenneyUI/PNG/Blue/Default/slide_horizontal_color_section_wide.png using Guid(245b4d05702cb41469cd0bdf7e9a771d) (TextureImporter) -> (artifact id: '88bce00ca61becc483632dd972d83f79') in 0.0069498 seconds
Start importing Assets/Art/External/KenneyUI/PNG/Red/Default/slide_vertical_grey.png using Guid(247ba7c944a7e7745b4309a8e9096955) (TextureImporter) -> (artifact id: '286a2d89d26a298816fee936d3ccd837') in 0.0078827 seconds
Start importing Assets/Art/External/KenneyUI/PNG/Blue/Default/check_square_grey.png using Guid(243ff983f04866d468bf277d2305ac0e) (TextureImporter) -> (artifact id: '17a1ef5424e2ffa8615f3f8ea9f839e0') in 0.007493 seconds
Start importing Assets/Art/External/KenneyUI/PNG/Yellow/Double/check_square_grey_checkmark.png using Guid(34f58c1d4394fca4fa8d39150f1f5e1e) (TextureImporter) -> (artifact id: 'baa2f68f449bebb88e384ac62294c69b') in 0.008319 seconds
Start importing Assets/Art/External/KenneyUI/PNG/Yellow/Default/button_round_gradient.png using Guid(34373a60566c76742a93b928fddb9085) (TextureImporter) -> (artifact id: '29d174d4097cbcbff96c42f18dedfe1c') in 0.0079307 seconds
Start importing Assets/Art/External/KenneyUI/PNG/Green/Double/icon_outline_square.png using Guid(344b7cf7f29670a428701e4b5ef94c98) (TextureImporter) -> (artifact id: 'acce3601544489337e515f7d28abbb67') in 0.0074319 seconds
Start importing Assets/Art/External/KenneyUI/PNG/Grey/Default/button_rectangle_gradient.png using Guid(34cc4c689f028b44292ba8fc5b5587cb) (TextureImporter) -> (artifact id: '9cde8ee7227b2e7f36c5c15b82234e79') in 0.0081005 seconds
Start importing Assets/Art/External/KenneyUI/PNG/Grey/Default/button_square_flat.png using Guid(341d1da823880224d884e6a2496082d8) (TextureImporter) -> (artifact id: '8e96c7c6c97abe4ff3fb492188a443a7') in 0.0079982 seconds
Start importing Assets/Art/External/KenneyUI/PNG/Red/Default/check_round_grey.png using Guid(342f39ea745766d4c8a584c50280f4fe) (TextureImporter) -> (artifact id: '87249810291926a2a8bcee18e0d9bf09') in 0.0074668 seconds
Start importing Assets/Art/External/KenneyUI/PNG/Green/Default/button_rectangle_gloss.png using Guid(34ef0cf6fcc1e1c4b998f1fdb3118caf) (TextureImporter) -> (artifact id: '5078ffcf3f4d6faa8479f9b51afbba43') in 0.0085682 seconds
Start importing Assets/Art/External/KenneyUI/PNG/Green/Double/arrow_decorative_w.png using Guid(44016cd5e930abe40b8725455e00db3c) (TextureImporter) -> (artifact id: 'e3dcffa0d50ff1b4bfa70529c5b6424d') in 0.0100633 seconds
Start importing Assets/Art/External/KenneyUI/PNG/Yellow/Double/button_square_gradient.png using Guid(4487ee03224a628418905f6e9369fa1a) (TextureImporter) -> (artifact id: 'abf0157d7b11805a4690873cb214d777') in 0.0089234 seconds
Start importing Assets/Art/External/KenneyUI/PNG/Red/Double/check_square_grey.png using Guid(546376de3f871f5458a4be1b76551ec0) (TextureImporter) -> (artifact id: '60fd0a7cb759add6bdcc9491a678c5c8') in 0.0076212 seconds
Start importing Assets/Art/External/KenneyUI/PNG/Green/Default/icon_checkmark.png using Guid(54c74296b9a94b94bb87af840de2b18d) (TextureImporter) -> (artifact id: '18194fa41fb690af00a828442c2f157c') in 0.0081306 seconds
Start importing Assets/Art/External/KenneyUI/PNG/Grey/Default/button_square_depth_gradient.png using Guid(544b62061aa2a4e4d82540372f8c0312) (TextureImporter) -> (artifact id: '12e74c19ca07281121bb0386dba8d9fa') in 0.0077224 seconds
Start importing Assets/Art/External/KenneyUI/PNG/Grey/Double/star.png using Guid(645da6a5efcf92b4893f6b8a12766d63) (TextureImporter) -> (artifact id: '0e0b5b45d8ff55f022065d5ab727444b') in 0.0084117 seconds
Start importing Assets/Art/External/KenneyUI/PNG/Extra/Double/input_square.png using Guid(64ad5cfa41b83334c8cd27092fff5eaa) (TextureImporter) -> (artifact id: 'fe832943564b8d1c287dfe2dec0e7b3c') in 0.0077054 seconds
Start importing Assets/Art/External/KenneyUI/PNG/Red/Default/button_rectangle_border.png using Guid(645fe347c84000a4080375df4a33c440) (TextureImporter) -> (artifact id: '820d81a309211a06e56aa288b87b34c3') in 0.0087795 seconds
Start importing Assets/Art/External/KenneyUI/PNG/Yellow/Double/button_round_depth_flat.png using Guid(7464e4865e4e8cf42958f3cebfacda70) (TextureImporter) -> (artifact id: '241a7ff334a587acfdd69c824c59f374') in 0.0078447 seconds
Start importing Assets/Art/External/KenneyUI/PNG/Extra/Double/divider.png using Guid(742971658a9096b45a741400145bd24c) (TextureImporter) -> (artifact id: '829f7be9b6b1476c5be7580a0946489c') in 0.0078993 seconds
Start importing Assets/Art/External/KenneyUI/PNG/Blue/Default/slide_vertical_color_section.png using Guid(74db60f09f221b442b9896dfbecf0840) (TextureImporter) -> (artifact id: 'c8dfa86c3f64f69c564e63618573dfc9') in 0.0076913 seconds
Start importing Assets/Art/External/KenneyUI/PNG/Grey/Double/button_square_depth_gradient.png using Guid(747f8b20a8160af49994b8aeb9dcc827) (TextureImporter) -> (artifact id: 'c992bb3ef2f4ffba4deb019059325b92') in 0.0082291 seconds
Start importing Assets/Art/External/KenneyUI/PNG/Green/Default/button_round_depth_line.png using Guid(84061996dc61bf145b8e70790d6c969d) (TextureImporter) -> (artifact id: '50aafc8830b13d14c96aa97190730233') in 0.0075611 seconds
Start importing Assets/Art/External/KenneyUI/PNG/Grey/Double/arrow_basic_e_small.png using Guid(8488c353de678a443abc11e235b52a98) (TextureImporter) -> (artifact id: '34262659a52add9cdf36af7518073e92') in 0.0083636 seconds
Start importing Assets/Art/External/KenneyUI/PNG/Red/Double/arrow_basic_w_small.png using Guid(84eaf2fea1d499046a670db4baddfbe9) (TextureImporter) -> (artifact id: '11e50bd266adababbb333af56004db06') in 0.0074618 seconds
Start importing Assets/Art/External/KenneyUI/PNG/Blue/Double/arrow_basic_n.png using Guid(84fbf7f4f5709aa498fa8a22f053ba40) (TextureImporter) -> (artifact id: '43a262ae11b0966519573e5a9ea68bba') in 0.0089139 seconds
Start importing Assets/Art/External/KenneyUI/PNG/Grey/Double/arrow_decorative_w.png using Guid(94b5a665d13a7bc4dbb4f88bdda7ea6c) (TextureImporter) -> (artifact id: '2d4e477d980b7d5f82801e1751a47abe') in 0.0078506 seconds
Start importing Assets/Art/External/KenneyUI/PNG/Grey/Double/button_round_line.png using Guid(9498fa7837aa38c41bd3588428960d8f) (TextureImporter) -> (artifact id: '1b7d3bcfbd1636e0881e52c45dd8716f') in 0.0086403 seconds
Start importing Assets/Art/External/KenneyUI/PNG/Green/Double/button_rectangle_gradient.png using Guid(94d86db90ecbc424e8c9d7b7ffaa27f2) (TextureImporter) -> (artifact id: '4cd1679c7993dd31ae01bb6a481a5a5a') in 0.0082519 seconds
Start importing Assets/Art/External/KenneyUI/PNG/Grey/Double/slide_vertical_color_section.png using Guid(94ffe0e382660b445bb04596272ff0a0) (TextureImporter) -> (artifact id: '9831331b6056bd74627f1d61646b0128') in 0.0075763 seconds
Start importing Assets/Art/External/KenneyUI/PNG/Red/Default/slide_vertical_grey_section.png using Guid(a472616ab87802542b1606c03378aa1f) (TextureImporter) -> (artifact id: '0877237373c2f256b59873c41d3210ac') in 0.0066828 seconds
Start importing Assets/Art/External/KenneyUI/PNG/Green/Default/arrow_basic_n.png using Guid(a4fa0eba2dbd1d0408979248e68c119f) (TextureImporter) -> (artifact id: '0e149a8a67167d43e3a6bcf102142897') in 0.0071981 seconds
Start importing Assets/Art/External/KenneyUI/PNG/Yellow/Double/button_square_border.png using Guid(b4b1f15d5d8e0e049a0d2da7c740148c) (TextureImporter) -> (artifact id: 'fefe79ec7d3459985f891d976baf4045') in 0.0078619 seconds
Start importing Assets/Art/External/KenneyUI/PNG/Grey/Double/button_round_border.png using Guid(b4d686ef631a23a49b2e1b83ca4748ca) (TextureImporter) -> (artifact id: '6b4030ae477f4463b50400ef1ec751d2') in 0.0077152 seconds
Start importing Assets/Art/External/KenneyUI/PNG/Green/Double/slide_horizontal_color_section.png using Guid(b45b474cd30bb4845a178bd78677caac) (TextureImporter) -> (artifact id: '349e1b03ec940e9f3127913d4394d35e') in 0.0075806 seconds
Start importing Assets/Art/External/KenneyUI/PNG/Extra/Double/input_outline_square.png using Guid(c44bff2fed46cfb4ba1ccaa8d021873d) (TextureImporter) -> (artifact id: 'cdd5f0a6cac7baa2108533ca72a99aae') in 0.0080435 seconds
Start importing Assets/Art/External/KenneyUI/PNG/Green/Default/button_rectangle_depth_line.png using Guid(c41dcd2eab2253e4fa1a0993dd4de5c9) (TextureImporter) -> (artifact id: '7be607e209c401d0383aa1a47dcd3769') in 0.0077814 seconds
Start importing Assets/Art/External/KenneyUI/PNG/Yellow/Double/button_square_gloss.png using Guid(d434c559dbb657b4db9efb0b2281685a) (TextureImporter) -> (artifact id: '021c48dd6650a06912c594f8ead756c4') in 0.0071671 seconds
Start importing Assets/Art/External/KenneyUI/PNG/Blue/Double/arrow_decorative_e_small.png using Guid(d4d785d115835f245be27eed0c127699) (TextureImporter) -> (artifact id: 'a417496d8325df1aece231e38b363c3c') in 0.0072842 seconds
Start importing Assets/Art/External/KenneyUI/PNG/Yellow/Default/arrow_basic_e_small.png using Guid(d4bddd34d8147ab44bbf6d1fb82a4a82) (TextureImporter) -> (artifact id: 'b62e3744e1ef44aa53d3433714a117b7') in 0.0067003 seconds
Start importing Assets/Art/External/KenneyUI/PNG/Extra/Double/button_square_line.png using Guid(e493e103792cf25438e763e52548c4a5) (TextureImporter) -> (artifact id: 'dc652eafd9e4585ef23d54e8a644352d') in 0.0071353 seconds
Start importing Assets/Art/External/KenneyUI/PNG/Blue/Double/button_round_line.png using Guid(e4b57db11d9ce2b41a8be6a714f24e07) (TextureImporter) -> (artifact id: 'f1309192780f8dc5f7bfbcefc9053eda') in 0.0078349 seconds
Start importing Assets/Art/External/KenneyUI/PNG/Green/Default/check_square_grey_square.png using Guid(e48bf060740f8234797911fbc9dbe4b0) (TextureImporter) -> (artifact id: 'b08e417215e0a0cc896e1bfcc03b4b50') in 0.0069483 seconds
Start importing Assets/Art/External/KenneyUI/PNG/Blue/Default/slide_vertical_grey.png using Guid(e40d1882eda6fa94a80f43d77ccafa8f) (TextureImporter) -> (artifact id: '4d2818b843bee7c8a86aa3a5a40ca85e') in 0.007794 seconds
Start importing Assets/Art/External/KenneyUI/PNG/Yellow/Default/arrow_basic_w_small.png using Guid(f412eff4d79cd104b8affccb816d2d2a) (TextureImporter) -> (artifact id: '0443acf586ac63689776426cbb74b1e3') in 0.0069476 seconds
Start importing Assets/Art/External/KenneyUI/PNG/Green/Double/arrow_decorative_s.png using Guid(f472bd22649b80a48bdb040c7c4a68f7) (TextureImporter) -> (artifact id: 'a84ec7c553f989747fd48b3e943f4915') in 0.0073058 seconds
Start importing Assets/Art/External/KenneyUI/PNG/Yellow/Default/check_round_grey_circle.png using Guid(f49362420ef36a84e9ad2a09b67e133d) (TextureImporter) -> (artifact id: '68b5ec821e0ccdb8457ebd0cfa28e237') in 0.0068987 seconds
Start importing Assets/Art/External/KenneyUI/PNG/Red/Default/icon_square.png using Guid(f4c49b37ccfc1494c929103e107da511) (TextureImporter) -> (artifact id: 'f14040fa259de02866cfec69865b41d5') in 0.007844 seconds
Start importing Assets/Art/External/KenneyUI/PNG/Green/Double/button_round_depth_gradient.png using Guid(f405724260a408048a15d30c30b80e4f) (TextureImporter) -> (artifact id: '136b9f2138a85151c9f39b3ee472ae08') in 0.0069137 seconds
Start importing Assets/Art/External/KenneyUI/PNG/Yellow/Default/button_rectangle_border.png using Guid(f4172b1d9d38525418a0a1c96330c9fd) (TextureImporter) -> (artifact id: '04446d5326ff5f081cb703f1aaab0422') in 0.0076116 seconds
Start importing Assets/Art/External/KenneyUI/PNG/Yellow/Default/button_round_depth_gradient.png using Guid(f418f5b1c0826a4478ac96190d7277ab) (TextureImporter) -> (artifact id: '615018c5ffb47211146e981685fc3887') in 0.0070028 seconds
Start importing Assets/Art/External/KenneyUI/PNG/Blue/Default/arrow_decorative_s.png using Guid(f4ceb50ab1cc8264c8cb93c3939dfcd3) (TextureImporter) -> (artifact id: 'fbffb2504960c7ec314124c107c3568f') in 0.0072066 seconds
Start importing Assets/Art/External/KenneyUI/PNG/Red/Default/button_square_flat.png using Guid(05d4b32bcfef3054e8b257f190dac8d0) (TextureImporter) -> (artifact id: '9a226653047f8fed54c29a59bc16d1d1') in 0.0069994 seconds
Start importing Assets/Art/External/KenneyUI/PNG/Grey/Double/slide_horizontal_color.png using Guid(053baed05a194284eb2a3d2cf3aecaed) (TextureImporter) -> (artifact id: 'ca6eeab89a92e0e071805afa02a53a7c') in 0.0069373 seconds
Start importing Assets/Art/External/KenneyUI/PNG/Blue/Double/slide_horizontal_grey_section.png using Guid(052fc52c324eccb438dcc577d94256ae) (TextureImporter) -> (artifact id: 'ed7da138782af0ebb27fb9c5d9b5788f') in 0.0073038 seconds
Start importing Assets/Art/External/KenneyUI/PNG/Extra/Default/button_round_depth_line.png using Guid(152ee1cc435d6c3419a9c4c110ebcdaf) (TextureImporter) -> (artifact id: 'ed47f7cc407e1dd277b2f7c44b27a4cf') in 0.0068259 seconds
Start importing Assets/Art/External/KenneyUI/PNG/Red/Default/button_round_depth_flat.png using Guid(151f0438cf5bde44ca915c307080d9fd) (TextureImporter) -> (artifact id: '525a5235d953d01d8bb733c4864c4352') in 0.007273 seconds
Start importing Assets/Art/External/KenneyUI/PNG/Red/Double/button_round_depth_flat.png using Guid(15afcbdb19a98ea4481b4762455b590b) (TextureImporter) -> (artifact id: '9f5734b3fa0325f82a532588c58c3b45') in 0.00687 seconds
Start importing Assets/Art/External/KenneyUI/PNG/Blue/Double/arrow_decorative_n_small.png using Guid(25c11defddc61a54187f0400fe1ea777) (TextureImporter) -> (artifact id: '47bb58691395a43f7f98fb092549290e') in 0.0079655 seconds
Start importing Assets/Art/External/KenneyUI/PNG/Blue/Double/icon_circle.png using Guid(25da338fc536d1e4fa01417d1749c82f) (TextureImporter) -> (artifact id: 'a5313e64ee2098d25af7996476e63b6e') in 0.0069189 seconds
Start importing Assets/Art/External/KenneyUI/PNG/Green/Default/check_square_grey_cross.png using Guid(3505a69b850cdfd488d4c06975e61332) (TextureImporter) -> (artifact id: '655d067b2c12ec1166a16c5ca26805d0') in 0.0071337 seconds
Start importing Assets/Art/External/KenneyUI/PNG/Green/Default/arrow_decorative_n_small.png using Guid(35d76305ea74c8a4d946a06a52fca219) (TextureImporter) -> (artifact id: 'a7ba6e859d501f078e4b462e523c205d') in 0.0068967 seconds
Start importing Assets/Art/External/KenneyUI/PNG/Grey/Double/icon_cross.png using Guid(350d2a262f59ed14fb695b6c454870e6) (TextureImporter) -> (artifact id: 'a08419155bcb5f3466d328cfb7a766a0') in 0.0072732 seconds
Start importing Assets/Art/External/KenneyUI/PNG/Yellow/Default/button_round_gloss.png using Guid(45e469387e27d1e438bac5031e77deb3) (TextureImporter) -> (artifact id: '7d2c93fb11473df43eba36f7691258fa') in 0.0070923 seconds
Start importing Assets/Art/External/KenneyUI/PNG/Green/Double/button_rectangle_depth_border.png using Guid(4517fd693bfeb9c4780b7b4ee57899ce) (TextureImporter) -> (artifact id: 'f4e87f975650410a9b8a4c3e3fcf01dd') in 0.0089125 seconds
Start importing Assets/Art/External/KenneyUI/PNG/Grey/Double/check_round_round_circle.png using Guid(45b9c2d64b71a7d4e9163d58fc4593d3) (TextureImporter) -> (artifact id: 'dc6dd59b53ebb4db77b7fad76b12435b') in 0.0069853 seconds
Start importing Assets/Art/External/KenneyUI/PNG/Yellow/Default/arrow_basic_n.png using Guid(5588fa2474dd3c748ad17f1c30d72d83) (TextureImporter) -> (artifact id: '989a8f1b6f6dd1ccea4c0ddaec45c38d') in 0.0073969 seconds
Start importing Assets/Art/External/KenneyUI/PNG/Yellow/Double/icon_checkmark.png using Guid(5549076e000873343861c281e19c71d8) (TextureImporter) -> (artifact id: '6dc906b1765c04c42aedc352ca3c7e9b') in 0.007555 seconds
Start importing Assets/Art/External/KenneyUI/PNG/Red/Double/button_square_depth_line.png using Guid(750098247921e59469a2c07838bf20d5) (TextureImporter) -> (artifact id: '8071b78e14401ed277ee15ceda7d4695') in 0.0068621 seconds
Start importing Assets/Art/External/KenneyUI/PNG/Grey/Default/arrow_decorative_w_small.png using Guid(75c2bce18f1f87f4b818955824016bed) (TextureImporter) -> (artifact id: '226f55a1415232046b1f7895fa526f96') in 0.0071696 seconds
Start importing Assets/Art/External/KenneyUI/PNG/Green/Double/slide_horizontal_color.png using Guid(75c3ade3fd20a8d408b9f16d836b07d2) (TextureImporter) -> (artifact id: '8944026b2e176bf106dad409538456ac') in 0.0068438 seconds
Start importing Assets/Art/External/KenneyUI/PNG/Extra/Double/icon_play_dark.png using Guid(753408ebbaedf864fa9fa321b1e1f9b6) (TextureImporter) -> (artifact id: '051dd87d0378ad2a0da1780436b2cc37') in 0.0071229 seconds
Start importing Assets/Art/External/KenneyUI/PNG/Grey/Default/button_rectangle_depth_line.png using Guid(75d5e90e738978b4890b126f6497a3d7) (TextureImporter) -> (artifact id: '1cb00dbb89c7f145cc1e7c3640282e41') in 0.0071791 seconds
Start importing Assets/Art/External/KenneyUI/PNG/Yellow/Default/button_rectangle_flat.png using Guid(7548632f0a49e774392b6550d88271b2) (TextureImporter) -> (artifact id: '078f1916cc10d96f342fa45e9cca586c') in 0.0072847 seconds
Start importing Assets/Art/External/KenneyUI/PNG/Grey/Double/arrow_decorative_s.png using Guid(852158dbe0d72804f83755706b4398c3) (TextureImporter) -> (artifact id: '3981243928c6d58368e416fb374e7d22') in 0.0072454 seconds
Start importing Assets/Art/External/KenneyUI/PNG/Green/Double/arrow_decorative_e_small.png using Guid(8586d0907f5cbe244a4ca266ad5c8b7b) (TextureImporter) -> (artifact id: '62bffc56573e82f8d3c936ffeb059390') in 0.0068995 seconds
Start importing Assets/Art/External/KenneyUI/PNG/Red/Default/icon_outline_cross.png using Guid(8508bcaa66c0e4b43af75fc28d5b547b) (TextureImporter) -> (artifact id: '6e259b6e514c96dad52078ae6d1d5c3b') in 0.0081317 seconds
Start importing Assets/Art/External/KenneyUI/PNG/Blue/Default/arrow_basic_e.png using Guid(856d007851e7dd84b9add5b3e782a03c) (TextureImporter) -> (artifact id: 'df61d0e807ce48ca5dbf88059b960746') in 0.0067303 seconds
Start importing Assets/Art/External/KenneyUI/PNG/Green/Double/icon_checkmark.png using Guid(95aeeca5b9d250d45907fcf89cc06189) (TextureImporter) -> (artifact id: '76bbfebfffd2cd2b1b2b03e5d0695df0') in 0.0073568 seconds
Start importing Assets/Art/External/KenneyUI/PNG/Blue/Default/button_square_line.png using Guid(a510a918352ac3f4d91eadf4bab1b016) (TextureImporter) -> (artifact id: 'f45a4e5a987436bb5aea60a88066bd8b') in 0.0071796 seconds
Start importing Assets/Art/External/KenneyUI/PNG/Grey/Default/button_square_depth_flat.png using Guid(a560afad61510bc41a662352daf762d6) (TextureImporter) -> (artifact id: '6c8ec12cd7cfff095f6305d2be005a9b') in 0.006871 seconds
Start importing Assets/Art/External/KenneyUI/PNG/Red/Default/button_rectangle_line.png using Guid(a53aad6fb38c74b4b9ac1f3922317d36) (TextureImporter) -> (artifact id: '52bc2e6cde516f7a5a618bbd14ddb318') in 0.0074773 seconds
Start importing Assets/Art/External/KenneyUI/PNG/Red/Double/button_rectangle_depth_flat.png using Guid(a54aa20dbc132e14485c3abd5a61515b) (TextureImporter) -> (artifact id: '918ab25d72c9683703d0ccf2985c401f') in 0.0081847 seconds
Start importing Assets/Art/External/KenneyUI/PNG/Red/Default/button_round_gloss.png using Guid(a56abbb8490c21143b33bcfd190d90af) (TextureImporter) -> (artifact id: 'dcddc648e05e8bc6271e1491a24cbcaf') in 0.0071786 seconds
Start importing Assets/Art/External/KenneyUI/PNG/Yellow/Double/button_round_gloss.png using Guid(a54d4bb79f033184fa958577d95722d6) (TextureImporter) -> (artifact id: 'd51b04cb715cd15ac51b93e276e632a0') in 0.0068738 seconds
Start importing Assets/Art/External/KenneyUI/PNG/Green/Default/slide_horizontal_grey_section.png using Guid(a56d66e425a489646a6c121f45348028) (TextureImporter) -> (artifact id: '754e50d1d80b1d3ea4ada2a2faf75af2') in 0.0076721 seconds
Start importing Assets/Art/External/KenneyUI/PNG/Yellow/Default/button_square_gradient.png using Guid(a54e4d61da91d26449e63d3383a41ef1) (TextureImporter) -> (artifact id: '9e3ad30b52843c987a7cff0ac5463a57') in 0.0067544 seconds
Start importing Assets/Art/External/KenneyUI/PNG/Blue/Double/slide_vertical_grey.png using Guid(b5905ce884c585c46b4e8dc49c5d9e90) (TextureImporter) -> (artifact id: '42b7a36538cf20b0a074f8c460acc106') in 0.0081851 seconds
Start importing Assets/Art/External/KenneyUI/PNG/Grey/Default/slide_vertical_grey_section.png using Guid(b5a2e0805c8cefd4b920546b69f05fb6) (TextureImporter) -> (artifact id: 'ffe59592fa9d916657dca3fa71bfbc79') in 0.0067368 seconds
Start importing Assets/Art/External/KenneyUI/PNG/Yellow/Double/check_square_color_square.png using Guid(c52470781e5e3134e9b8a361b90da615) (TextureImporter) -> (artifact id: '93422a39fb36468cbe0981315bd50a55') in 0.0067352 seconds
Start importing Assets/Art/External/KenneyUI/PNG/Grey/Default/star_outline_depth.png using Guid(c527ffdf71ea5ba4a813366f15a7db72) (TextureImporter) -> (artifact id: 'd6933543a2c37ff4efca74b32f0f703d') in 0.006802 seconds
Start importing Assets/Art/External/KenneyUI/PNG/Blue/Double/arrow_basic_w_small.png using Guid(c5c7aadf773317c499f8e59c1e39e39a) (TextureImporter) -> (artifact id: '1c85dc477ee8e6f44fb061b9f1a202ee') in 0.0066969 seconds
Start importing Assets/Art/External/KenneyUI/PNG/Green/Double/check_round_round_circle.png using Guid(d5e1a58545d39bc4b9ffd92c7f157c24) (TextureImporter) -> (artifact id: '43cab1c2c08641446c6d1dcd0bd32522') in 0.007436 seconds
Start importing Assets/Art/External/KenneyUI/PNG/Grey/Default/button_rectangle_line.png using Guid(d55456cf7cf5b734d9219e66464a8b59) (TextureImporter) -> (artifact id: '2c98c5941c1b5bd333ffc5a4360efcad') in 0.0069962 seconds
Start importing Assets/Art/External/KenneyUI/PNG/Grey/Default/button_square_line.png using Guid(d5166b7a879b2264da95c0963a175978) (TextureImporter) -> (artifact id: '1ca4c1ce06f0b67cd8da392964e074ce') in 0.0070608 seconds
Start importing Assets/Art/External/KenneyUI/PNG/Yellow/Default/button_round_depth_border.png using Guid(d5b63232e4964974cb50160ace9c82fa) (TextureImporter) -> (artifact id: '0b328f3c0ee6feb3b33ae49cf0e8cd13') in 0.0071254 seconds
Start importing Assets/Art/External/KenneyUI/PNG/Red/Double/button_rectangle_border.png using Guid(d557af3ee7e2e6e459587de9cc2f016c) (TextureImporter) -> (artifact id: 'd2497cab188710c45f3b9c717a0eb03e') in 0.0095775 seconds
Start importing Assets/Art/External/KenneyUI/PNG/Green/Double/arrow_basic_w.png using Guid(d55efdbc498e56c4da5f3522ed731507) (TextureImporter) -> (artifact id: '6e8be77e728d40a8738c67a764f277fd') in 0.0072165 seconds
Start importing Assets/Art/External/KenneyUI/PNG/Red/Double/button_round_depth_border.png using Guid(e5cae576db34e244eab5a7599d5604b1) (TextureImporter) -> (artifact id: 'ad607e075532d77751856319ff52e9d6') in 0.0077334 seconds
Start importing Assets/Art/External/KenneyUI/PNG/Green/Default/icon_cross.png using Guid(f5cf52f9afcf0ab4b95219aa4c266f83) (TextureImporter) -> (artifact id: '253a7387e9ce3c0859e19cf4187a4ed1') in 0.0075928 seconds
Start importing Assets/Art/External/KenneyUI/PNG/Green/Double/arrow_decorative_n_small.png using Guid(06d1dd5d798ac3149b35ea82c0e64e99) (TextureImporter) -> (artifact id: '9694a48a0360453b807302ca399fcb0a') in 0.0071184 seconds
Start importing Assets/Art/External/KenneyUI/PNG/Blue/Double/button_square_depth_gloss.png using Guid(062863e82db587e409745c397032387c) (TextureImporter) -> (artifact id: '598d87b470c587e9a9a0d09ca5807099') in 0.0072808 seconds
Start importing Assets/Art/External/KenneyUI/PNG/Grey/Default/button_square_depth_gloss.png using Guid(064a3f10c06d0e94da8703e1b3f20a7e) (TextureImporter) -> (artifact id: '411fe57de8072e2c869a2187823e3881') in 0.0066406 seconds
Start importing Assets/Art/External/KenneyUI/PNG/Green/Double/check_square_grey_square.png using Guid(16e5d195d197d4b40b0ac613a67b0500) (TextureImporter) -> (artifact id: '2fa5d6779ac99226b964c93da748f3e0') in 0.0070702 seconds
Start importing Assets/Art/External/KenneyUI/PNG/Yellow/Default/button_round_depth_line.png using Guid(16267b07804bd5e4b8ad7dcccdc8f581) (TextureImporter) -> (artifact id: '69c7f344b74c740add3b62817bbdca22') in 0.0068649 seconds
Start importing Assets/Art/External/KenneyUI/PNG/Red/Default/check_square_color.png using Guid(168641eb6d673864897d039be6d09b5a) (TextureImporter) -> (artifact id: '48f8c30d444fd6586e428d5c8f6b4591') in 0.007856 seconds
Start importing Assets/Art/External/KenneyUI/PNG/Grey/Double/arrow_decorative_n.png using Guid(169c6910b21f5ee428b005392af95433) (TextureImporter) -> (artifact id: '54fefecfa422d92beb910babb174bd8e') in 0.0068777 seconds
Start importing Assets/Art/External/KenneyUI/PNG/Grey/Default/arrow_basic_e_small.png using Guid(16ed1cadd258aa44ca70f0dcff880178) (TextureImporter) -> (artifact id: 'a0b468d070840e1e89a7cb7cc8ef84ce') in 0.0067864 seconds
Start importing Assets/Art/External/KenneyUI/PNG/Blue/Double/button_rectangle_gradient.png using Guid(26b416652a93c4c478d1eb391c6aa06e) (TextureImporter) -> (artifact id: '043676df65552813baf10b1606f76ec7') in 0.0078461 seconds
Start importing Assets/Art/External/KenneyUI/PNG/Grey/Double/slide_vertical_grey_section.png using Guid(2646538b5782555459ec4fac4443ea4b) (TextureImporter) -> (artifact id: 'e22315a892dcf2fb1520b2514c86b5da') in 0.0066888 seconds
Start importing Assets/Art/External/KenneyUI/PNG/Grey/Double/button_square_depth_border.png using Guid(26188a34582c0d041bad22f02470ff95) (TextureImporter) -> (artifact id: '555302539c48e4c4f2d01e1c4898b74f') in 0.0074823 seconds
Start importing Assets/Art/External/KenneyUI/PNG/Grey/Default/arrow_decorative_s.png using Guid(268eeebafa9568847884b92d7162e20e) (TextureImporter) -> (artifact id: 'd2e6fa2458b81973bf64d2bd0547a336') in 0.0070406 seconds
Start importing Assets/Art/External/KenneyUI/PNG/Red/Double/check_round_round_circle.png using Guid(3690927af0364c241b9274cfc78bb5d3) (TextureImporter) -> (artifact id: '3c6ddca868804ba406fc9e3d1939971b') in 0.0072102 seconds
Start importing Assets/Art/External/KenneyUI/PNG/Extra/Double/button_rectangle_line.png using Guid(36821ccfffdeffd479e6116fdfbfdfb3) (TextureImporter) -> (artifact id: 'e5bc9f83110c6f7813571b51f5eb47ea') in 0.0078589 seconds
Start importing Assets/Art/External/KenneyUI/PNG/Grey/Default/button_rectangle_depth_gloss.png using Guid(36d94567c1d5602419c4a89aa51e67e7) (TextureImporter) -> (artifact id: '28b810d4eac9c145eed14725317752cb') in 0.0078403 seconds
Start importing Assets/Art/External/KenneyUI/PNG/Yellow/Default/check_square_grey.png using Guid(365ca160bc4dcee419d4c83dc054675d) (TextureImporter) -> (artifact id: 'f1f03ed8c40b079c640b5b7b8efbb3a8') in 0.006788 seconds
Start importing Assets/Art/External/KenneyUI/PNG/Yellow/Default/button_rectangle_depth_flat.png using Guid(367ff005ada02d7498fc6684eaa374a5) (TextureImporter) -> (artifact id: '23e9a9639f2474a5d3d105d913bbd5f8') in 0.0073837 seconds
Start importing Assets/Art/External/KenneyUI/PNG/Yellow/Double/arrow_basic_w_small.png using Guid(46d208e6b1118ec4c85e2c7676753653) (TextureImporter) -> (artifact id: 'cea8e220efb862c7d65ddaaf14d74f50') in 0.0070312 seconds
Start importing Assets/Art/External/KenneyUI/PNG/Red/Double/button_square_depth_gradient.png using Guid(46d5f0123c5a952439c38946bef8a644) (TextureImporter) -> (artifact id: '480039c94298bc44d0f1ba47b1f284e0') in 0.0074614 seconds
Start importing Assets/Art/External/KenneyUI/PNG/Yellow/Double/slide_vertical_color_section.png using Guid(46f5f8b27f535c647a802a11be221555) (TextureImporter) -> (artifact id: '47929271588c200b1492837ea63b18bd') in 0.0073997 seconds
Start importing Assets/Art/External/KenneyUI/PNG/Green/Default/button_rectangle_depth_border.png using Guid(5634c667e2f18f14aa35d18f60077199) (TextureImporter) -> (artifact id: 'abf7c5ed6769603301425bbd24a7efda') in 0.0074426 seconds
Start importing Assets/Art/External/KenneyUI/PNG/Red/Default/button_round_depth_gloss.png using Guid(5696802cc6abb6b4abb80ee27422fb32) (TextureImporter) -> (artifact id: '40ad25d177ce94d69a899397a3a600a5') in 0.007509 seconds
Start importing Assets/Art/External/KenneyUI/PNG/Green/Double/icon_circle.png using Guid(569ab008178fb4c48a9f941a1a59e1d0) (TextureImporter) -> (artifact id: '2eb8de3df74c0b044838a35e33b852d7') in 0.0073725 seconds
Start importing Assets/Art/External/KenneyUI/PNG/Grey/Double/button_round_depth_flat.png using Guid(565c2e9332e438a448178d9fa890baf6) (TextureImporter) -> (artifact id: '0623b7fcb81795da9789ec68e60c1ea6') in 0.0076666 seconds
Start importing Assets/Art/External/KenneyUI/PNG/Blue/Double/check_square_color_checkmark.png using Guid(565dedc76b8eefa46b81bede963e307a) (TextureImporter) -> (artifact id: '497b04b3d998ad1ec261b74228ebc900') in 0.0078418 seconds
Start importing Assets/Art/External/KenneyUI/PNG/Blue/Default/button_rectangle_flat.png using Guid(56ef016c314ad94419e23e705e594ffc) (TextureImporter) -> (artifact id: '07b332e64d6bde477f08dc0a31f3dda4') in 0.0079929 seconds
Start importing Assets/Art/External/KenneyUI/PNG/Green/Double/check_round_color.png using Guid(667b4973e04470848805383b8d3c0060) (TextureImporter) -> (artifact id: '63793f9c1cedbf8b3b2405946ba7b58a') in 0.0074009 seconds
Start importing Assets/Art/External/KenneyUI/PNG/Red/Default/icon_circle.png using Guid(76d16452b95d9b9419634bd1e100e331) (TextureImporter) -> (artifact id: 'fb78eb77016b46913b330874b9c6c730') in 0.0082792 seconds
Start importing Assets/Art/External/KenneyUI/PNG/Yellow/Default/check_square_color.png using Guid(76853c44490a4ec4d8f69ffa77ee782f) (TextureImporter) -> (artifact id: '249129537eab5cc3013708c6319cdc7f') in 0.0079492 seconds
Start importing Assets/Art/External/KenneyUI/PNG/Green/Default/slide_horizontal_grey.png using Guid(764e74739b417b443b8cb0795cea6450) (TextureImporter) -> (artifact id: '0f9da6ce479360a28ff1a8a48e6811e8') in 0.0087698 seconds
Start importing Assets/Art/External/KenneyUI/PNG/Grey/Double/check_square_grey_cross.png using Guid(86428607e25d54e4b893792aa76cd918) (TextureImporter) -> (artifact id: '7007b3e7e26cd4344e1af2d4985e11fd') in 0.0077924 seconds
Start importing Assets/Art/External/KenneyUI/PNG/Yellow/Default/button_square_depth_gradient.png using Guid(96907ca7555c6924db77041cbd506e8e) (TextureImporter) -> (artifact id: 'ceeaa03b3fb7bc830cdfeb7b7c4ddc08') in 0.0085694 seconds
Start importing Assets/Art/External/KenneyUI/PNG/Red/Double/icon_cross.png using Guid(a686034b996014a478a808dc43ff2ae8) (TextureImporter) -> (artifact id: '4702ffb39b130310e1b99dde9c52f1df') in 0.0072827 seconds
Start importing Assets/Art/External/KenneyUI/PNG/Grey/Double/arrow_decorative_s_small.png using Guid(a63e6269a3f988244bca391570e41620) (TextureImporter) -> (artifact id: '024a39598f6c2de3851227d52b6ba5f2') in 0.0075567 seconds
Start importing Assets/Art/External/KenneyUI/PNG/Yellow/Double/slide_horizontal_grey_section.png using Guid(a68e7a6e020ea6c4f86d8222dc4a37f3) (TextureImporter) -> (artifact id: '80846ffeaef6246f81b7f1e46512d76c') in 0.0077696 seconds
Start importing Assets/Art/External/KenneyUI/PNG/Yellow/Double/button_square_depth_line.png using Guid(b6a673b762da81049b7607a3f9f21f8e) (TextureImporter) -> (artifact id: '8c46104e4097bf2fe3ada84f02108261') in 0.0087689 seconds
Start importing Assets/Art/External/KenneyUI/PNG/Green/Double/arrow_basic_s.png using Guid(b60dbaa22c5c399418615dd5250b13cf) (TextureImporter) -> (artifact id: '0664084946d7b7abc5c205a54174a28c') in 0.0085971 seconds
Start importing Assets/Art/External/KenneyUI/PNG/Yellow/Double/button_square_depth_gloss.png using Guid(b6ce31fa2108b9843ac312865110ac97) (TextureImporter) -> (artifact id: '1d7f6a83ea0e0528d9f9510d7ca2b549') in 0.0078767 seconds
Start importing Assets/Art/External/KenneyUI/PNG/Red/Default/slide_horizontal_grey.png using Guid(c6619a0889c2dfa408f3b458842928ef) (TextureImporter) -> (artifact id: '1a9753e1c4b8278f01b2de03974ea16b') in 0.0073409 seconds
Start importing Assets/Art/External/KenneyUI/PNG/Blue/Default/arrow_decorative_s_small.png using Guid(c68472eae0928ab4b8da77941ff9e88f) (TextureImporter) -> (artifact id: '34498eba13b4135cb26074e583a48453') in 0.0085128 seconds
Start importing Assets/Art/External/KenneyUI/PNG/Grey/Double/icon_circle.png using Guid(c62fb4c97d3b8a4449ad882d7365f19b) (TextureImporter) -> (artifact id: 'cfe81e58c08e655c14120ffaf2e8af64') in 0.0072555 seconds
Start importing Assets/Art/External/KenneyUI/PNG/Blue/Double/star_outline.png using Guid(d654eee99cb01054f8d4b9f7b5c75a1d) (TextureImporter) -> (artifact id: '3830b38d31175cbfde700c414c33a3bb') in 0.0076309 seconds
Start importing Assets/Art/External/KenneyUI/PNG/Yellow/Double/slide_horizontal_color.png using Guid(d635a1fa3ee76774cb4eddfb243dcd91) (TextureImporter) -> (artifact id: '5e549e6c8e68806b521718d4a1015eaa') in 0.0075415 seconds
Start importing Assets/Art/External/KenneyUI/PNG/Blue/Double/arrow_basic_s_small.png using Guid(d69692cd589d0cc4e97330e00e93a7a5) (TextureImporter) -> (artifact id: '8f268ceca57c3e38a4fd7029626d10c5') in 0.0074569 seconds
Start importing Assets/Art/External/KenneyUI/PNG/Red/Double/arrow_basic_w.png using Guid(d6f85542efe187f4cbeaa4cd7280f5f9) (TextureImporter) -> (artifact id: '0c3e1ce6d2e37a10dea48815e86d05b0') in 0.0074038 seconds
Start importing Assets/Art/External/KenneyUI/PNG/Grey/Default/check_square_color_checkmark.png using Guid(e649568c048768f4695befa9ce7df87a) (TextureImporter) -> (artifact id: 'b2d45f2c50a14adf7c6386fb6e2213ca') in 0.0076635 seconds
Start importing Assets/Art/External/KenneyUI/PNG/Red/Default/button_square_border.png using Guid(e6caeb2ca17bbd849a1687a10ab2ac53) (TextureImporter) -> (artifact id: '4c070bd730b5763b426b99f94b306eb5') in 0.0074703 seconds
Start importing Assets/Art/External/KenneyUI/PNG/Grey/Double/button_rectangle_gloss.png using Guid(f6319840dd4d0d948b4edc50153d9865) (TextureImporter) -> (artifact id: 'fcfb053fbd5e9a2ac299776f862336b6') in 0.0083245 seconds
Start importing Assets/Art/External/KenneyUI/PNG/Green/Double/arrow_decorative_w_small.png using Guid(f632537e3f5391a41a6e7883dca2dd66) (TextureImporter) -> (artifact id: 'a7aca964dac24c5a47790e2088907ded') in 0.0078126 seconds
Start importing Assets/Art/External/KenneyUI/PNG/Grey/Default/button_round_depth_gloss.png using Guid(f6b88ee094b82704eae12caf9af548d6) (TextureImporter) -> (artifact id: '8afbd6cb228fe3dcdb469a94e6f0d3f7') in 0.0083996 seconds
Start importing Assets/Art/External/KenneyUI/PNG/Green/Default/arrow_basic_s_small.png using Guid(f66cde81261d1da43a8ea952c51fde4b) (TextureImporter) -> (artifact id: '06112c1ad2836254c632168b3d77680c') in 0.0088358 seconds
Start importing Assets/Art/External/KenneyUI/PNG/Grey/Double/icon_checkmark.png using Guid(07a33a298dd751040a3da9af285cd715) (TextureImporter) -> (artifact id: '71879b4880895c91c683985d72453a2f') in 0.0070554 seconds
Start importing Assets/Art/External/KenneyUI/PNG/Yellow/Double/slide_vertical_color.png using Guid(0734703ded7f5834ca9a5624c36d0fd9) (TextureImporter) -> (artifact id: 'a43b30943a6158a4e0d7e7601a13d0bd') in 0.0074426 seconds
Start importing Assets/Art/External/KenneyUI/PNG/Blue/Double/button_rectangle_gloss.png using Guid(077d45fa64cc20642908a4618d2e7646) (TextureImporter) -> (artifact id: '7d29107d47654778ccfd0c24bb1f0626') in 0.0091937 seconds
Start importing Assets/Art/External/KenneyUI/PNG/Blue/Default/button_round_gloss.png using Guid(075f563e471ff3f4189801008f3d9339) (TextureImporter) -> (artifact id: 'acf3caa64e9e24fdfc2f8996446fb0c9') in 0.0081617 seconds
Start importing Assets/Art/External/KenneyUI/PNG/Red/Double/button_rectangle_flat.png using Guid(17b3315d7603c1b48a9fdb91819ba228) (TextureImporter) -> (artifact id: '40f1647dbb0b137677243273ec6d0c5d') in 0.0083031 seconds
Start importing Assets/Art/External/KenneyUI/PNG/Grey/Double/button_round_depth_gloss.png using Guid(176468aadcc4f0944a2cf85703b6e3f8) (TextureImporter) -> (artifact id: '25a42de642c797e1a3ffa9eb1cceb2de') in 0.0075992 seconds
Start importing Assets/Art/External/KenneyUI/PNG/Red/Default/check_square_color_square.png using Guid(17945397d647c8d49a5c9f50bda3430d) (TextureImporter) -> (artifact id: '55166cf7f2a07bca98519cda3ee6de2c') in 0.0091903 seconds
Start importing Assets/Art/External/KenneyUI/PNG/Blue/Default/arrow_basic_e_small.png using Guid(1726f2194fa95164e8ca3115382b965a) (TextureImporter) -> (artifact id: 'c74737b04cc1c188fd2efa46c83ada86') in 0.0091608 seconds
Start importing Assets/Art/External/KenneyUI/PNG/Grey/Default/slide_horizontal_color_section.png using Guid(17a6fa6357458944b9f18b81b3d09943) (TextureImporter) -> (artifact id: 'c4c58571caa4083e2e937fcd4d8a76ea') in 0.0087666 seconds
Start importing Assets/Art/External/KenneyUI/PNG/Green/Default/button_square_depth_flat.png using Guid(17671238ae45a7d48b4cf0a6460beaf7) (TextureImporter) -> (artifact id: '64cb5857099549b48b8c027ba9b6f68e') in 0.0075232 seconds
Start importing Assets/Art/External/KenneyUI/PNG/Yellow/Default/icon_outline_circle.png using Guid(179bd6188bbd9d64f8752f97fe9a8bc8) (TextureImporter) -> (artifact id: '3772d9385a72aebbc46768153ba646b7') in 0.007647 seconds
Start importing Assets/Art/External/KenneyUI/PNG/Grey/Double/slide_vertical_grey.png using Guid(27a05998dfa3f1b4c8fbc8560f7b3cb0) (TextureImporter) -> (artifact id: '29604b1753ac3874f3f88a4ac9856279') in 0.0079801 seconds
Start importing Assets/Art/External/KenneyUI/PNG/Yellow/Double/button_rectangle_depth_flat.png using Guid(27226aa8eab231c4ba217516d4f12476) (TextureImporter) -> (artifact id: '29c9e3c1e225a2bba6f51f9017e50ccd') in 0.0084091 seconds
Start importing Assets/Art/External/KenneyUI/PNG/Yellow/Double/check_square_color_checkmark.png using Guid(2763fbc4f03e6c04780bce2be2a0ca47) (TextureImporter) -> (artifact id: 'a9bbde14304730fa1fb3a105ce0988e1') in 0.0089551 seconds
Start importing Assets/Art/External/KenneyUI/PNG/Green/Double/button_rectangle_depth_gradient.png using Guid(277822b41e9468947a17f0f3d8c9deb5) (TextureImporter) -> (artifact id: 'aa998d5c1879d6ef8fd303dd43e9f787') in 0.0095621 seconds
Start importing Assets/Art/External/KenneyUI/PNG/Blue/Double/button_square_line.png using Guid(3771447e2d77a744fa57890a8e045e7f) (TextureImporter) -> (artifact id: 'fc9343983626b0dd9109bdfb921ecf26') in 0.0079677 seconds
Start importing Assets/Art/External/KenneyUI/PNG/Blue/Double/check_round_grey.png using Guid(37c20ba6be06fe24fa535cbd95021352) (TextureImporter) -> (artifact id: 'fe4b63c084577c9d3f5564e5f6fea02f') in 0.008798 seconds
Start importing Assets/Art/External/KenneyUI/PNG/Red/Default/icon_outline_square.png using Guid(372aff20312751540a076d54e576928b) (TextureImporter) -> (artifact id: '3719bbf97dd82e7b7b1c68b547eaa47c') in 0.0074225 seconds
Start importing Assets/Art/External/KenneyUI/PNG/Grey/Default/check_square_color.png using Guid(37ab38713da6b4a478b4d9b95078c29a) (TextureImporter) -> (artifact id: '9fc4de7f7d0b4cf1d5cc11b019da67a9') in 0.0073276 seconds
Start importing Assets/Art/External/KenneyUI/PNG/Green/Default/button_square_line.png using Guid(4788b09e15a6f6c49a5c15760f0060dd) (TextureImporter) -> (artifact id: '30f7098005b36fb9dcbb62e1a0252853') in 0.0070994 seconds
Start importing Assets/Art/External/KenneyUI/PNG/Red/Double/button_round_flat.png using Guid(47a8553df3d50664f85c7a0765584d2a) (TextureImporter) -> (artifact id: 'b6087fa6fd5409b550e68546672df17c') in 0.0078245 seconds
Start importing Assets/Art/External/KenneyUI/PNG/Extra/Double/button_square_depth_line.png using Guid(47d9cba4bd5834d4d95beaadda39b312) (TextureImporter) -> (artifact id: '4bd7afef4c1ed4f9ec99dc04f97777ef') in 0.0073359 seconds
Start importing Assets/Art/External/KenneyUI/PNG/Grey/Double/slide_horizontal_color_section.png using Guid(57d55a97c3386c54b9bb96c13a48c44c) (TextureImporter) -> (artifact id: '8c7980cce499e565370064d289f2519e') in 0.0073326 seconds
Start importing Assets/Art/External/KenneyUI/PNG/Green/Default/slide_horizontal_grey_section_wide.png using Guid(573def94501675947a78edcca221ff51) (TextureImporter) -> (artifact id: '60e108e44fc6b2996120ddd29eecc60e') in 0.007949 seconds
Start importing Assets/Art/External/KenneyUI/PNG/Blue/Default/check_square_grey_cross.png using Guid(6751fbf56b3a24c4685e8e8c0f8f975d) (TextureImporter) -> (artifact id: '267b04396edb73cf0d533b06dc80e24c') in 0.0071041 seconds
Start importing Assets/Art/External/KenneyUI/PNG/Red/Default/check_round_color.png using Guid(67ec9aa796b1d2245b60607362450581) (TextureImporter) -> (artifact id: 'a82298b1a38d428541d6fb2aa219205c') in 0.0086466 seconds
Start importing Assets/Art/External/KenneyUI/PNG/Green/Default/arrow_decorative_e_small.png using Guid(67ecdcf663b9e61499de2b8efe442e6d) (TextureImporter) -> (artifact id: '5ea390eae1d286ff1c33816722680756') in 0.0076234 seconds
Start importing Assets/Art/External/KenneyUI/PNG/Red/Default/star_outline.png using Guid(677df597337e3b04791472102160a35f) (TextureImporter) -> (artifact id: 'f10e39faedaf5c422b94dc4cbeac29b8') in 0.0078675 seconds
Start importing Assets/Art/External/KenneyUI/PNG/Yellow/Default/arrow_basic_s.png using Guid(677efa72ef1392a4fb2b9c47392f2801) (TextureImporter) -> (artifact id: '085f4d0a47827f5a58a96764dfc9dc72') in 0.0075723 seconds
Start importing Assets/Art/External/KenneyUI/PNG/Red/Double/slide_vertical_color.png using Guid(7723b40f067bdbb43b483c5c831bbb2b) (TextureImporter) -> (artifact id: 'a6d900abcf28983fe3b4a05e9231fe89') in 0.0087109 seconds
Start importing Assets/Art/External/KenneyUI/PNG/Yellow/Default/check_square_grey_square.png using Guid(87f8b1374d0a60c45881ab8f1cfc8d6e) (TextureImporter) -> (artifact id: '537751b913824577ccf08a7c07bed010') in 0.0073256 seconds
Start importing Assets/Art/External/KenneyUI/PNG/Red/Default/check_square_color_checkmark.png using Guid(970113e13fdb46c4da0378885a2f021d) (TextureImporter) -> (artifact id: 'aca69e7efd7d41265ad2d2e444339ca6') in 0.0076382 seconds
Start importing Assets/Art/External/KenneyUI/PNG/Blue/Default/arrow_basic_s_small.png using Guid(976603edf595f5b4fb9a33b5601784f3) (TextureImporter) -> (artifact id: '03fd7099d89e31deb705ae6452537bd5') in 0.0071099 seconds
Start importing Assets/Art/External/KenneyUI/PNG/Green/Double/star_outline.png using Guid(9778a8493c862ef48a91a64cd9e776ae) (TextureImporter) -> (artifact id: 'eacdf12c049433468e45a0f680618db5') in 0.0074312 seconds
Start importing Assets/Art/External/KenneyUI/PNG/Red/Double/arrow_decorative_n.png using Guid(972acbf727a18c44683b1348368821e6) (TextureImporter) -> (artifact id: '5c527d656102482cecf78023eeb20281') in 0.0074532 seconds
Start importing Assets/Art/External/KenneyUI/PNG/Yellow/Double/button_rectangle_depth_gloss.png using Guid(977de9fd9fc763444bed013c850a8580) (TextureImporter) -> (artifact id: '56748b6b37db78e5c2621973aa955289') in 0.008303 seconds
Start importing Assets/Art/External/KenneyUI/PNG/Blue/Default/icon_cross.png using Guid(b7be28e000b41b94a82d93283f4760c4) (TextureImporter) -> (artifact id: '586af637ae8b515959537bf89b04eb9c') in 0.0070839 seconds
Start importing Assets/Art/External/KenneyUI/PNG/Grey/Default/check_square_color_square.png using Guid(b7fe4e44a082e1543bd4b9b38cc2b9c2) (TextureImporter) -> (artifact id: 'e8cd256a4f500e85f94eb7130f4de588') in 0.0072433 seconds
Start importing Assets/Art/External/KenneyUI/PNG/Green/Default/star_outline.png using Guid(c7721211f79912e4db9faa7047c5b177) (TextureImporter) -> (artifact id: '1e7746fe3a21d4b50f0c8d5a0f0e4537') in 0.0072687 seconds
Start importing Assets/Art/External/KenneyUI/PNG/Red/Double/star.png using Guid(d7e2857be5acdab4fa0807dde0c9e646) (TextureImporter) -> (artifact id: 'd37842fc06d44a23da0dea96107a7c6b') in 0.0076167 seconds
Start importing Assets/Art/External/KenneyUI/PNG/Extra/Default/divider_edges.png using Guid(d78961d14020f484fb0b3d31f2569b42) (TextureImporter) -> (artifact id: '0c99fd6cfcc803b2bc7bd193ef586922') in 0.0073559 seconds
Start importing Assets/Art/External/KenneyUI/PNG/Red/Double/arrow_decorative_w.png using Guid(d72a3b253a6f90f40a40764740ff2195) (TextureImporter) -> (artifact id: '821715dc83dd52b72f68219a25f2465d') in 0.007012 seconds
Start importing Assets/Art/External/KenneyUI/PNG/Red/Default/slide_horizontal_grey_section.png using Guid(d7acd4cafd7e1f04d875e0c74022afa6) (TextureImporter) -> (artifact id: '1822fcb32506274de51604d75d97439a') in 0.0074694 seconds
Start importing Assets/Art/External/KenneyUI/PNG/Blue/Default/check_square_grey_checkmark.png using Guid(d77d10a20c9c58d4ca776dd250e3c8c8) (TextureImporter) -> (artifact id: '15301e8030633d8a9a5c5b43a870f554') in 0.006649 seconds
Start importing Assets/Art/External/KenneyUI/PNG/Blue/Default/button_square_depth_gloss.png using Guid(d75e4b773eed35c478d19f4d03acbc07) (TextureImporter) -> (artifact id: '150eabac4983e48b609d2b74fc8ef7d4') in 0.0069952 seconds
Start importing Assets/Art/External/KenneyUI/PNG/Yellow/Double/icon_circle.png using Guid(e782b51e273e5e6419e37aded81a86d3) (TextureImporter) -> (artifact id: '151ffbb0ec5c8223ee0e747b77cb26bb') in 0.0066958 seconds
Start importing Assets/Art/External/KenneyUI/PNG/Red/Default/arrow_basic_s.png using Guid(e7555ea80ef52cd45981cad047481463) (TextureImporter) -> (artifact id: '2228f6e5740daa743a02621171b0db26') in 0.0075936 seconds
Start importing Assets/Art/External/KenneyUI/PNG/Blue/Default/icon_outline_square.png using Guid(e7464ed6925da22429c784b31e7e6986) (TextureImporter) -> (artifact id: '3b8a42872fa9e810dcd0f35a552e698e') in 0.0075571 seconds
Start importing Assets/Art/External/KenneyUI/PNG/Blue/Default/check_round_color.png using Guid(e769be86d3cc60e4d9506b133da2a627) (TextureImporter) -> (artifact id: 'e06e2bfef4769d4dd318d2c2c30ae525') in 0.0071049 seconds
Start importing Assets/Art/External/KenneyUI/PNG/Grey/Default/slide_horizontal_color_section_wide.png using Guid(e7cb9bacb4f35f94c873551cd438d084) (TextureImporter) -> (artifact id: '002abd768546c9ecd4e1369a4ef1579a') in 0.0080217 seconds
Start importing Assets/Art/External/KenneyUI/PNG/Blue/Default/button_square_depth_gradient.png using Guid(e72cb74e2d420df4c93c7cad4161c831) (TextureImporter) -> (artifact id: '06a899b18212222b0edd4b9797c7ee47') in 0.0070177 seconds
Start importing Assets/Art/External/KenneyUI/PNG/Green/Default/star.png using Guid(e75d886f64afdbb4994d750dbe51b049) (TextureImporter) -> (artifact id: 'b5ff9730279cac3c453e956f9d092f71') in 0.0071097 seconds
Start importing Assets/Art/External/KenneyUI/PNG/Blue/Default/arrow_basic_w_small.png using Guid(e7dfc0f7a1e2ea9488951f7a226820d7) (TextureImporter) -> (artifact id: '9c6e499fa50c4ed40d522105d797aa2f') in 0.0067326 seconds
Start importing Assets/Art/External/KenneyUI/PNG/Green/Double/button_rectangle_gloss.png using Guid(f71ae7b9b6bd4fa4faec78b3004071ac) (TextureImporter) -> (artifact id: 'a1ec90f3af8a54033edaf16a1b936c82') in 0.0079888 seconds
Start importing Assets/Art/External/KenneyUI/PNG/Yellow/Default/check_square_color_square.png using Guid(081083282f4f9b94eb17d7063eff342f) (TextureImporter) -> (artifact id: '663508ed6c0adb6cb06194e34fcd842a') in 0.0071639 seconds
Start importing Assets/Art/External/KenneyUI/PNG/Red/Double/slide_horizontal_grey_section.png using Guid(08b4e4f46a0c3724587c2a0d0a23e789) (TextureImporter) -> (artifact id: '4da4329b1a68572a134fe2caf65ad51f') in 0.0066206 seconds
Start importing Assets/Art/External/KenneyUI/PNG/Grey/Double/button_rectangle_depth_line.png using Guid(083d03c692d5a8a49a914c9b5d522640) (TextureImporter) -> (artifact id: '31f39ab6e56455dbb864b77b934a1bbc') in 0.0081971 seconds
Start importing Assets/Art/External/KenneyUI/PNG/Grey/Default/slide_vertical_color.png using Guid(088f86ecb79b1444a9daea2155713db3) (TextureImporter) -> (artifact id: '430c1eb404110eaf95a3dd049cd2160d') in 0.0069487 seconds
Start importing Assets/Art/External/KenneyUI/PNG/Grey/Default/slide_horizontal_grey_section_wide.png using Guid(1801db1b7c495b549803ddffc72dceb4) (TextureImporter) -> (artifact id: 'b5d039fd132fe8535655ae157eb05f16') in 0.0081684 seconds
Start importing Assets/Art/External/KenneyUI/PNG/Green/Default/button_round_flat.png using Guid(1882e1456b105d643b9bec0c3463e0c8) (TextureImporter) -> (artifact id: '0ad1ae9171e7a2f93ea5da104043e4e1') in 0.0068969 seconds
Start importing Assets/Art/External/KenneyUI/PNG/Grey/Double/button_rectangle_line.png using Guid(18a8fee3ae9eff24483a8e7452a66725) (TextureImporter) -> (artifact id: '68213ae2bbad4cfc26896a4e4f218de0') in 0.0083032 seconds
Start importing Assets/Art/External/KenneyUI/PNG/Yellow/Default/check_square_grey_cross.png using Guid(18e887130b3a16f439287190cda9be39) (TextureImporter) -> (artifact id: 'e58c75c17a946d0219a811ce8bd3d47e') in 0.0066908 seconds
Start importing Assets/Art/External/KenneyUI/PNG/Grey/Double/button_square_gradient.png using Guid(185c7f6ff924c394db20c177b7a396cb) (TextureImporter) -> (artifact id: '5385e87d477f1c5e442d49906b289993') in 0.0075463 seconds
Start importing Assets/Art/External/KenneyUI/PNG/Green/Double/slide_vertical_grey_section_wide.png using Guid(28bdac0d4a6ff2c46a169f15033e1db3) (TextureImporter) -> (artifact id: '0d27744589284d7f115f04e0c93b0ca8') in 0.006754 seconds
Start importing Assets/Art/External/KenneyUI/PNG/Extra/Default/button_rectangle_depth_line.png using Guid(38353857776823b42b5cfc533309fd8d) (TextureImporter) -> (artifact id: '0d59518c9d0e23ca3ed21fec693d84cb') in 0.0070325 seconds
Start importing Assets/Art/External/KenneyUI/PNG/Yellow/Default/arrow_decorative_w.png using Guid(388a6d88f58606f4b84306b28cf6dd87) (TextureImporter) -> (artifact id: '9d2215b0b56029a19661ba194849e013') in 0.00708 seconds
Start importing Assets/Art/External/KenneyUI/PNG/Yellow/Double/slide_horizontal_color_section_wide.png using Guid(48e7e786d84d42b4bb8e7df517038c43) (TextureImporter) -> (artifact id: '0fdc8ffb312e0c106bdc209099bc72d6') in 0.0077387 seconds
Start importing Assets/Art/External/KenneyUI/PNG/Yellow/Default/star_outline_depth.png using Guid(487829e835b59e54cbdc895d6eb18da5) (TextureImporter) -> (artifact id: 'd66078575d81ebb3d209393495097d76') in 0.0072649 seconds
Start importing Assets/Art/External/KenneyUI/PNG/Blue/Double/slide_vertical_color.png using Guid(48e8f90cf7fad6c4c891d8d60d7207ca) (TextureImporter) -> (artifact id: '534a78073ec1ce8e5b2413590712dda6') in 0.0077634 seconds
Start importing Assets/Art/External/KenneyUI/PNG/Yellow/Default/slide_horizontal_grey_section.png using Guid(484ccea28438f75449301142124e998f) (TextureImporter) -> (artifact id: '395a4bee466be2041fd7d2e5c7c0033d') in 0.0072528 seconds
Start importing Assets/Art/External/KenneyUI/PNG/Red/Default/check_square_color_cross.png using Guid(58072467f832dec429efa5bec756d8a0) (TextureImporter) -> (artifact id: 'e9e2a1b993f8d5cec96ee1a72ca7f985') in 0.0067034 seconds
Start importing Assets/Art/External/KenneyUI/PNG/Yellow/Double/button_square_depth_flat.png using Guid(58b883d3523eb0f47a48764bdf414a4d) (TextureImporter) -> (artifact id: '4916e1b2af3ddd40bba31d2016c3df5a') in 0.0075254 seconds
Start importing Assets/Art/External/KenneyUI/PNG/Yellow/Double/button_round_border.png using Guid(588d72b2409c7bf46951b76a0071f974) (TextureImporter) -> (artifact id: 'a96b33a1c4df4b0cb969b0bff7ecd1b3') in 0.0073781 seconds
Start importing Assets/Art/External/KenneyUI/PNG/Grey/Double/icon_outline_square.png using Guid(689005d16fb8a5442bacab5f2dc31ef9) (TextureImporter) -> (artifact id: 'b655896e44ff3d5aa771bd660a8c3d5f') in 0.0079916 seconds
Start importing Assets/Art/External/KenneyUI/PNG/Red/Double/button_rectangle_line.png using Guid(68d39889ee8359f4b80ca2d348e56958) (TextureImporter) -> (artifact id: 'b56d045dc1dbf3be5210c10afd0777bd') in 0.0091145 seconds
Start importing Assets/Art/External/KenneyUI/PNG/Green/Double/check_square_grey_checkmark.png using Guid(68a40e653e9690f40aba687707fd600b) (TextureImporter) -> (artifact id: 'ef9ffae34ea107260551a4d43b3d3671') in 0.0072965 seconds
Start importing Assets/Art/External/KenneyUI/PNG/Yellow/Double/arrow_basic_n_small.png using Guid(687a26aeab5b14d4b9f453274e24b43e) (TextureImporter) -> (artifact id: '9c1b969ab09bbd61914af1697d999843') in 0.0073242 seconds
Start importing Assets/Art/External/KenneyUI/PNG/Green/Default/button_rectangle_depth_gradient.png using Guid(78101a66dd230334db79f339adcb3fa3) (TextureImporter) -> (artifact id: '51cb1e87d0953ce139746d64d680a2db') in 0.0074848 seconds
Start importing Assets/Art/External/KenneyUI/PNG/Green/Default/button_rectangle_line.png using Guid(782371979074f394b99fc1a596846df8) (TextureImporter) -> (artifact id: '06eac4bd946186a70002d45500d007f8') in 0.0074645 seconds
Start importing Assets/Art/External/KenneyUI/PNG/Blue/Double/button_rectangle_flat.png using Guid(8805eabd3494c3841908b83790e4c808) (TextureImporter) -> (artifact id: 'be831c1f9bd8cef1141718aceae9ad79') in 0.0086277 seconds
Start importing Assets/Art/External/KenneyUI/PNG/Green/Double/slide_horizontal_color_section_wide.png using Guid(9818aea26148d9e4481e09a6a1fe790e) (TextureImporter) -> (artifact id: 'c78620bf5c9b91c685f0b4dca98a1a3f') in 0.0076326 seconds
Start importing Assets/Art/External/KenneyUI/PNG/Red/Double/slide_vertical_grey_section.png using Guid(98386bf9945d9bd48bbb9ebe477608bc) (TextureImporter) -> (artifact id: '40f2702a0bd28beb707a1245558c8a38') in 0.0076215 seconds
Start importing Assets/Art/External/KenneyUI/PNG/Green/Default/slide_vertical_color_section_wide.png using Guid(98ba6f869055ac04fb799d79181693c5) (TextureImporter) -> (artifact id: '47e04cd4ea68b7466cb37873b5df332a') in 0.007418 seconds
Start importing Assets/Art/External/KenneyUI/PNG/Green/Double/arrow_basic_w_small.png using Guid(a8b678336a9c76e48b0f11514a89d43d) (TextureImporter) -> (artifact id: 'b2399118b26d37b880ef8a87f9199efa') in 0.0079694 seconds
Start importing Assets/Art/External/KenneyUI/PNG/Green/Double/button_square_depth_border.png using Guid(b861a25a67f038d4199e36849a425198) (TextureImporter) -> (artifact id: '15d82d5791ed5b7861043c5bc7e522e0') in 0.0085318 seconds
Start importing Assets/Art/External/KenneyUI/PNG/Red/Double/button_square_border.png using Guid(b8d2d07e9a677a1448b199c301f924a9) (TextureImporter) -> (artifact id: 'd2cbfaffc3ceebb2a12640f5c19a8d79') in 0.0068601 seconds
Start importing Assets/Art/External/KenneyUI/PNG/Yellow/Double/arrow_decorative_w.png using Guid(b8cb2f4999258704998912d417b428a3) (TextureImporter) -> (artifact id: 'f92ed5d7d7402b19d879ad9ff6a8dbe2') in 0.0071382 seconds
Start importing Assets/Art/External/KenneyUI/PNG/Yellow/Double/button_round_depth_border.png using Guid(c83b93a12fb8ed34c811d88b9602053b) (TextureImporter) -> (artifact id: 'da0ee0382414a9b256bf7a0a3afe52ae') in 0.0072173 seconds
Start importing Assets/Art/External/KenneyUI/PNG/Yellow/Double/button_rectangle_line.png using Guid(c81e5cc8cc263fc4bb6476770cf56f23) (TextureImporter) -> (artifact id: '6a1fc196e1ce2322136f0b9b4f417a20') in 0.0092506 seconds
Start importing Assets/Art/External/KenneyUI/PNG/Red/Double/slide_vertical_color_section.png using Guid(c83f7861e5461a9459ce163fe4920ce5) (TextureImporter) -> (artifact id: 'cf93e78c7fc75308211706e347dab37f') in 0.0070434 seconds
Start importing Assets/Art/External/KenneyUI/PNG/Blue/Default/arrow_decorative_n.png using Guid(d8a29399c64508e4bbf1a0c3d06ee3e5) (TextureImporter) -> (artifact id: '2a0be57053e1ec8cc20161852d4420d7') in 0.0078827 seconds
Start importing Assets/Art/External/KenneyUI/PNG/Red/Double/slide_horizontal_color_section_wide.png using Guid(d834fc41f525f73458dfdbb452fd68a2) (TextureImporter) -> (artifact id: 'd602f47f2d2edfac5cf399b1e28c0032') in 0.006881 seconds
Start importing Assets/Art/External/KenneyUI/PNG/Yellow/Default/icon_checkmark.png using Guid(d8f4621226c52a24f9885ca2dee30a3d) (TextureImporter) -> (artifact id: 'd13a5bea1e70dcca8aa672745a63f3c9') in 0.0079468 seconds
Start importing Assets/Art/External/KenneyUI/PNG/Yellow/Default/button_rectangle_line.png using Guid(e8309f511f4a8454db384a4350378f39) (TextureImporter) -> (artifact id: 'c14fc0e8142f7bb4a903950160762981') in 0.007482 seconds
Start importing Assets/Art/External/KenneyUI/PNG/Yellow/Default/slide_vertical_grey.png using Guid(e801a5c6e52d18f45a5227136402780a) (TextureImporter) -> (artifact id: 'ad5a59123ab7c0eb0a78d7e8b0322a22') in 0.0070574 seconds
Start importing Assets/Resources/Art/diceresult.png using Guid(e8754cbaa080b5b418e48f1109b532d9) (TextureImporter) -> (artifact id: 'c5a98456298fe71c6e052b861a9b0116') in 0.0073629 seconds
Start importing Assets/Art/External/KenneyUI/PNG/Green/Default/slide_horizontal_color_section_wide.png using Guid(e847909e1c864ef40b4b399f5dbdbffc) (TextureImporter) -> (artifact id: '2cec8afa2d7c17fd5aa4ec4e4b12ee6d') in 0.0071877 seconds
Start importing Assets/Art/External/KenneyUI/PNG/Extra/Default/icon_play_outline.png using Guid(e8aa1ae82b207ff49b9d8211990ab00a) (TextureImporter) -> (artifact id: '80334c6af1a28667314408fce3a7ba2c') in 0.008036 seconds
Start importing Assets/Art/External/KenneyUI/PNG/Red/Default/check_square_grey_cross.png using Guid(e82b9ffb00f9a8f4e920058f5ca2a29f) (TextureImporter) -> (artifact id: 'eac1a41bbccb7218c56bb3a9389dc6e5') in 0.0068871 seconds
Start importing Assets/Art/External/KenneyUI/PNG/Yellow/Double/slide_horizontal_grey.png using Guid(093658bb688dcda408a874b810fcaa6f) (TextureImporter) -> (artifact id: '1c5b4f7fe90bc106064c586915ca1124') in 0.007788 seconds
Start importing Assets/Art/External/KenneyUI/PNG/Red/Default/button_square_line.png using Guid(09e65908c91e6ad42b82c8b09e7ac3be) (TextureImporter) -> (artifact id: '2caf89c15e20f828d3c288736494e260') in 0.0067285 seconds
Start importing Assets/Art/External/KenneyUI/PNG/Extra/Double/button_round_depth_line.png using Guid(090ccd8ecabca564b87ecfd2b87882a7) (TextureImporter) -> (artifact id: '782ce2d516959294a3a36888d02261bc') in 0.0081967 seconds
Start importing Assets/Art/External/KenneyUI/PNG/Grey/Double/star_outline.png using Guid(19ca4a85ca763024bb11131183a1783e) (TextureImporter) -> (artifact id: '2c869534d82d8b7046197a14d196efce') in 0.0071029 seconds
Start importing Assets/Art/External/KenneyUI/PNG/Blue/Default/slide_horizontal_color.png using Guid(196dc8720225a344ca3415db1b72fdad) (TextureImporter) -> (artifact id: '0bd546bf8a381ac6e558cc852aed88d7') in 0.0068599 seconds
Start importing Assets/Art/External/KenneyUI/PNG/Extra/Default/icon_play_dark.png using Guid(2900e077fcd43054fae76f7167bf191f) (TextureImporter) -> (artifact id: 'c91668a081a51c7c66352de12ec88160') in 0.0069809 seconds
Start importing Assets/Art/External/KenneyUI/PNG/Red/Double/arrow_basic_s.png using Guid(2980c1273df6fb44cb4ea4374525cd26) (TextureImporter) -> (artifact id: '6848ce73f90b5b0b7e005082e792d8d4') in 0.0068723 seconds
Start importing Assets/Art/External/KenneyUI/PNG/Extra/Default/icon_arrow_up_dark.png using Guid(29c06d47263c9c54c989759129c340e4) (TextureImporter) -> (artifact id: '78a5a189cfb7a2e881d64a7085e5f0b5') in 0.0078068 seconds
Start importing Assets/Art/External/KenneyUI/PNG/Red/Double/button_rectangle_depth_gradient.png using Guid(29960e5aab6407440bc5e5d86d6823d2) (TextureImporter) -> (artifact id: '10995e78d931f2a871a24a9e77e3f0db') in 0.0083094 seconds
Start importing Assets/Art/External/KenneyUI/PNG/Green/Double/slide_vertical_color.png using Guid(291b483098a254042956771761d2235e) (TextureImporter) -> (artifact id: '99670d1761239e440fbf23d099b6fb46') in 0.0074206 seconds
Start importing Assets/Art/External/KenneyUI/PNG/Red/Double/check_square_grey_checkmark.png using Guid(296dda43c3c07494ba8352a22cd5fff0) (TextureImporter) -> (artifact id: '6624ba22e9e155ff7ca3e2a469ca6782') in 0.0066765 seconds
Start importing Assets/Art/External/KenneyUI/PNG/Grey/Double/arrow_basic_w.png using Guid(297d467b6d4f39b4baac2b12a31e16b6) (TextureImporter) -> (artifact id: 'fc63c5b56a5b8d1e0899962207297d6a') in 0.0080795 seconds
Start importing Assets/Art/External/KenneyUI/PNG/Red/Double/button_round_depth_gradient.png using Guid(39b34db6b99da2e41ada8a26b50e5749) (TextureImporter) -> (artifact id: '3efc4d2a2cbe6accf157da64fed29b77') in 0.0072617 seconds
Start importing Assets/Art/External/KenneyUI/PNG/Extra/Double/icon_arrow_up_dark.png using Guid(39747c38f5ecb924c96d9264e1a3aac5) (TextureImporter) -> (artifact id: '44d51fbc056618948291514ca3335ce0') in 0.0069425 seconds
Start importing Assets/Art/External/KenneyUI/PNG/Extra/Default/input_outline_square.png using Guid(3915514497e2ab248b21abcbe116de00) (TextureImporter) -> (artifact id: '3aa2ea618e4ba3d3940f85024933c3aa') in 0.0075641 seconds
Start importing Assets/Art/External/KenneyUI/PNG/Green/Double/button_rectangle_flat.png using Guid(39350e8c99ed8d445868513354aba944) (TextureImporter) -> (artifact id: '87ef683b78c4114b0dad32b8899c86b5') in 0.0090764 seconds
Start importing Assets/Art/External/KenneyUI/PNG/Red/Default/check_square_grey_square.png using Guid(39cad8f13f31f8240a0d7b4b76156f53) (TextureImporter) -> (artifact id: '097900d161d543234d5cd2a1e24ed4bc') in 0.0072301 seconds
Start importing Assets/Art/External/KenneyUI/PNG/Yellow/Default/button_round_line.png using Guid(39fa1bb6227b14b4292b0df5a7dcd950) (TextureImporter) -> (artifact id: '28cd8a9c34e0d737256a1c1c6ea68aad') in 0.0070174 seconds
Start importing Assets/Art/External/KenneyUI/PNG/Red/Double/arrow_basic_s_small.png using Guid(4940b90724f148c4e8e6ff41aa19b948) (TextureImporter) -> (artifact id: 'bf78823ae4d216092c411283a4248165') in 0.0072494 seconds
Start importing Assets/Art/External/KenneyUI/PNG/Grey/Double/button_rectangle_flat.png using Guid(4931e4cd340d102409bc354cc825dddf) (TextureImporter) -> (artifact id: 'e26f29a619c67a50739637e679b30b3b') in 0.0099672 seconds
Start importing Assets/Art/External/KenneyUI/PNG/Red/Double/slide_horizontal_grey_section_wide.png using Guid(49a75524328c70843b867b560c8c6a43) (TextureImporter) -> (artifact id: '9622405ef845863e4c22e8e2c36fd2f0') in 0.0077158 seconds
Start importing Assets/Art/External/KenneyUI/PNG/Blue/Default/button_rectangle_gloss.png using Guid(49685e6d99fd9c548a3b0f41839582a3) (TextureImporter) -> (artifact id: '9fd1b124f217a1dbf3b44973acb5949b') in 0.0089521 seconds
Start importing Assets/Art/External/KenneyUI/PNG/Blue/Double/star_outline_depth.png using Guid(498e73bc640e3494d9f2b30ad505b58b) (TextureImporter) -> (artifact id: 'f1b80e144415b3f048ed6e3c7baec797') in 0.0074635 seconds
Start importing Assets/Art/External/KenneyUI/PNG/Blue/Double/check_square_grey.png using Guid(5931856894303414895ae6cbc37796c7) (TextureImporter) -> (artifact id: '83b85e6a91eebf84b64d3d365137b8e4') in 0.0089319 seconds
Start importing Assets/Art/External/KenneyUI/PNG/Red/Default/button_rectangle_gloss.png using Guid(5951be103c31d3444b0097851377b6c9) (TextureImporter) -> (artifact id: '337d81b39f3626187a4b660933f6ef4e') in 0.0080812 seconds
Start importing Assets/Art/External/KenneyUI/PNG/Grey/Default/button_round_depth_gradient.png using Guid(59f38ca05e03e234ea81bfc648015fc2) (TextureImporter) -> (artifact id: '4527fda4a6a00209013301f15b0a8e89') in 0.0081958 seconds
Start importing Assets/Art/External/KenneyUI/PNG/Grey/Default/button_rectangle_depth_gradient.png using Guid(69460b618c8d2104e949e2c1005abbeb) (TextureImporter) -> (artifact id: '19371453e68e67a11f37037674198f92') in 0.0080246 seconds
Start importing Assets/Art/External/KenneyUI/PNG/Grey/Double/slide_horizontal_grey.png using Guid(6999a6a2fec2e794c8afe3cdbf41ace7) (TextureImporter) -> (artifact id: 'c962832f93b859b56dff8c2eda00f566') in 0.0083536 seconds
Start importing Assets/Art/External/KenneyUI/PNG/Blue/Default/check_round_grey.png using Guid(69ec31607e79b5544ab2f9e83681be5d) (TextureImporter) -> (artifact id: '9bc0193944a16fde2cdc522409620051') in 0.0072634 seconds
Start importing Assets/Art/External/KenneyUI/PNG/Grey/Default/check_round_color.png using Guid(696e40edd82515f458cd56dcca9fd85e) (TextureImporter) -> (artifact id: '40823b64b91e231b561c0d0dbeffe5ce') in 0.0079553 seconds
Start importing Assets/Art/External/KenneyUI/PNG/Green/Double/button_round_line.png using Guid(7990da7c633f9d641b6a1649cbe26203) (TextureImporter) -> (artifact id: '03e689d2ef2eb307403d725b7a5b6d49') in 0.0077333 seconds
Start importing Assets/Art/External/KenneyUI/PNG/Green/Double/button_square_depth_gloss.png using Guid(794357d30742b654d8dd825080e9a9f2) (TextureImporter) -> (artifact id: 'df97968dd5c9dabff2a65a8716a09e70') in 0.0080419 seconds
Start importing Assets/Art/External/KenneyUI/PNG/Yellow/Default/arrow_basic_n_small.png using Guid(791b69e3734582a48940a981f4dccf3f) (TextureImporter) -> (artifact id: '31c71de99545d7742bae30272ceea3d6') in 0.0075228 seconds
Start importing Assets/Art/External/KenneyUI/PNG/Blue/Double/button_round_depth_flat.png using Guid(89c857c2101489c41bf51d8757d85c27) (TextureImporter) -> (artifact id: '8cc5b16638f901c5904e6fc2d756165b') in 0.0075093 seconds
Start importing Assets/Art/External/KenneyUI/PNG/Green/Double/button_square_depth_gradient.png using Guid(89cb0e3cec1e2b244862d58e87cbf234) (TextureImporter) -> (artifact id: '75dd22d0485cb340b7b2800bb6ec80be') in 0.0077459 seconds
Start importing Assets/Art/External/KenneyUI/PNG/Green/Double/check_square_color_square.png using Guid(890f780981522c24e8584ebe7c534b53) (TextureImporter) -> (artifact id: '02375026bf28757bebe4c280e0ca252a') in 0.0069432 seconds
Start importing Assets/Art/External/KenneyUI/PNG/Blue/Double/check_square_grey_cross.png using Guid(99a1275bb3cc24a4eb5ad3ddc61d707e) (TextureImporter) -> (artifact id: '53b82d7b3c52ff473c579b0e3187becc') in 0.0082609 seconds
Start importing Assets/Art/External/KenneyUI/PNG/Blue/Double/check_round_round_circle.png using Guid(99b27122cc57ad34baa12723dcb8fcf4) (TextureImporter) -> (artifact id: '16b3197413d9dd99839630e472158817') in 0.0071959 seconds
Start importing Assets/Art/External/KenneyUI/PNG/Grey/Default/slide_vertical_grey.png using Guid(99f2317b0e58b674bb9ad6ac3758b9c1) (TextureImporter) -> (artifact id: '6a06bb1edccf9b08727702df0aa0ab45') in 0.0082502 seconds
Start importing Assets/Art/External/KenneyUI/PNG/Blue/Default/button_round_depth_flat.png using Guid(a9b3169fd95fc69478860b3022818602) (TextureImporter) -> (artifact id: '2da188755cfe1031f5592b8ff33d2ba6') in 0.0072172 seconds
Start importing Assets/Art/External/KenneyUI/PNG/Red/Default/arrow_decorative_n_small.png using Guid(b970b2db4ec111143b75564d53ad2b97) (TextureImporter) -> (artifact id: '07aadabffa487b49292d887c0105fca9') in 0.0073985 seconds
Start importing Assets/Art/External/KenneyUI/PNG/Grey/Double/star_outline_depth.png using Guid(b9a479551f41cde4bbb8722582d88ce3) (TextureImporter) -> (artifact id: '4cd8e2be52991af428d12895796266db') in 0.0075177 seconds
Start importing Assets/Art/External/KenneyUI/PNG/Green/Double/slide_horizontal_grey_section_wide.png using Guid(b9d4557649221e54eb59284c596b2081) (TextureImporter) -> (artifact id: '72baa24940deb6afa57495f812ae2fdd') in 0.0081002 seconds
Start importing Assets/Art/External/KenneyUI/PNG/Grey/Double/arrow_decorative_e_small.png using Guid(b9b9c9c38ff15fa43808ab741ec2b9ba) (TextureImporter) -> (artifact id: 'fa976abacae4e4770cdcf1dbda3b4479') in 0.0075825 seconds
Start importing Assets/Art/External/KenneyUI/PNG/Blue/Double/icon_checkmark.png using Guid(b91f39577770d3a4388009ec8a9312aa) (TextureImporter) -> (artifact id: '562a0a9bc0d8051d350a0f73dda6d156') in 0.0085386 seconds
Start importing Assets/Art/External/KenneyUI/PNG/Yellow/Default/slide_horizontal_grey_section_wide.png using Guid(d920d8b980092904a8a16e6333104637) (TextureImporter) -> (artifact id: '7e028d6063a3fa03a8cdf62cc7d35699') in 0.0084228 seconds
Start importing Assets/Art/External/KenneyUI/PNG/Blue/Default/check_square_color_checkmark.png using Guid(d9c0ebdc064a69d4fb98d12cebdce3e1) (TextureImporter) -> (artifact id: '68bb6e8e5b05711b207698faf38d3bf4') in 0.0082376 seconds
Start importing Assets/Art/External/KenneyUI/PNG/Blue/Double/slide_vertical_color_section.png using Guid(d9e090fbf8161ad49a402c6d2f32a0fe) (TextureImporter) -> (artifact id: '9b1ffedafd0da70301e724bd3197368a') in 0.0073618 seconds
Start importing Assets/Art/External/KenneyUI/PNG/Red/Default/button_round_line.png using Guid(d9453dd0af24cda46ae76bc8b0c826fc) (TextureImporter) -> (artifact id: '893d38560438a5111a290d3f13eecef2') in 0.0082004 seconds
Start importing Assets/Art/External/KenneyUI/PNG/Green/Double/slide_horizontal_grey_section.png using Guid(d98d549f4b4d6594eb8489e8e9779a46) (TextureImporter) -> (artifact id: 'f26a47535f2a98d6a3253d02f316b341') in 0.0077331 seconds
Start importing Assets/Art/External/KenneyUI/PNG/Blue/Double/arrow_decorative_s.png using Guid(d9bdd036196453848b9716ea0c04d8a3) (TextureImporter) -> (artifact id: '5948eb85c98b999fb223a417ef888353') in 0.0075052 seconds
Start importing Assets/Art/External/KenneyUI/PNG/Green/Double/check_round_grey.png using Guid(f9406119729ec2e4b90aca5edb423a6e) (TextureImporter) -> (artifact id: 'f18ec32f4c0ba99511343d2a297bce48') in 0.0075662 seconds
Start importing Assets/Art/External/KenneyUI/PNG/Green/Double/icon_cross.png using Guid(f9601f746d6a4e04bb3144ced0b28868) (TextureImporter) -> (artifact id: '9bd250671e09ab8fdd9f3707831baf9e') in 0.007954 seconds
Start importing Assets/Art/External/KenneyUI/PNG/Yellow/Double/star_outline_depth.png using Guid(f9bb0b9ba4d033f46a24d3935f5bb088) (TextureImporter) -> (artifact id: 'cb5f057c68569a4685855a7a66be8f14') in 0.0089384 seconds
Start importing Assets/Art/External/KenneyUI/PNG/Red/Double/arrow_decorative_n_small.png using Guid(f9fb10a01504ae84cae08f4e989a3873) (TextureImporter) -> (artifact id: '16d5df5adb6e32c2f447855768f7419c') in 0.0090105 seconds
Start importing Assets/Art/External/KenneyUI/PNG/Red/Double/icon_circle.png using Guid(0ac1acd801150dc4ca3645922171edec) (TextureImporter) -> (artifact id: '2d10284ac3a184f7bf502746ff24c9a1') in 0.0073474 seconds
Start importing Assets/Art/External/KenneyUI/PNG/Yellow/Double/icon_outline_circle.png using Guid(0a535ac50a8823a4eaede3f2df602c0b) (TextureImporter) -> (artifact id: '0ff0064e3d7241ce5253c7dcb521a415') in 0.008044 seconds
Start importing Assets/Art/External/KenneyUI/PNG/Extra/Default/divider.png using Guid(0aca416ae24a83c459f12e4dd56d3a22) (TextureImporter) -> (artifact id: '29df2d276df0598fd4f7135a47b2aeb0') in 0.0082918 seconds
Start importing Assets/Art/External/KenneyUI/PNG/Blue/Double/arrow_decorative_n.png using Guid(0a0c29ba86a2335489b79f2e1aad5669) (TextureImporter) -> (artifact id: 'ee1acd8342236b7b3490d813d0d1979b') in 0.0078642 seconds
Start importing Assets/Art/External/KenneyUI/PNG/Grey/Double/check_square_color_checkmark.png using Guid(0aacd2520820faf46859d7366abb5c3a) (TextureImporter) -> (artifact id: '8cbddd5d81ec02c5a4c4a42f94363eda') in 0.007714 seconds
Start importing Assets/Art/External/KenneyUI/PNG/Green/Default/star_outline_depth.png using Guid(0a3f767cfd2f22844a0d88ed93704ea4) (TextureImporter) -> (artifact id: '4cc33098c591730833531647bd2ab2fa') in 0.0078706 seconds
Start importing Assets/Art/External/KenneyUI/PNG/Yellow/Default/button_square_depth_flat.png using Guid(0acf4a8b516d1544e82c2d542519dbb6) (TextureImporter) -> (artifact id: '546048d610d8920d6161d584bb8eb7fa') in 0.0077725 seconds
Start importing Assets/Art/External/KenneyUI/PNG/Grey/Default/arrow_decorative_e_small.png using Guid(1a620dc4d20e3884285ea3e8a991a44b) (TextureImporter) -> (artifact id: 'bc954bf0e36b4b5ec68645885d2fe842') in 0.0083891 seconds
Start importing Assets/Art/External/KenneyUI/PNG/Blue/Double/arrow_basic_n_small.png using Guid(1a76856879a31aa448e37a9b181044e8) (TextureImporter) -> (artifact id: '151f1e4bec96ed10a265c38028bf567a') in 0.0083887 seconds
Start importing Assets/Art/External/KenneyUI/PNG/Yellow/Default/button_rectangle_depth_line.png using Guid(1a0c94da6a5a5b548a83ddc2ae6ba46f) (TextureImporter) -> (artifact id: '37b3f4a05f6ccb7c27ea2e54790d4636') in 0.0082783 seconds
Start importing Assets/Art/External/KenneyUI/PNG/Green/Double/arrow_basic_n_small.png using Guid(1a3c8cdd5dde40b4a9fa818bc3f0299f) (TextureImporter) -> (artifact id: '8af8689cc8c373a7453172b17c7143c9') in 0.0079832 seconds
Start importing Assets/Art/External/KenneyUI/PNG/Yellow/Double/check_square_color.png using Guid(1a6d193d56ea6be4c825f5d04ddfa380) (TextureImporter) -> (artifact id: 'faf3023f4bd98dda33df704284250054') in 0.0075641 seconds
Start importing Assets/Art/External/KenneyUI/PNG/Green/Double/icon_outline_circle.png using Guid(2ae920f3b51d16d4e9d9da02ef0832f4) (TextureImporter) -> (artifact id: 'ed85da9b696a1da132f70a88068fe148') in 0.0076931 seconds
Start importing Assets/Art/External/KenneyUI/PNG/Blue/Double/slide_horizontal_grey_section_wide.png using Guid(3af2d4197a203044090b4fff79f137c0) (TextureImporter) -> (artifact id: 'fad3100addefbe6fe44fb995d442a2ea') in 0.0074321 seconds
Start importing Assets/Art/External/KenneyUI/PNG/Green/Double/arrow_basic_s_small.png using Guid(3ab3ccb0068c8e64f8b7944bd54fe0d1) (TextureImporter) -> (artifact id: '7519a514c09bf7773f5c749db8c372d9') in 0.0081239 seconds
Start importing Assets/Art/External/KenneyUI/PNG/Red/Double/button_round_gradient.png using Guid(3a8ebffeabbcde445a8019c36c725348) (TextureImporter) -> (artifact id: 'c2199abe002cdc0ea1543cc6bcf96b95') in 0.0081267 seconds
Start importing Assets/Art/External/KenneyUI/PNG/Red/Double/button_square_gloss.png using Guid(3a1fc4eef8381a542a6d3096b77202d7) (TextureImporter) -> (artifact id: '07480e48ed4cfebcc844d466ed6c0f07') in 0.0079851 seconds
Start importing Assets/Art/External/KenneyUI/PNG/Green/Default/button_rectangle_depth_flat.png using Guid(4a806342eb5493142a47bbcdfe7bea4e) (TextureImporter) -> (artifact id: '7c2f4adbaa5b28fe65f827c6463eda0c') in 0.0076421 seconds
Start importing Assets/Art/External/KenneyUI/PNG/Yellow/Default/check_square_color_checkmark.png using Guid(4af08b35bf0f24c4982bc1ed9c8b8c03) (TextureImporter) -> (artifact id: '910fbcdc414800c0990de7fcfad91619') in 0.0076772 seconds
Start importing Assets/Art/External/KenneyUI/PNG/Yellow/Default/button_square_depth_border.png using Guid(4a015e7294f7c044b8e9f67bf9d78ac8) (TextureImporter) -> (artifact id: '3094d84fe6b7e0482d72b6488e56d69f') in 0.006954 seconds
Start importing Assets/Art/External/KenneyUI/PNG/Grey/Default/icon_checkmark.png using Guid(4af1e7e29c1ef4643b35ff48a6527abe) (TextureImporter) -> (artifact id: 'a23ffa50473e7b115bca85fdab76cddb') in 0.0080235 seconds
Start importing Assets/Art/External/KenneyUI/PNG/Blue/Double/button_square_depth_line.png using Guid(4ab5b635b0e68ae498ca82876e7507f2) (TextureImporter) -> (artifact id: '66cbcc7d7fd6b7a51d554d6de5f4a701') in 0.0073427 seconds
Start importing Assets/Art/External/KenneyUI/PNG/Yellow/Double/arrow_decorative_n_small.png using Guid(4ab7647e2e9886240ad54f4d8bbede02) (TextureImporter) -> (artifact id: '84b60ab1e82c40b959fc7924faa77952') in 0.0073407 seconds
Start importing Assets/Art/External/KenneyUI/PNG/Grey/Default/button_round_border.png using Guid(4a0be2dfc6211b14ca7c5cc6a109acc2) (TextureImporter) -> (artifact id: 'bca86c5d9c5e0443fbc32c2df7636072') in 0.0069203 seconds
Start importing Assets/Art/External/KenneyUI/PNG/Yellow/Default/slide_vertical_color_section.png using Guid(5aa0c93250e3cb44badeecdf82d3b723) (TextureImporter) -> (artifact id: 'ef763323ec9bb8d3c0a681cf14d4c0f5') in 0.0065966 seconds
Start importing Assets/Art/External/KenneyUI/PNG/Blue/Default/check_round_round_circle.png using Guid(5a9b2961df3ad284f9ab566741c3df19) (TextureImporter) -> (artifact id: '2233d406fa486c10b51c4e0141304a0b') in 0.0075205 seconds
Start importing Assets/Art/External/KenneyUI/PNG/Grey/Default/check_round_round_circle.png using Guid(6ab5902a4a344674996ba14518c3df6e) (TextureImporter) -> (artifact id: 'f96b4dfbb4fc56ec7658d1ab40f1dd7c') in 0.0070491 seconds
Start importing Assets/Art/External/KenneyUI/PNG/Yellow/Default/check_round_grey.png using Guid(6aebc1a1d9ae62843860f41b766499ff) (TextureImporter) -> (artifact id: 'cf84d6e3a279350022ba0cc7b064c90c') in 0.0078589 seconds
Start importing Assets/Art/External/KenneyUI/PNG/Yellow/Default/star_outline.png using Guid(7a22673a3c575ae408b68b83fcc3c461) (TextureImporter) -> (artifact id: 'fecae764dcb5be8f859ff8e7f935ab38') in 0.0073093 seconds
Start importing Assets/Art/External/KenneyUI/PNG/Green/Default/slide_vertical_grey_section_wide.png using Guid(7a741d4fa50fe9a42809765bf909b491) (TextureImporter) -> (artifact id: '3f7cce0338a386f74052e2c2d89ae2ce') in 0.007505 seconds
Start importing Assets/Art/External/KenneyUI/PNG/Blue/Double/button_rectangle_depth_border.png using Guid(7a9635a07710c4841ab2197d25def208) (TextureImporter) -> (artifact id: '8c62126c0caa3b60b4fc9c012537f60e') in 0.0077529 seconds
Start importing Assets/Art/External/KenneyUI/PNG/Red/Default/slide_vertical_color.png using Guid(7a2985130f5c1b142a7cb85dc14a3f79) (TextureImporter) -> (artifact id: 'ca8798f200a187c25562d8a6da8c2bc8') in 0.0070949 seconds
Start importing Assets/Art/External/KenneyUI/PNG/Grey/Double/button_rectangle_depth_flat.png using Guid(7a8a678acd542504eb7fdf3e6ecd6f01) (TextureImporter) -> (artifact id: 'bd84984f6fade836ce31ce190f3011cd') in 0.0079786 seconds
Start importing Assets/Art/External/KenneyUI/PNG/Blue/Default/button_round_depth_gloss.png using Guid(8a4467c797681a246b2884d3855ef7e4) (TextureImporter) -> (artifact id: 'cbf3363458931793c0dc0c5a68da45fe') in 0.0068901 seconds
Start importing Assets/Art/External/KenneyUI/PNG/Blue/Double/button_round_gloss.png using Guid(8aa9cf11e9dfaa74ea1679814e99c56c) (TextureImporter) -> (artifact id: '0e97ea5bcd32bdf3c16cbd2b152aa2d1') in 0.0072631 seconds
Start importing Assets/Art/External/KenneyUI/PNG/Red/Double/button_square_line.png using Guid(8acafc570052ef34e8dcc8e54fa4ffc3) (TextureImporter) -> (artifact id: '345b11ffa979b64f001bf5bcd25bfe81') in 0.0079104 seconds
Start importing Assets/Art/External/KenneyUI/PNG/Grey/Default/arrow_decorative_s_small.png using Guid(8a0e96d80a2fba24293e7750b475732e) (TextureImporter) -> (artifact id: '0aa0f837ce59d0b72596611aedac3cc7') in 0.007682 seconds
Start importing Assets/Art/External/KenneyUI/PNG/Yellow/Double/button_square_depth_border.png using Guid(9a20ff58972d3394982ff16dd406847a) (TextureImporter) -> (artifact id: 'c154e66a8669e1207cc950a1ba7eed95') in 0.0075542 seconds
Start importing Assets/Art/External/KenneyUI/PNG/Green/Default/check_square_color_cross.png using Guid(9ad09b7bb8d55eb4493fb974104bbfaa) (TextureImporter) -> (artifact id: '7d43f403ea50586a53d38fc5141043aa') in 0.0070442 seconds
Start importing Assets/Art/External/KenneyUI/PNG/Blue/Double/arrow_decorative_s_small.png using Guid(9a646b81d7494c44090703bdcffbac90) (TextureImporter) -> (artifact id: '59824c7132ce9a6605cf28519f9d57c9') in 0.0070991 seconds
Start importing Assets/Art/External/KenneyUI/PNG/Grey/Default/arrow_basic_s_small.png using Guid(9ac4b5190abf0ff47a4c59e53429782a) (TextureImporter) -> (artifact id: '618637fa6b058db9af9304ae93863c0c') in 0.0073939 seconds
Start importing Assets/Art/External/KenneyUI/PNG/Red/Double/button_rectangle_depth_border.png using Guid(9af64a7bef347ef4981f14c87c01357d) (TextureImporter) -> (artifact id: '0e23aa0b9c3b6f382d4ba238500268e3') in 0.0079156 seconds
Start importing Assets/Art/External/KenneyUI/PNG/Grey/Double/icon_outline_circle.png using Guid(9a9a594b2afe3514a9a4a01c0b473325) (TextureImporter) -> (artifact id: '0cf89408daad54101361b689ec13cac0') in 0.0069661 seconds
Start importing Assets/Art/External/KenneyUI/PNG/Red/Double/star_outline.png using Guid(aa00b7c689cab2341a232114bc947f7b) (TextureImporter) -> (artifact id: '18a893c7f7295230105c239dae85d90f') in 0.0069279 seconds
Start importing Assets/Art/External/KenneyUI/PNG/Grey/Double/arrow_basic_e.png using Guid(aa877d3cb9ebb914cafa38dd7061fa82) (TextureImporter) -> (artifact id: 'f70fcdb8710b142a3e04bac0a9af480e') in 0.0074099 seconds
Start importing Assets/Art/External/KenneyUI/PNG/Grey/Default/button_square_gloss.png using Guid(aaee08159c5eb2e458a48ed83bdca32c) (TextureImporter) -> (artifact id: '4b12624d73a6025c707d1acafeb48151') in 0.0074916 seconds
Start importing Assets/Art/External/KenneyUI/PNG/Green/Default/slide_vertical_grey.png using Guid(bad77944b11982a47a9a3b128c991bb2) (TextureImporter) -> (artifact id: 'ec7f1d060c221eca61654aca57d3e0e1') in 0.0072679 seconds
Start importing Assets/Art/External/KenneyUI/PNG/Green/Default/check_round_grey.png using Guid(baaddd4112ce24647bf9ddee1c96e22d) (TextureImporter) -> (artifact id: '352c965c5d2f9ef6417c43e0d8a4c20f') in 0.0067453 seconds
Start importing Assets/Art/External/KenneyUI/PNG/Green/Default/button_rectangle_border.png using Guid(ca012397802268b42a7b3971ed297ecb) (TextureImporter) -> (artifact id: '3226454d7ba104e6bf7926f7e8d65107') in 0.0068942 seconds
Start importing Assets/Art/External/KenneyUI/PNG/Blue/Default/arrow_basic_s.png using Guid(ca3322804d4d6ea4d90ea722b879973a) (TextureImporter) -> (artifact id: 'b6f2279d9e1e9be8be84233f41882e75') in 0.0071205 seconds
Start importing Assets/Art/External/KenneyUI/PNG/Blue/Default/icon_outline_circle.png using Guid(ca53144481415a742a19dc590abc2d5b) (TextureImporter) -> (artifact id: '9e7d864ed1cff3c34ae8a19e380545fd') in 0.0068388 seconds
Start importing Assets/Art/External/KenneyUI/PNG/Yellow/Double/arrow_basic_w.png using Guid(ca478ae9c50c93947883ac078894eac5) (TextureImporter) -> (artifact id: 'e2246a4b1dc3402bb32ad409971db7c3') in 0.007165 seconds
Start importing Assets/Art/External/KenneyUI/PNG/Blue/Default/slide_vertical_color_section_wide.png using Guid(da37a796a3dd58041abf5df8f60f7def) (TextureImporter) -> (artifact id: '201e043a42c95f55cfbd99284fb75cb7') in 0.0071415 seconds
Start importing Assets/Art/External/KenneyUI/PNG/Blue/Double/arrow_decorative_w_small.png using Guid(daea817ecddbc4c48b74c5f79e5792de) (TextureImporter) -> (artifact id: '9d3351360f54180e335ab921da3a6314') in 0.0067962 seconds
Start importing Assets/Art/External/KenneyUI/PNG/Yellow/Default/slide_horizontal_color.png using Guid(daae6ea7aadcc3541b3febc46f755914) (TextureImporter) -> (artifact id: '273380aefa20549500eaa4b2f23c55d9') in 0.0075336 seconds
Start importing Assets/Art/External/KenneyUI/PNG/Blue/Default/button_rectangle_depth_gradient.png using Guid(dabefea3bf5e7684daeafdef0f28eb0c) (TextureImporter) -> (artifact id: '7164b6d8777c9ef4dbbfd2280eed5481') in 0.0070082 seconds
Start importing Assets/Art/External/KenneyUI/PNG/Green/Default/check_square_color.png using Guid(ea60d6b8e0d58bf4882d12c6a22f31eb) (TextureImporter) -> (artifact id: '6a313ab8ec8e0e457f709b30ef313134') in 0.007732 seconds
Start importing Assets/Art/External/KenneyUI/PNG/Red/Default/check_round_grey_circle.png using Guid(ea174990c1cf28e449dd8b1217a2040d) (TextureImporter) -> (artifact id: 'b44415d583e0b2f9b6a3bcba08516fda') in 0.0066442 seconds
Start importing Assets/Art/External/KenneyUI/PNG/Blue/Default/button_rectangle_border.png using Guid(fa692135d8045e340a8d857a3cc68ba7) (TextureImporter) -> (artifact id: '581c3c17a91955b6faed1ba3e84e20b0') in 0.008615 seconds
Start importing Assets/Art/External/KenneyUI/PNG/Yellow/Default/button_square_flat.png using Guid(fadd9db7f9cfe014db9ab32181737214) (TextureImporter) -> (artifact id: 'f67c8f6818f806c9ff6d893404d20e27') in 0.0069747 seconds
Start importing Assets/Art/External/KenneyUI/PNG/Red/Default/button_square_depth_gloss.png using Guid(0bf579e769a9d7743b7baed7ecb23083) (TextureImporter) -> (artifact id: 'fc37ca953ed44df304c0a12af91a93e1') in 0.0079845 seconds
Start importing Assets/Art/External/KenneyUI/PNG/Blue/Default/arrow_basic_n.png using Guid(1bd076a4bb0241f4b9223532dfdb1422) (TextureImporter) -> (artifact id: 'c3391b84499e6395b7f8ac19c88da0a8') in 0.0068113 seconds
Start importing Assets/Art/External/KenneyUI/PNG/Grey/Double/slide_vertical_color_section_wide.png using Guid(1b576c47b92597f4da2351698b1fa0ec) (TextureImporter) -> (artifact id: '31da084f491bd21e796346bb2b042c3b') in 0.0068805 seconds
Start importing Assets/Art/External/KenneyUI/PNG/Yellow/Double/arrow_basic_s_small.png using Guid(1b6da1a4c197b8140b02f842ad01da53) (TextureImporter) -> (artifact id: '9704f0a7e66ddef629bc444abc16ea1d') in 0.0072574 seconds
Start importing Assets/Art/External/KenneyUI/PNG/Grey/Default/arrow_decorative_n.png using Guid(2b52a5af6da237042ad7ab87a337cf38) (TextureImporter) -> (artifact id: 'ea38417216799c234c8f119889fbc971') in 0.0074637 seconds
Start importing Assets/Art/External/KenneyUI/PNG/Green/Double/check_square_grey.png using Guid(2be45e85d17c75249a7f70820f7628ca) (TextureImporter) -> (artifact id: 'c3609cc24f693d030f8e4c934e5e1be9') in 0.0072331 seconds
Start importing Assets/Art/External/KenneyUI/PNG/Grey/Double/check_round_grey.png using Guid(2ba5ee559d88ec64d9ffa3bdff8c4160) (TextureImporter) -> (artifact id: 'f56083d5b8f5953d963e33569ece7c91') in 0.0066512 seconds
Start importing Assets/Art/External/KenneyUI/PNG/Yellow/Double/arrow_decorative_e_small.png using Guid(3bd19dc6bee8ec74ab0ead95c00d2924) (TextureImporter) -> (artifact id: '5535986fa00df1e4b47b45abb736bbda') in 0.0079299 seconds
Start importing Assets/Art/External/KenneyUI/PNG/Blue/Default/button_rectangle_depth_line.png using Guid(3b720703c175ac54d927fcb12405f45a) (TextureImporter) -> (artifact id: 'aad9bd39e5064a4c463fa50ad112dec8') in 0.0075426 seconds
Start importing Assets/Art/External/KenneyUI/PNG/Red/Double/button_square_depth_gloss.png using Guid(3b8cf192e5d416f4e86492fb8d04a5ed) (TextureImporter) -> (artifact id: '2ff113d19f5def8519e8486698e2d262') in 0.0079103 seconds
Start importing Assets/Art/External/KenneyUI/PNG/Blue/Default/check_square_grey_square.png using Guid(3b9e2c4c2cb587247939a559672cc593) (TextureImporter) -> (artifact id: 'fc6054e82938121bc308c7742825bce1') in 0.0068664 seconds
Start importing Assets/Art/External/KenneyUI/PNG/Blue/Double/button_square_border.png using Guid(4b85f67f9a95f414e974bc2e08955bd9) (TextureImporter) -> (artifact id: '6d3688c0c8697ee65d6f3794d7d5edfc') in 0.0070892 seconds
Start importing Assets/Art/External/KenneyUI/PNG/Yellow/Default/icon_outline_square.png using Guid(4b87a06ff1d67c84ea1a7cbcfa280b5d) (TextureImporter) -> (artifact id: '437cfe64930cc25491fcc0cfa3432de1') in 0.0067285 seconds
Start importing Assets/Art/External/KenneyUI/PNG/Red/Default/arrow_decorative_w.png using Guid(4bf7e57e353081e47bec25430e183a3d) (TextureImporter) -> (artifact id: '33f04b5cac6a15578e6d57ed5fe281ca') in 0.0065852 seconds
Start importing Assets/Art/External/KenneyUI/PNG/Extra/Double/divider_edges.png using Guid(4b0aa230e4b44a64495daf6671e350c8) (TextureImporter) -> (artifact id: '065d1932506998ed300daa3ce8876751') in 0.0071445 seconds
Start importing Assets/Art/External/KenneyUI/PNG/Green/Double/button_round_depth_gloss.png using Guid(4b0a3562fd1db93449c805ad654f0ae3) (TextureImporter) -> (artifact id: '7e2961d3550a12707d453ae60a794b45') in 0.0069746 seconds
Start importing Assets/Art/External/KenneyUI/PNG/Grey/Double/arrow_decorative_e.png using Guid(4bdadb3cf4a9c6f499516fe9deab18b2) (TextureImporter) -> (artifact id: '8ce9b4f3d5837f0ba2208f032d3ceb14') in 0.0076207 seconds
Start importing Assets/Art/External/KenneyUI/PNG/Yellow/Default/check_round_color.png using Guid(6b0081be50b9fa74d81320bfd111e4c9) (TextureImporter) -> (artifact id: 'aa5a0d39a7152c0ae36164c91fa3240b') in 0.0071309 seconds
Start importing Assets/Art/External/KenneyUI/PNG/Red/Double/star_outline_depth.png using Guid(6b10a1b73dd2ef4449cd8197fa6bce61) (TextureImporter) -> (artifact id: '0d2575c988e4348858ec2921ae50315b') in 0.0080282 seconds
Start importing Assets/Art/External/KenneyUI/PNG/Yellow/Double/button_rectangle_border.png using Guid(6b0a36cd9e753724a90f5948d47940a0) (TextureImporter) -> (artifact id: '67617bfd5cead0e2b3f0ac183b617438') in 0.0082386 seconds
Start importing Assets/Art/External/KenneyUI/PNG/Grey/Double/button_round_depth_line.png using Guid(6b5bbdc57da4c104dabbd9f32c95e8e6) (TextureImporter) -> (artifact id: 'ff38cbf378f61b3bb67093ace871f5a5') in 0.0071899 seconds
Start importing Assets/Art/External/KenneyUI/PNG/Blue/Default/arrow_decorative_e_small.png using Guid(6b2fa333c9c57064798c0f0ebb6f8635) (TextureImporter) -> (artifact id: '387fc69f2a0d4387980b62f7f26b380a') in 0.0070408 seconds
Start importing Assets/Art/External/KenneyUI/PNG/Extra/Default/input_square.png using Guid(7b506d788c8b5c9458acb54101ea11e2) (TextureImporter) -> (artifact id: '230bc9501bb26699bcdfd88409492cba') in 0.006593 seconds
Start importing Assets/Art/External/diceresult.png using Guid(7bc794727cf5e3c4785d1d16e236caa4) (TextureImporter) -> (artifact id: 'b9b1bdfdbc499b9871f8876f3f446df2') in 0.0074391 seconds
Start importing Assets/Art/External/KenneyUI/PNG/Yellow/Double/button_rectangle_depth_gradient.png using Guid(7bdda69153bda204c8b6af33a40d0801) (TextureImporter) -> (artifact id: 'fd14b846674d3f9ff3c3327542e77c25') in 0.007977 seconds
Start importing Assets/Art/External/KenneyUI/PNG/Yellow/Double/button_square_depth_gradient.png using Guid(8b52f19dbc8174f4cb019b07910b6828) (TextureImporter) -> (artifact id: '3d818755c13d57e0ba826ed5698d4f5f') in 0.0079579 seconds
Start importing Assets/Art/External/KenneyUI/PNG/Green/Double/arrow_decorative_s_small.png using Guid(8bebcff2acec46e44a45fa034554fe09) (TextureImporter) -> (artifact id: '9918556e2740cd523da757e7cbfcfc0b') in 0.006806 seconds
Start importing Assets/Art/External/KenneyUI/PNG/Blue/Default/slide_hangle.png using Guid(8bde42ce64977d7419880eff97e8c6e5) (TextureImporter) -> (artifact id: 'fcc16f96d647c620d5e67fc1fe19840b') in 0.0071916 seconds
Start importing Assets/Art/External/KenneyUI/PNG/Green/Default/check_round_round_circle.png using Guid(8b2f2a7182e55b645977d75d0178907b) (TextureImporter) -> (artifact id: 'b5484c4d8c5222825c3b212c7d8aed01') in 0.007093 seconds
Start importing Assets/Art/External/KenneyUI/PNG/Grey/Double/button_square_flat.png using Guid(9b50bb7a97a067c4c996101659172593) (TextureImporter) -> (artifact id: '0b479cf9c8c11fef0d3655d2869d467d') in 0.0076838 seconds
Start importing Assets/Art/External/KenneyUI/PNG/Grey/Default/arrow_basic_w.png using Guid(9b31ad323664fe54b9d394825ef3c819) (TextureImporter) -> (artifact id: '0c4b7976f4763db37794d4d56f433053') in 0.0072156 seconds
Start importing Assets/Art/External/KenneyUI/PNG/Green/Double/slide_vertical_grey.png using Guid(9b32633d1fbf2424782e2c8a43c0c03b) (TextureImporter) -> (artifact id: '14e8ec18018b4643135393ae3cc81d68') in 0.0081799 seconds
Start importing Assets/Art/External/KenneyUI/PNG/Red/Default/button_rectangle_depth_line.png using Guid(9b58ce814cfdac3438c1966098c0df7b) (TextureImporter) -> (artifact id: 'e7ce53148b45fd97e4d10e39a565c96f') in 0.0077451 seconds
Start importing Assets/Art/External/KenneyUI/PNG/Grey/Default/slide_hangle.png using Guid(ab30dbc957401d84cadadefbe8cdc96a) (TextureImporter) -> (artifact id: '3f7caafd5a40a8f5532b414b0075eef8') in 0.0075551 seconds
Start importing Assets/Art/External/KenneyUI/PNG/Red/Default/arrow_decorative_e_small.png using Guid(ab228a45c113a3a418698665a4b5404e) (TextureImporter) -> (artifact id: '63c102b7b386f2ad84d69c36d4f0d7e1') in 0.0079394 seconds
Start importing Assets/Art/External/KenneyUI/PNG/Blue/Double/arrow_decorative_e.png using Guid(abc2eda6136efb64eaaa05ac4a7d080f) (TextureImporter) -> (artifact id: '9431dfba76659d63c58183554452b00a') in 0.0073768 seconds
Start importing Assets/Art/External/KenneyUI/PNG/Grey/Double/button_square_line.png using Guid(abd635a0d3d2ad244abe0a48247d3340) (TextureImporter) -> (artifact id: '06031852d2c862d45d4ca4206909e111') in 0.0072067 seconds
Start importing Assets/Art/External/KenneyUI/PNG/Extra/Double/icon_arrow_up_outline.png using Guid(ab5bff6c042d10d41928f50775afa19f) (TextureImporter) -> (artifact id: '8468433c0dd909e9faf8573ad49c2571') in 0.007057 seconds
Start importing Assets/Art/External/KenneyUI/PNG/Grey/Double/check_round_grey_circle.png using Guid(abcc9b27836161b4e9bb2608ac322ee6) (TextureImporter) -> (artifact id: '12cc3714ef515fdcfa81f896c7e27d41') in 0.007559 seconds
Start importing Assets/Art/External/KenneyUI/PNG/Extra/Default/icon_repeat_outline.png using Guid(bb4168b34ce577146b01789843291324) (TextureImporter) -> (artifact id: '1987841d74a135b75cc152e741edf201') in 0.0070307 seconds
Start importing Assets/Art/External/KenneyUI/PNG/Yellow/Double/button_rectangle_gradient.png using Guid(bbb619da1d8a14a4397ea5fdef19b2e6) (TextureImporter) -> (artifact id: '6b58c7815d83f92153a6ec0dd9e2da54') in 0.0082386 seconds
Start importing Assets/Art/External/KenneyUI/PNG/Yellow/Default/slide_vertical_color_section_wide.png using Guid(bbc9521ea6b26c247918b0dd2f1cb3a6) (TextureImporter) -> (artifact id: '367fe6a6748a42337121a3e4fa55e23a') in 0.007021 seconds
Start importing Assets/Art/External/KenneyUI/PNG/Green/Double/button_square_flat.png using Guid(bbeabf2d41b29784bb9f339f87fd1dff) (TextureImporter) -> (artifact id: '16581c80c90a5c6a24475a73d939cdef') in 0.0073363 seconds
Start importing Assets/Art/External/KenneyUI/PNG/Blue/Default/icon_circle.png using Guid(bbbc66cf5769da34593d5c551dd52775) (TextureImporter) -> (artifact id: '11908c32e690505ea378e215f816980b') in 0.0071672 seconds
Start importing Assets/Art/External/KenneyUI/PNG/Grey/Double/button_round_gloss.png using Guid(cb7089c5106f7ee4a86a4d64bb90afce) (TextureImporter) -> (artifact id: '86109de5f532623efaeefd245fbe62f6') in 0.0068973 seconds
Start importing Assets/Art/External/KenneyUI/PNG/Blue/Default/button_round_depth_gradient.png using Guid(cb22873b1db50c441834ace86d332f7b) (TextureImporter) -> (artifact id: 'e695a9f078d8a970aca42282065a1acc') in 0.0071974 seconds
Start importing Assets/Art/External/KenneyUI/PNG/Red/Double/button_rectangle_gloss.png using Guid(cb95550a94aa1324e8b1b95368b7fc3d) (TextureImporter) -> (artifact id: '67ffdd32aaa9348c823d5b26c94b2237') in 0.0083769 seconds
Start importing Assets/Art/External/KenneyUI/PNG/Red/Default/arrow_basic_w.png using Guid(cbed4644d1de67b4c8adb17e46a0f853) (TextureImporter) -> (artifact id: '2e565d65749bdf6270cd104623a85268') in 0.0075995 seconds
Start importing Assets/Art/External/KenneyUI/PNG/Red/Default/slide_vertical_grey_section_wide.png using Guid(cb3f11fec10294b47b7e783e5a4cf01c) (TextureImporter) -> (artifact id: 'b978b8e0dc1e112f5a30122cf0d4623a') in 0.006954 seconds
Start importing Assets/Art/External/KenneyUI/PNG/Yellow/Default/button_rectangle_gloss.png using Guid(db96b2cb19acea8459e662866b19aefd) (TextureImporter) -> (artifact id: '6cffa9b114f07f3bdc70c9030ec43289') in 0.0083928 seconds
Start importing Assets/Art/External/KenneyUI/PNG/Grey/Double/button_square_depth_gloss.png using Guid(db77b81b0b66baf4f8361edfef6a18a2) (TextureImporter) -> (artifact id: '24d554462e9f537970d87290b4346746') in 0.0075227 seconds
Start importing Assets/Art/External/KenneyUI/PNG/Yellow/Default/slide_horizontal_grey.png using Guid(dbae2b294fd4e9c4cbbb779951c8c600) (TextureImporter) -> (artifact id: 'f656256d0a85844a10c5ac053c973e0e') in 0.0093104 seconds
Start importing Assets/Art/External/KenneyUI/PNG/Blue/Double/arrow_basic_e_small.png using Guid(dbeff4b31ccb63f4db6ccfabbb0aa3b0) (TextureImporter) -> (artifact id: '59ab0679679ae9e83b2aebca1d0fc034') in 0.0078908 seconds
Start importing Assets/Art/External/KenneyUI/PNG/Red/Double/arrow_basic_e_small.png using Guid(eb60b4dc15c72b248bba82c49d1cd2ef) (TextureImporter) -> (artifact id: '58d6c3531f0d9bc013273d35fd97a7fd') in 0.0077528 seconds
Start importing Assets/Art/External/KenneyUI/PNG/Green/Double/button_rectangle_depth_line.png using Guid(eb33cb67eb22d4e4cacd9a8945cc27f6) (TextureImporter) -> (artifact id: 'f0c5751e27362fd5ff79fb81a8419b51') in 0.0080216 seconds
Start importing Assets/Art/External/KenneyUI/PNG/Green/Default/arrow_decorative_s.png using Guid(ebd8e5829df995e4fb926647bf71e480) (TextureImporter) -> (artifact id: 'a6abb6e529e85ee49c7d9047cad1dcd0') in 0.0083584 seconds
Start importing Assets/Art/External/KenneyUI/PNG/Green/Default/arrow_decorative_s_small.png using Guid(ebe855cb05c543e46b9dc4764bd21076) (TextureImporter) -> (artifact id: '7f29b8a7c5cbfc9b89e482b2bc960477') in 0.0084067 seconds
Start importing Assets/Art/External/KenneyUI/PNG/Blue/Double/button_square_flat.png using Guid(fbb16267cea3b1342a8aed37cc8febe8) (TextureImporter) -> (artifact id: '08651fe169fb8c88482c69d8b9566916') in 0.0093997 seconds
Start importing Assets/Art/External/KenneyUI/PNG/Extra/Double/icon_arrow_down_outline.png using Guid(fb920ea9f4feba64e87681d7b65e01b4) (TextureImporter) -> (artifact id: 'c55557d3ad3e91dca9e8cb8de4ce3886') in 0.007245 seconds
Start importing Assets/Art/External/KenneyUI/PNG/Green/Default/arrow_decorative_w.png using Guid(fb55df56eb5574645887ee3a98162180) (TextureImporter) -> (artifact id: '4e50922f01fab7050aa459f4b9011397') in 0.00783 seconds
Start importing Assets/Art/External/KenneyUI/PNG/Red/Double/slide_horizontal_color_section.png using Guid(0cb2011b365720b49af72148d5ac37be) (TextureImporter) -> (artifact id: '243c5beff2bac1f9839b7a3a2fea4d65') in 0.0069309 seconds
Start importing Assets/Art/External/KenneyUI/PNG/Blue/Double/icon_square.png using Guid(0ce578d8206aee148bb8e201c3bc1bd9) (TextureImporter) -> (artifact id: '0a7a2e414714ef2fc2fcf4ae0bd0cee9') in 0.0076184 seconds
Start importing Assets/Art/External/KenneyUI/PNG/Green/Double/button_rectangle_depth_gloss.png using Guid(0cc62e750933c4640bc45ac624179495) (TextureImporter) -> (artifact id: '3592c2cf894430185e8be3af14d60115') in 0.008784 seconds
Start importing Assets/Art/External/KenneyUI/PNG/Red/Default/button_round_border.png using Guid(0c2d55c71c9a2a24e87b9157ec3e4156) (TextureImporter) -> (artifact id: '5b8a04665cf18e0ed0bc68d3f786977a') in 0.0084979 seconds
Start importing Assets/Art/External/KenneyUI/PNG/Yellow/Double/slide_vertical_grey.png using Guid(0ccf854b2b2930047b3064bb25726da1) (TextureImporter) -> (artifact id: '576b5e6323b41683f570221b2fe2e52c') in 0.0077769 seconds
Start importing Assets/Art/External/KenneyUI/PNG/Blue/Default/check_square_color.png using Guid(1cc1c36701b3017489c90de86758ee07) (TextureImporter) -> (artifact id: 'c9d7cc1662a3e6e6decc388efcf3c3ac') in 0.008772 seconds
Start importing Assets/Art/External/KenneyUI/PNG/Grey/Default/button_round_line.png using Guid(1c081f341e8f41346972040d0a06785d) (TextureImporter) -> (artifact id: '79bbc7041a226517d786440e36097fe5') in 0.0074963 seconds
Start importing Assets/Art/External/KenneyUI/PNG/Red/Double/slide_vertical_grey_section_wide.png using Guid(1c1dc8041b2835e45bb4b1eec3215bc7) (TextureImporter) -> (artifact id: '9249a030943e77b665423e4b64d3c45b') in 0.0082207 seconds
Start importing Assets/Art/External/KenneyUI/PNG/Grey/Default/slide_horizontal_grey_section.png using Guid(1c2e22ba0db6f944b9a2631a7f73fe63) (TextureImporter) -> (artifact id: '18ab454b975d3370b970c1f09be4690a') in 0.0072444 seconds
Start importing Assets/Art/External/KenneyUI/PNG/Red/Double/arrow_decorative_s_small.png using Guid(2c656a6f5f4e1e840a0035870c3d2b48) (TextureImporter) -> (artifact id: '6e7e3a1d90087e782dd243c2b630a199') in 0.0084501 seconds
Start importing Assets/Art/External/KenneyUI/PNG/Extra/Double/icon_arrow_down_dark.png using Guid(2c97cc831bd5f83489c5d46f76b011c4) (TextureImporter) -> (artifact id: '03ba2e6722cc9523c13747149e861e32') in 0.0072769 seconds
Start importing Assets/Art/External/KenneyUI/PNG/Grey/Default/button_rectangle_flat.png using Guid(2c0b775c86661804e944df85447f126e) (TextureImporter) -> (artifact id: '4531493fc0b13503e081c683d7470444') in 0.0089091 seconds
Start importing Assets/Art/External/KenneyUI/PNG/Red/Double/check_round_grey_circle.png using Guid(2c3ded534576bc9409469eb41f1fc22b) (TextureImporter) -> (artifact id: 'f87bec66e722976da973710d8ede8f92') in 0.0074981 seconds
Start importing Assets/Art/External/KenneyUI/PNG/Blue/Default/button_square_depth_line.png using Guid(3cb7f1d0795b5f44ab24d9bc6564dc1c) (TextureImporter) -> (artifact id: '84330d2e116e78bc6782b4ca0ce48018') in 0.0079199 seconds
Start importing Assets/Art/External/KenneyUI/PNG/Yellow/Double/slide_horizontal_grey_section_wide.png using Guid(5cc14401bb706b945a9f075a8518ddc0) (TextureImporter) -> (artifact id: 'bbb6e0ba20c04757437a5598d2379c20') in 0.0080449 seconds
Start importing Assets/Art/External/KenneyUI/PNG/Yellow/Default/slide_vertical_color.png using Guid(5ce26512617dc5b43b6e91ed872bd495) (TextureImporter) -> (artifact id: '69d4b4e8f38208eb730da8f5e2074f29') in 0.0087383 seconds
Start importing Assets/Art/External/KenneyUI/PNG/Green/Double/slide_vertical_color_section_wide.png using Guid(5ce44358a62cd1f4686d9d2e9293dd0c) (TextureImporter) -> (artifact id: '5084f9dfab99229e48fe17571522c231') in 0.0075106 seconds
Start importing Assets/Art/External/KenneyUI/PNG/Yellow/Double/arrow_basic_s.png using Guid(5c46102f0e9552b47883045ba13430ab) (TextureImporter) -> (artifact id: 'f21f0734cf39ef705d12d9b481e54eed') in 0.0087322 seconds
Start importing Assets/Art/External/KenneyUI/PNG/Blue/Double/button_round_depth_gloss.png using Guid(5c38296554825d04cb2e91e11177c2a9) (TextureImporter) -> (artifact id: '4b4061d45e0bd00dc5f8ee1d4eca275a') in 0.0072685 seconds
Start importing Assets/Art/External/KenneyUI/PNG/Green/Default/slide_horizontal_color_section.png using Guid(5c693ef532727194eb23fed5c0337c98) (TextureImporter) -> (artifact id: '75cebceaef4b4e5cd9d9f4768ed5a38f') in 0.0074272 seconds
Start importing Assets/Art/External/KenneyUI/PNG/Yellow/Default/slide_vertical_grey_section_wide.png using Guid(5cfeb9a477bf3e64eb27ad2d91bf8597) (TextureImporter) -> (artifact id: '9e528ccd9d26f8cc3e062d81355e51b6') in 0.0072981 seconds
Start importing Assets/Art/External/KenneyUI/PNG/Blue/Double/button_square_gradient.png using Guid(6c14c427b2d9ba440899c64b03ede887) (TextureImporter) -> (artifact id: '9be1d6be40c6c0c87d4636d35339c99a') in 0.0082736 seconds
Start importing Assets/Art/External/KenneyUI/PNG/Grey/Double/slide_hangle.png using Guid(6c8784a6b2b3b6d4fbf36c8aa25ff5ff) (TextureImporter) -> (artifact id: '9ff1324497770522dcd75178efcea93f') in 0.0077667 seconds
Start importing Assets/Art/External/KenneyUI/PNG/Yellow/Double/arrow_basic_n.png using Guid(6c6c9b0b5214a764682001d9f113c98c) (TextureImporter) -> (artifact id: 'd4db9e46d107878755092421c8d9a643') in 0.007426 seconds
Start importing Assets/Art/External/KenneyUI/PNG/Yellow/Double/slide_vertical_color_section_wide.png using Guid(7cf8c1395abd02a418029c021c4b76eb) (TextureImporter) -> (artifact id: 'cec4ca99368c3c7475a461f15e084d96') in 0.0072414 seconds
Start importing Assets/Art/External/KenneyUI/PNG/Yellow/Double/button_rectangle_depth_border.png using Guid(7ccdb1a6945b6f54c9cf466b6fd7c140) (TextureImporter) -> (artifact id: 'd0f93c5f3daf938fc64268fcded149d2') in 0.0102295 seconds
Start importing Assets/Art/External/KenneyUI/PNG/Blue/Default/button_rectangle_depth_border.png using Guid(8c72f64acf64bfc4e893c44bba693dfc) (TextureImporter) -> (artifact id: 'b937a7be6a57aaaee3f6e9dda3806380') in 0.0084058 seconds
Start importing Assets/Art/External/KenneyUI/PNG/Yellow/Double/arrow_basic_e.png using Guid(8c98fb9dfe41c7a4b8eab64515cacf63) (TextureImporter) -> (artifact id: '3e7f416c898c72a74ae5a6242fb3a95f') in 0.0083331 seconds
Start importing Assets/Art/External/KenneyUI/PNG/Red/Double/check_square_color_cross.png using Guid(8cfc26fbb61e59f4e9a663fb6a6255d5) (TextureImporter) -> (artifact id: '1f30dec25253cda11f10a4d6ed13b384') in 0.0076789 seconds
Start importing Assets/Art/External/KenneyUI/PNG/Grey/Default/button_rectangle_border.png using Guid(9c38d4715f745214ba00e160b97bb46e) (TextureImporter) -> (artifact id: '1a2eafd1ecac17d57d538dfe46b4bfd3') in 0.0084682 seconds
Start importing Assets/Art/External/KenneyUI/PNG/Yellow/Default/button_square_line.png using Guid(9cba86a1bfe40e44db4b7bc7b549aacc) (TextureImporter) -> (artifact id: 'c4be28103f8a1b062547a58791fc9339') in 0.0074867 seconds
Start importing Assets/Art/External/KenneyUI/PNG/Grey/Double/check_square_grey_square.png using Guid(9c1bb94807276ec4ca673031f1e4068e) (TextureImporter) -> (artifact id: '5885400b6681151c67d378ce687af568') in 0.008346 seconds
Start importing Assets/Art/External/KenneyUI/PNG/Red/Default/slide_horizontal_color.png using Guid(ac25ba24b8196114f911cb35bcfc2cc5) (TextureImporter) -> (artifact id: '6d6863cdd416cb47e43393d17ec2aaa8') in 0.0077146 seconds
Start importing Assets/Art/External/KenneyUI/PNG/Green/Double/arrow_basic_e.png using Guid(ac98c2aff30ce18459dd4304493ad9b0) (TextureImporter) -> (artifact id: '3b953252dc2233791c8123e52f6c2b43') in 0.0076245 seconds
Start importing Assets/Art/External/KenneyUI/PNG/Red/Default/slide_horizontal_grey_section_wide.png using Guid(accf856799a96564398e3ed38cd81d53) (TextureImporter) -> (artifact id: '9e236bd4a49ddaecfb096c56b6993998') in 0.0074221 seconds
Start importing Assets/Art/External/KenneyUI/PNG/Red/Double/arrow_basic_n_small.png using Guid(bcb608cedc744554f90aef71d70d3b7d) (TextureImporter) -> (artifact id: '1a16ca58a74056523aa645e17aec58a4') in 0.0087419 seconds
Start importing Assets/Art/External/KenneyUI/PNG/Red/Double/button_square_depth_flat.png using Guid(bc6c1bd0d6c7a39438edb29608147102) (TextureImporter) -> (artifact id: '4ecdabd65d3ffbe09338c761adf13138') in 0.0079226 seconds
Start importing Assets/Art/External/KenneyUI/PNG/Blue/Double/icon_outline_cross.png using Guid(cc6e1b7d4d9249b46afe09f4691d13d8) (TextureImporter) -> (artifact id: '282b0611a43c10a1b5aa3877c1e1ed1b') in 0.007531 seconds
Start importing Assets/Art/External/KenneyUI/PNG/Yellow/Default/button_square_depth_gloss.png using Guid(dc92adba59be45441b81262fab82b6bd) (TextureImporter) -> (artifact id: '09787856b51f419acd6ad2fe102b5f1c') in 0.0074637 seconds
Start importing Assets/Art/External/KenneyUI/PNG/Green/Default/button_round_gradient.png using Guid(dc84ea6dad39d2245b659f706aa53d99) (TextureImporter) -> (artifact id: '990ca109326145442aeb7cf5da71bd45') in 0.0073348 seconds
Start importing Assets/Art/External/KenneyUI/PNG/Blue/Double/icon_outline_checkmark.png using Guid(dc7aad6cd3bbfdf4982a8af2150402ce) (TextureImporter) -> (artifact id: 'a386ba0a413880d5655ec329e6198c51') in 0.0077902 seconds
Start importing Assets/Art/External/KenneyUI/PNG/Blue/Double/slide_horizontal_color.png using Guid(dcda3eb2b25acf54fa0a6b0604ef989d) (TextureImporter) -> (artifact id: 'b9c32dc19e1e54f57d9bc76da956c087') in 0.0077591 seconds
Start importing Assets/Art/External/KenneyUI/PNG/Blue/Double/arrow_basic_e.png using Guid(ec21ea5f4fe39244393f9f54e419eede) (TextureImporter) -> (artifact id: 'ba8e91eb1338404e4af76eb38d78e517') in 0.008048 seconds
Start importing Assets/Art/External/KenneyUI/PNG/Grey/Default/icon_circle.png using Guid(ece41efbb14b7a140b32cc837a3c8c98) (TextureImporter) -> (artifact id: 'bd8f05b4478e094188aff290536ea1f3') in 0.0073292 seconds
Start importing Assets/Art/External/KenneyUI/PNG/Yellow/Default/icon_circle.png using Guid(fcaae65196de27a4d96622c056c4f4bb) (TextureImporter) -> (artifact id: '8456a2af04c2532e81b6081f25a8d4d3') in 0.0074909 seconds
Start importing Assets/Art/External/KenneyUI/PNG/Green/Double/icon_outline_checkmark.png using Guid(fc3b050d5cabdec43957f5247e725de4) (TextureImporter) -> (artifact id: '2be106e72f13ced2179c43f76f7f0a80') in 0.007116 seconds
Start importing Assets/Art/External/KenneyUI/PNG/Extra/Double/input_outline_rectangle.png using Guid(fc6b363070735454b8f9e7271bdf6cd4) (TextureImporter) -> (artifact id: 'a33e86c300a52d0892fd3c4ea7b5878a') in 0.0084301 seconds
Start importing Assets/Art/External/KenneyUI/PNG/Red/Double/button_round_border.png using Guid(0d9545a1563540b40a2c29bb9f896fde) (TextureImporter) -> (artifact id: 'c474ec9875614e370208c978cfc6eb76') in 0.0075401 seconds
Start importing Assets/Art/External/KenneyUI/PNG/Blue/Default/slide_horizontal_color_section.png using Guid(0d2bedef9e690f54cb7397b74256cbe7) (TextureImporter) -> (artifact id: '296c47f7264e583c7df5cc4d8320a0cd') in 0.0081634 seconds
Start importing Assets/Art/External/KenneyUI/PNG/Grey/Default/button_round_gradient.png using Guid(1d4a8db4e6b368a4bbc2cafb32086c6a) (TextureImporter) -> (artifact id: '1d1e62fce38dff8106f38ad6bbd15ced') in 0.0072625 seconds
Start importing Assets/Art/External/KenneyUI/PNG/Red/Default/slide_vertical_color_section_wide.png using Guid(1d9c1cbb966e52d4cb7030d755231370) (TextureImporter) -> (artifact id: '2f9ce6713adaba74e50cafaaff2324cf') in 0.0071229 seconds
Start importing Assets/Art/External/KenneyUI/PNG/Blue/Double/slide_horizontal_grey.png using Guid(1dad11cb455e1f145ba3157bdc0669de) (TextureImporter) -> (artifact id: '0404a228efa6f3876c5011448c77a50b') in 0.0073285 seconds
Start importing Assets/Art/External/KenneyUI/PNG/Blue/Double/slide_vertical_grey_section_wide.png using Guid(2dc8c59684b2ebc4c92fb0deecacf7e7) (TextureImporter) -> (artifact id: 'a99fdb2db37414a1eee7f44dbd940b63') in 0.0071772 seconds
Start importing Assets/Art/External/KenneyUI/PNG/Green/Double/button_square_depth_line.png using Guid(2d8c50e8eb0c86c468b0dd0ff254cfb4) (TextureImporter) -> (artifact id: '25456d81204e3cbe6f076fe64b8ad341') in 0.0078506 seconds
Start importing Assets/Art/External/KenneyUI/PNG/Red/Double/icon_outline_cross.png using Guid(3dc1a1328f4791448b5e3d9c77a53fce) (TextureImporter) -> (artifact id: '262faedb071d53a171cb6469c3a30ef0') in 0.0068598 seconds
Start importing Assets/Art/External/KenneyUI/PNG/Blue/Default/icon_outline_checkmark.png using Guid(3d939d72bbccc46459078167172702a9) (TextureImporter) -> (artifact id: 'fc92dea733aa1efe4b6f17a3836d65a3') in 0.0076856 seconds
Start importing Assets/Art/External/KenneyUI/PNG/Green/Default/button_round_depth_gloss.png using Guid(3d54b0a0f4c08a2438beba16c71178aa) (TextureImporter) -> (artifact id: 'b283bf769170750bee520d2f2c30e438') in 0.0070621 seconds
Start importing Assets/Art/External/KenneyUI/PNG/Grey/Default/check_square_grey.png using Guid(3df5a4f1614fd914fbc0c0b097ad17ad) (TextureImporter) -> (artifact id: '934923d730253127dc5c1e3b96aed73e') in 0.0078892 seconds
Start importing Assets/Art/External/KenneyUI/PNG/Red/Double/check_square_grey_square.png using Guid(3d9ae4412facf5f4bbed47d4d958df11) (TextureImporter) -> (artifact id: 'ef9abb0e809f0167d20479e02371057c') in 0.0067732 seconds
Start importing Assets/Art/External/KenneyUI/PNG/Red/Default/button_rectangle_depth_border.png using Guid(3deb468583b1c7142b192f0101349b0a) (TextureImporter) -> (artifact id: 'c96448c7b08a658bd29726d087cefa24') in 0.0071719 seconds
Start importing Assets/Art/External/KenneyUI/PNG/Yellow/Double/button_round_line.png using Guid(3d2ec31e21fdc9a4087b7a286af75a97) (TextureImporter) -> (artifact id: '9e45a44d487842305f53b2cad74944a3') in 0.0070991 seconds
Start importing Assets/Art/External/KenneyUI/PNG/Red/Default/slide_horizontal_color_section_wide.png using Guid(4da6483e62c007a4ab63d854fb7b73d8) (TextureImporter) -> (artifact id: 'c10816fb65a391b57162635b10bdbd6c') in 0.0066623 seconds
Start importing Assets/Art/External/KenneyUI/PNG/Green/Double/check_square_color_checkmark.png using Guid(4d2768c95b35e7d4fb76a708b706ced5) (TextureImporter) -> (artifact id: 'a53b571cad1de21aff7772e683867335') in 0.0070439 seconds
Start importing Assets/Art/External/KenneyUI/PNG/Red/Double/arrow_decorative_e_small.png using Guid(4d69ca16f48eb5b4898473da2dfbe2a5) (TextureImporter) -> (artifact id: 'a020b7dc7d412055ae2255d4cf85673d') in 0.0068844 seconds
Start importing Assets/Art/External/KenneyUI/PNG/Grey/Default/icon_outline_circle.png using Guid(4dad7b60fc3a48549b25ae3bc1655751) (TextureImporter) -> (artifact id: '1ad14af747cb4689df0d46bd85be972f') in 0.0076943 seconds
Start importing Assets/Art/External/KenneyUI/PNG/Red/Double/slide_hangle.png using Guid(4d0e2041e4a57914ca4454e1f7d34b23) (TextureImporter) -> (artifact id: 'b1f9550942a2f03c5475663bccbe5268') in 0.0069028 seconds
Start importing Assets/Art/External/KenneyUI/PNG/Blue/Default/button_square_gloss.png using Guid(4dceb646c2bdfcb438849d9918c2de75) (TextureImporter) -> (artifact id: '9825bd4700ad80057ef68c963fd2dd5e') in 0.0079225 seconds
Start importing Assets/Art/External/KenneyUI/PNG/Yellow/Double/arrow_decorative_e.png using Guid(5d10dd729638fad48bc62dca41bb152a) (TextureImporter) -> (artifact id: '01514f9a5b8810eccf74d7433d57ec80') in 0.0068651 seconds
Start importing Assets/Art/External/KenneyUI/PNG/Green/Default/icon_outline_square.png using Guid(5d20b79a8fb47594a8534a3eacfbbcc1) (TextureImporter) -> (artifact id: '5530b7e9bbd261f8be5e0cc0ce55ef70') in 0.0068817 seconds
Start importing Assets/Art/External/KenneyUI/PNG/Red/Default/arrow_decorative_n.png using Guid(5dc84db2497220944bd753aa64163d6c) (TextureImporter) -> (artifact id: '8d2adad961670a6cc781c969ea7e2178') in 0.006966 seconds
Start importing Assets/Art/External/KenneyUI/PNG/Extra/Default/icon_repeat_light.png using Guid(5dccfd7bed0b7474490ba97f2daada17) (TextureImporter) -> (artifact id: '1a07c56718aaf296558c4278ff27dd1e') in 0.0067386 seconds
Start importing Assets/Art/External/KenneyUI/PNG/Blue/Double/slide_horizontal_color_section_wide.png using Guid(5d1f3358a4d97b248aa1e8fff5f3b3ec) (TextureImporter) -> (artifact id: 'ab1a35056afe8138e5f11becf7c9e07b') in 0.007859 seconds
Start importing Assets/Art/External/KenneyUI/PNG/Yellow/Default/check_square_color_cross.png using Guid(6d4082c5cb4303e48af2df6afa90a638) (TextureImporter) -> (artifact id: '7661632bb49b7887380020c3994e0178') in 0.0070238 seconds
Start importing Assets/Art/External/KenneyUI/PNG/Extra/Default/button_square_line.png using Guid(6d543f7288e3c2e4287418178a55fcbf) (TextureImporter) -> (artifact id: '4b9e86eacd590bc219624f660cbc410f') in 0.0070429 seconds
Start importing Assets/Art/External/KenneyUI/PNG/Red/Default/arrow_decorative_s_small.png using Guid(6dfb3a22a16eaa84ca8035aea3b62e03) (TextureImporter) -> (artifact id: '5b97c01b6cf3a61d7b58e489688f9e2c') in 0.006735 seconds
Start importing Assets/Art/External/KenneyUI/PNG/Green/Double/star_outline_depth.png using Guid(6d0d0bc230129824aa1200f5ea3da655) (TextureImporter) -> (artifact id: 'dcf73e7d72ac2abd1d7fb246b0288871') in 0.0069203 seconds
Start importing Assets/Art/External/KenneyUI/PNG/Grey/Double/button_round_gradient.png using Guid(7da0c1691f82ea746a13915bb92a87f4) (TextureImporter) -> (artifact id: '630b65a346ad6b9039cced74cc0b7d1e') in 0.0072593 seconds
Start importing Assets/Art/External/KenneyUI/PNG/Grey/Double/button_rectangle_gradient.png using Guid(7d2225d79e1c7fe4eaf8cf1b0ea7ad89) (TextureImporter) -> (artifact id: '6bf47aedd4572204a84ea8d9574163d7') in 0.0084013 seconds
Start importing Assets/Art/External/KenneyUI/PNG/Grey/Default/button_rectangle_gloss.png using Guid(7d071995c086e4245b0fdfeb06db7d50) (TextureImporter) -> (artifact id: '95bfe959e26c62ea3e03b0e47b9d333e') in 0.0074165 seconds
Start importing Assets/Art/External/KenneyUI/PNG/Green/Default/button_square_depth_gradient.png using Guid(7d3cffd3f2bc9cc47b24fab225d28c99) (TextureImporter) -> (artifact id: '3ba54fefca975154646150beae013d11') in 0.0067196 seconds
Start importing Assets/Art/External/KenneyUI/PNG/Green/Default/icon_outline_circle.png using Guid(7d4e5442aa8f5014092a9d778dc00041) (TextureImporter) -> (artifact id: 'a5f371f049295710f915a53bc0ee9569') in 0.0072792 seconds
Start importing Assets/Art/External/KenneyUI/PNG/Yellow/Double/check_square_grey_square.png using Guid(8df3c406a42928e43a0782b91703287b) (TextureImporter) -> (artifact id: '67374b8be55ae4e1f31d5b4480c3aaab') in 0.0066715 seconds
Start importing Assets/Art/External/KenneyUI/PNG/Green/Double/button_square_gradient.png using Guid(8d6ab51a1ccaff8458fc28e96ad6809b) (TextureImporter) -> (artifact id: '52cb67e28423f83842995be86cc8eeeb') in 0.008216 seconds
Start importing Assets/Art/External/KenneyUI/PNG/Red/Double/button_round_depth_gloss.png using Guid(8d2cc76b1a880ea498876e8c9363fa06) (TextureImporter) -> (artifact id: 'b4d20403216cc8ac94f9e8e97ad49a96') in 0.0071833 seconds
Start importing Assets/Art/External/KenneyUI/PNG/Extra/Default/icon_play_light.png using Guid(9db95386db6c7ee4c999068ba24bb77b) (TextureImporter) -> (artifact id: 'a1c5df1343b916a6fdeac202ad0a0f1e') in 0.0068889 seconds
Start importing Assets/Art/External/KenneyUI/PNG/Yellow/Double/arrow_decorative_s.png using Guid(9d1e04184f82ac7429e6afd06807c51a) (TextureImporter) -> (artifact id: '17de9fdda9124f817c7f591bda13c7d1') in 0.0069041 seconds
Start importing Assets/Art/External/KenneyUI/PNG/Yellow/Default/button_rectangle_gradient.png using Guid(9d0fc36b0242e9a46a91854cf0dec29b) (TextureImporter) -> (artifact id: 'f3b8f5b80204356f15360a166ba10922') in 0.0079135 seconds
Start importing Assets/Art/External/KenneyUI/PNG/Red/Default/button_round_depth_gradient.png using Guid(ad93f85100e3f3044ab3d85cd8988f90) (TextureImporter) -> (artifact id: '827c8e881467c0ef2f878c29b9bfa50d') in 0.007084 seconds
Start importing Assets/Art/External/KenneyUI/PNG/Red/Double/arrow_decorative_s.png using Guid(ade43416a2da8c24ab3cccd3ba87d963) (TextureImporter) -> (artifact id: '8ca3f3312fbd356104a4fcc8915270c2') in 0.0068025 seconds
Start importing Assets/Art/External/KenneyUI/PNG/Blue/Default/check_square_color_square.png using Guid(ade428ba040747341b8432116fd0c20f) (TextureImporter) -> (artifact id: 'b49f682c6dabcea18f880d58f63c53e8') in 0.0085812 seconds
Start importing Assets/Art/External/KenneyUI/PNG/Yellow/Double/button_round_depth_gloss.png using Guid(adc9ae73aa896d143851dbee81cc1906) (TextureImporter) -> (artifact id: '41098f501ec3f4d6aea995ccf0e952e6') in 0.0068801 seconds
Start importing Assets/Art/External/KenneyUI/PNG/Blue/Default/button_rectangle_depth_flat.png using Guid(ad4bcdda5e09e544791f78cd5cded11b) (TextureImporter) -> (artifact id: '3c1c5258e5af4dd17b642c0c080c8884') in 0.0081537 seconds
Start importing Assets/Art/External/KenneyUI/PNG/Blue/Default/button_square_flat.png using Guid(ad8bd943241660646bb7cc2e6993f8be) (TextureImporter) -> (artifact id: '16f723aa2a6f24fd35f03c517da5ed87') in 0.0069803 seconds
Start importing Assets/Art/External/KenneyUI/PNG/Green/Default/slide_horizontal_color.png using Guid(ad9d8c87665451340a835200dd60b85f) (TextureImporter) -> (artifact id: '542a32c821df7f40317f5b2fd14ccda7') in 0.0075739 seconds
Start importing Assets/Art/External/KenneyUI/PNG/Green/Default/button_square_depth_line.png using Guid(bd357703746164f4d9341f6499b23648) (TextureImporter) -> (artifact id: 'd8ac101bb9f0c4c6725ea14c7581b77b') in 0.006972 seconds
Start importing Assets/Art/External/KenneyUI/PNG/Red/Default/button_rectangle_flat.png using Guid(bd4613a1c45e9e64f8369eab4a768f81) (TextureImporter) -> (artifact id: 'e940d64bf26a587ee0b1f5f9bcd76cf3') in 0.0070705 seconds
Start importing Assets/Art/External/KenneyUI/PNG/Yellow/Default/icon_square.png using Guid(bd8c04a195498de4fb3f2ede5800aa6c) (TextureImporter) -> (artifact id: '754a79e51c48d2a09ce2ebfb7e55e8c8') in 0.0070555 seconds
Start importing Assets/Art/External/KenneyUI/PNG/Yellow/Double/icon_square.png using Guid(bd0e0b65c08ad874b91d1bcfbe4eb5a1) (TextureImporter) -> (artifact id: 'bf437353bb57974676e0e89c805ab363') in 0.0070448 seconds
Start importing Assets/Art/External/KenneyUI/PNG/Yellow/Double/button_round_depth_line.png using Guid(bd0f7bd51da03c8429f2310ff7da410e) (TextureImporter) -> (artifact id: 'b9884edc9e5340b89e9bce77e76a28f9') in 0.0076235 seconds
Start importing Assets/Art/External/KenneyUI/PNG/Green/Double/button_round_flat.png using Guid(cdf059e3df436ed45a2d27be603b76b4) (TextureImporter) -> (artifact id: '596605f5b3a9e9ece0b051392e6600eb') in 0.0074834 seconds
Start importing Assets/Art/External/KenneyUI/PNG/Grey/Default/arrow_basic_s.png using Guid(cd35850d16195484492c011c73e14d88) (TextureImporter) -> (artifact id: 'c2b484b3081d18a9b5071afa7c5d7393') in 0.0082072 seconds
Start importing Assets/Art/External/KenneyUI/PNG/Blue/Double/button_rectangle_border.png using Guid(cd55e594f1c10ee4aa5070cd57f9dac9) (TextureImporter) -> (artifact id: '61e3c2cb65e6cf99eb89d0b46c9a5829') in 0.0081262 seconds
Start importing Assets/Art/External/KenneyUI/PNG/Green/Default/arrow_decorative_n.png using Guid(cdbb3831364e59c4e81031a261489c56) (TextureImporter) -> (artifact id: '1975ebf3f7b2064c3a3796ec3ff38804') in 0.0076167 seconds
Start importing Assets/Art/External/KenneyUI/PNG/Grey/Default/check_round_grey.png using Guid(cdddf257f0fc34346b39ef4a1d8b8190) (TextureImporter) -> (artifact id: 'dc37e6d18d645493edbc367b713f7769') in 0.0073454 seconds
Start importing Assets/Art/External/KenneyUI/PNG/Yellow/Double/arrow_decorative_n.png using Guid(ddd21a624b0b8b04bbf88e54fa409566) (TextureImporter) -> (artifact id: '4d547839e8e94cbfec83a07c917bfd6a') in 0.0072118 seconds
Start importing Assets/Art/External/KenneyUI/PNG/Red/Default/arrow_decorative_s.png using Guid(dd792a35c90b8d04ab1a0a550cfff3de) (TextureImporter) -> (artifact id: '6fa4c87fc51f24eef8909a0c39f1495e') in 0.0067683 seconds
Start importing Assets/Art/External/KenneyUI/PNG/Red/Default/button_round_depth_border.png using Guid(dd9d558106e4f294588511ca54c02a8b) (TextureImporter) -> (artifact id: '6edb4c8d9ae2e8301fd7b7ef1a5093fd') in 0.0070557 seconds
Start importing Assets/Art/External/KenneyUI/PNG/Green/Default/arrow_decorative_w_small.png using Guid(ed14b71d0216fb5449940228c0ea8057) (TextureImporter) -> (artifact id: '683db019bb916272e3fddecd3e7a4d03') in 0.0067988 seconds
Start importing Assets/Art/External/KenneyUI/PNG/Green/Default/check_round_color.png using Guid(fd458e48175fe3d4eb7137cbeefa89b8) (TextureImporter) -> (artifact id: '31e12fc05aed64043353069917586c65') in 0.0067175 seconds
Start importing Assets/Art/External/KenneyUI/PNG/Green/Default/check_square_grey_checkmark.png using Guid(fd3afe0a785c3094b82f13e4d922070a) (TextureImporter) -> (artifact id: 'e46fa644a006ab3176aa81f63798cbe5') in 0.0073112 seconds
Start importing Assets/Art/External/KenneyUI/PNG/Yellow/Default/star.png using Guid(fd9f0a57d4fb3104990ad47ac2ace7e2) (TextureImporter) -> (artifact id: 'c915b4b00bca223bdcef1e6a3d0c2b95') in 0.0070263 seconds
Start importing Assets/Art/External/KenneyUI/PNG/Blue/Double/button_round_depth_border.png using Guid(0ec19a6fbfb91fa4caaf3f9ce4e3ffd8) (TextureImporter) -> (artifact id: 'f96d27845565b2113320fd2f049f8f6e') in 0.0089481 seconds
Start importing Assets/Art/External/KenneyUI/PNG/Grey/Default/icon_outline_cross.png using Guid(0e6256e6646a17644875470c4947150e) (TextureImporter) -> (artifact id: '7ce1c8f841e87662df514a87f9b47dd1') in 0.0070545 seconds
Start importing Assets/Art/External/KenneyUI/PNG/Extra/Double/input_rectangle.png using Guid(0e8335d6741d45746be648fc48e107b1) (TextureImporter) -> (artifact id: '27d17d3b552ee5f416802c38024d5086') in 0.0089534 seconds
Start importing Assets/Art/External/KenneyUI/PNG/Yellow/Default/icon_cross.png using Guid(0ec8751ddbb6bce42b0c163d5eeceb66) (TextureImporter) -> (artifact id: 'd89e29f96f8b8795fae354c6394539ba') in 0.0069861 seconds
Start importing Assets/Art/External/KenneyUI/PNG/Blue/Default/star.png using Guid(0ec8edfc6cad98444ace232c784e76ff) (TextureImporter) -> (artifact id: 'f3f8f3622360062b211a3a4d66cd2445') in 0.0080444 seconds
Start importing Assets/Art/External/KenneyUI/PNG/Grey/Double/button_rectangle_depth_border.png using Guid(0e0ac46d53b994a4d9f1376112a17fe4) (TextureImporter) -> (artifact id: '7245217bb05335d7fc68272b47f69d8b') in 0.0084045 seconds
Start importing Assets/Art/External/KenneyUI/PNG/Blue/Default/button_square_depth_flat.png using Guid(0e0ef99769d8bfa44baa79620fcf2f49) (TextureImporter) -> (artifact id: 'd144b5be43db5eddf82d69d9c4f88f84') in 0.0080288 seconds
Start importing Assets/Art/External/KenneyUI/PNG/Green/Default/check_square_color_checkmark.png using Guid(0effc7f2df139fb4c8fdcaf72ca9a85c) (TextureImporter) -> (artifact id: 'c1872f234b7c09a85cff0efbc26b0afd') in 0.0068086 seconds
Start importing Assets/Art/External/KenneyUI/PNG/Blue/Default/arrow_decorative_e.png using Guid(1eb02376229ad024a82f9bc724d866bf) (TextureImporter) -> (artifact id: '91dfd32b0f42f54b4b6b707f85f7d783') in 0.0068515 seconds
Start importing Assets/Art/External/KenneyUI/PNG/Blue/Double/button_rectangle_depth_flat.png using Guid(1e05d1b2a8e4bdc419d1c70b86c49262) (TextureImporter) -> (artifact id: 'cc8aafcb34adfd8f356ef8d7a7cbf846') in 0.0078712 seconds
Start importing Assets/Art/External/KenneyUI/PNG/Red/Default/star_outline_depth.png using Guid(2e33b59238572574c981cee3861a049f) (TextureImporter) -> (artifact id: '40a6e156bb6528a5ae18d5a5f30584ec') in 0.0071714 seconds
Start importing Assets/Art/External/KenneyUI/PNG/Blue/Default/arrow_decorative_n_small.png using Guid(2e4856db46bc4af4185fb5731757fc1c) (TextureImporter) -> (artifact id: 'e089493cc3c344be0eee24006c880750') in 0.0077326 seconds
Start importing Assets/Art/External/KenneyUI/PNG/Green/Double/button_round_border.png using Guid(2e69bfdc264b9354d84e5cb61331edca) (TextureImporter) -> (artifact id: 'e0f3b909c6fb2e389a10deed49abb877') in 0.0076394 seconds
Start importing Assets/Art/External/KenneyUI/PNG/Grey/Default/arrow_basic_w_small.png using Guid(2e8970c14ff4f0946ad444ff31b37511) (TextureImporter) -> (artifact id: '8689fc67a00b3f4b95bda303cdf806ed') in 0.0072062 seconds
Start importing Assets/Art/External/KenneyUI/PNG/Yellow/Double/icon_outline_square.png using Guid(3ec3967af39264549bfa268d42d1d2c0) (TextureImporter) -> (artifact id: '5c874f0d08e5630c7a22160f4b630160') in 0.0070364 seconds
Start importing Assets/Art/External/KenneyUI/PNG/Extra/Double/icon_repeat_outline.png using Guid(3e95f23417f31534bb93edee4b97b7c3) (TextureImporter) -> (artifact id: '883c6e7d22ea113928d4b76f60187711') in 0.0079106 seconds
Start importing Assets/Art/External/KenneyUI/PNG/Blue/Double/check_round_color.png using Guid(3efd2d668681a7240afb8c8ba6c1f4ef) (TextureImporter) -> (artifact id: '011c1c033e7a711223d62f7e9e64bbec') in 0.0081348 seconds
Start importing Assets/Art/External/KenneyUI/PNG/Red/Default/button_round_depth_line.png using Guid(3e9e60b7b88d1464ab3d781a4bfcbe07) (TextureImporter) -> (artifact id: '43e32f7748986e67f573e62ef9421e7d') in 0.0078257 seconds
Start importing Assets/Art/External/KenneyUI/PNG/Red/Default/arrow_basic_e_small.png using Guid(4e05ece7fa5a31a499439de0bd4cfc9f) (TextureImporter) -> (artifact id: '7befe32a1c6305494cc2e5e90d566bd2') in 0.0070858 seconds
Start importing Assets/Art/External/KenneyUI/PNG/Green/Default/button_square_flat.png using Guid(5e3037b8eb3c9324eabf28a06da7e744) (TextureImporter) -> (artifact id: 'd498dc7a47ededd284e522384d494118') in 0.0076419 seconds
Start importing Assets/Art/External/KenneyUI/Sample.png using Guid(5e61055fb667c054fad68c756b896d32) (TextureImporter) -> (artifact id: 'aaddddced881509240348ea82033d2fe') in 0.0158242 seconds
Start importing Assets/Art/External/KenneyUI/PNG/Red/Double/slide_vertical_grey.png using Guid(5e818e561a90681488c03721131c4016) (TextureImporter) -> (artifact id: '5f2ff5a4ce8c59676218606fe16624fe') in 0.0082857 seconds
Start importing Assets/Art/External/KenneyUI/PNG/Grey/Default/button_square_border.png using Guid(5e843f0515e791e4aa02cb36c1303a8c) (TextureImporter) -> (artifact id: 'c3069d141127094f5e0e8f014649ab57') in 0.0082755 seconds
Start importing Assets/Art/External/KenneyUI/PNG/Blue/Default/star_outline.png using Guid(5e6d678fb2fac6243ba8b51b1f2e8edf) (TextureImporter) -> (artifact id: '42da4b771287079706141e7c2aecb5f8') in 0.0085416 seconds
Start importing Assets/Art/External/KenneyUI/PNG/Green/Default/button_round_gloss.png using Guid(6e77031454bf41b478f2ceeb54131acd) (TextureImporter) -> (artifact id: '9774b022e0bd9bec7a786b5e79721d8d') in 0.0077436 seconds
Start importing Assets/Art/External/KenneyUI/PNG/Extra/Default/icon_arrow_up_outline.png using Guid(7e6619eeeefbffa4fbf9867ffbca8ed3) (TextureImporter) -> (artifact id: '900813bbee0e85928fc473b5802c340d') in 0.0079443 seconds
Start importing Assets/Art/External/KenneyUI/PNG/Blue/Default/slide_horizontal_grey_section_wide.png using Guid(8e808d5da96ca334dbdf089356719def) (TextureImporter) -> (artifact id: 'a6cc127101465c2513bb1bd3ff60c441') in 0.0082118 seconds
Start importing Assets/Art/External/KenneyUI/PNG/Extra/Default/icon_arrow_down_outline.png using Guid(8ef1768899a8a5445825ba82c3d56fdb) (TextureImporter) -> (artifact id: 'd8a36a00a4313539ce0a4125cb946ced') in 0.0079097 seconds
Start importing Assets/Art/External/KenneyUI/PNG/Grey/Default/slide_horizontal_color.png using Guid(8eb3e3395f10ad34d913eaa858597f5c) (TextureImporter) -> (artifact id: '1505196b193da16a50ad427dc3b42aae') in 0.0089704 seconds
Start importing Assets/Art/External/KenneyUI/PNG/Grey/Default/button_rectangle_depth_flat.png using Guid(8ef48b733c484b445ac8e1b2745fb595) (TextureImporter) -> (artifact id: '90886b2fa3746a550a4b3202804be37a') in 0.0074963 seconds
Start importing Assets/Art/External/KenneyUI/PNG/Yellow/Double/arrow_decorative_w_small.png using Guid(8e473e590bb571a4396e6f2bb05db674) (TextureImporter) -> (artifact id: '06d33284af91f3ebcb1c846cf4af115e') in 0.0079426 seconds
Start importing Assets/Art/External/KenneyUI/PNG/Green/Default/button_round_depth_flat.png using Guid(8ecda36dbed5e2d4f98d854c55d81551) (TextureImporter) -> (artifact id: 'e6c953e20c2a84b67338a9ef53fbd032') in 0.0082831 seconds
Start importing Assets/Resources/Art/diceroll.png using Guid(8e2efc0816b749542a809cc3aef9373e) (TextureImporter) -> (artifact id: '8d0747f1f596b1488f4912bf2ccf676e') in 0.008398 seconds
Start importing Assets/Art/External/KenneyUI/PNG/Red/Double/arrow_basic_n.png using Guid(9e21f34602f8a61488fac052fa6b474e) (TextureImporter) -> (artifact id: '49c369ff1368c6863a8901833d777309') in 0.0075242 seconds
Start importing Assets/Art/External/KenneyUI/PNG/Green/Default/button_square_depth_border.png using Guid(9ec2ca3176f03a0498575499d65e6692) (TextureImporter) -> (artifact id: 'e5a47a5d6b305733e54a483a95aed583') in 0.008086 seconds
Start importing Assets/Art/External/KenneyUI/PNG/Red/Default/icon_checkmark.png using Guid(9ef770582dd0bcd40bc164eebfe0db0e) (TextureImporter) -> (artifact id: '21994e2854aac7b076863eac0ebed4fc') in 0.0073444 seconds
Start importing Assets/Art/External/KenneyUI/PNG/Yellow/Default/button_square_border.png using Guid(9e398eee0d525cd4f9b3c95eab1cb833) (TextureImporter) -> (artifact id: '0ef89a77499974028eb339106c4c2ce3') in 0.0076461 seconds
Start importing Assets/Art/External/KenneyUI/PNG/Grey/Default/check_round_grey_circle.png using Guid(9edc9a78f3a8540409ea2755eb40a359) (TextureImporter) -> (artifact id: '8655d5f77e6163bbc3b2af29055bc4fd') in 0.0075359 seconds
Start importing Assets/Art/External/KenneyUI/PNG/Red/Default/button_round_gradient.png using Guid(9eff0de19bc8bf7458b8f693996b5d5f) (TextureImporter) -> (artifact id: '747412b9cc433a0de391a207292cd211') in 0.0086248 seconds
Start importing Assets/Art/External/KenneyUI/PNG/Yellow/Default/icon_outline_cross.png using Guid(ae7b179d8ff24da4193baac5c954e1c2) (TextureImporter) -> (artifact id: 'e114a003454ffbfbab8c117a3454b12e') in 0.0072793 seconds
Start importing Assets/Art/External/KenneyUI/PNG/Green/Double/arrow_decorative_e.png using Guid(be37f61af161761498e4ecaca17bf4c8) (TextureImporter) -> (artifact id: 'ea3cc7b2be0cc70dea3fc9f260720b62') in 0.0074602 seconds
Start importing Assets/Art/External/KenneyUI/PNG/Yellow/Default/button_round_depth_gloss.png using Guid(be478eef9372190478c5a4767115492b) (TextureImporter) -> (artifact id: 'afea5855bf43a74ab7571442b79fb6f3') in 0.0085569 seconds
Start importing Assets/Resources/Art/button_yellow.png using Guid(bef8e89330fb9ea42b7c88d81cd7bd12) (TextureImporter) -> (artifact id: 'ca45036dffad59f9a173680efc55612e') in 0.0084164 seconds
Start importing Assets/Art/External/KenneyUI/PNG/Blue/Default/button_round_depth_line.png using Guid(bed9fc9da3809d342a9eef0e38e43ca6) (TextureImporter) -> (artifact id: '82a6050bb01a8561aced7ebea44cba94') in 0.0074396 seconds
Start importing Assets/Art/External/KenneyUI/PNG/Blue/Double/icon_outline_circle.png using Guid(ceb315fb47eb54342afa232b7af22d83) (TextureImporter) -> (artifact id: '370ffb25809ab14a99ac2180eb5b5836') in 0.0073708 seconds
Start importing Assets/Art/External/KenneyUI/PNG/Grey/Default/arrow_decorative_n_small.png using Guid(ce5d917facb1d6f4f8b14bd703a7b565) (TextureImporter) -> (artifact id: 'eb97549121edc9470df39f270f3395ff') in 0.007257 seconds
Start importing Assets/Art/External/KenneyUI/PNG/Yellow/Double/icon_cross.png using Guid(de72859906ac5304e8a21f9b878d42d6) (TextureImporter) -> (artifact id: '1b904b127bdc5891bfe87928d42be7f1') in 0.0072513 seconds
Start importing Assets/Art/External/KenneyUI/PNG/Red/Default/arrow_basic_e.png using Guid(de59a018b451bfc49a6a8ae39f607cee) (TextureImporter) -> (artifact id: 'ae4b46b50f2422c3bd76e2f11b08a259') in 0.008313 seconds
Start importing Assets/Art/External/KenneyUI/PNG/Extra/Default/input_outline_rectangle.png using Guid(de7e094cebbf5a94eb522daca6ce4cbe) (TextureImporter) -> (artifact id: '23bf3877f0b34bdfe20bf49e59356ef8') in 0.0075448 seconds
Start importing Assets/Art/External/KenneyUI/PNG/Grey/Default/star.png using Guid(eee9636e0eb81bd4a9f91cedb81deab4) (TextureImporter) -> (artifact id: '209130822f3eb2a17e6c1b5b3f5c29ac') in 0.0076356 seconds
Start importing Assets/Art/External/KenneyUI/PNG/Green/Default/button_square_gloss.png using Guid(ee4b4cffcf5662f44b8c0994359ac90c) (TextureImporter) -> (artifact id: '04549bbf7d2491a9d5af1119b24b7a24') in 0.007244 seconds
Start importing Assets/Art/External/KenneyUI/PNG/Blue/Double/icon_outline_square.png using Guid(ee9f0cab3ecee234aa3648b783be9efe) (TextureImporter) -> (artifact id: 'cb87781419c42780ad62c99f401eae8e') in 0.0082076 seconds
Start importing Assets/Art/External/KenneyUI/PNG/Green/Double/check_square_grey_cross.png using Guid(fe7878f75b58c484384a3486109f3511) (TextureImporter) -> (artifact id: 'aedcf1b10ee21efa09bd099f5c281448') in 0.007849 seconds
Start importing Assets/Art/External/KenneyUI/PNG/Yellow/Default/arrow_basic_s_small.png using Guid(fe0f488a85573044fb2317e61fca30b5) (TextureImporter) -> (artifact id: '124d0241fd7ef507bbdba125841c89f4') in 0.0080876 seconds
Start importing Assets/Art/External/KenneyUI/PNG/Blue/Double/check_round_grey_circle.png using Guid(0fd2eac98e9f98140b78395d6584fe54) (TextureImporter) -> (artifact id: '9b9ba1b900257e516933116832d9fec2') in 0.0071984 seconds
Start importing Assets/Art/External/KenneyUI/PNG/Grey/Double/check_square_color_square.png using Guid(0f1699beb7b5d0f49bfe8ef4da52f751) (TextureImporter) -> (artifact id: '9ca0283dde26d96416923373ddf06e5d') in 0.0083522 seconds
Start importing Assets/Art/External/KenneyUI/PNG/Red/Default/button_square_depth_flat.png using Guid(0f0853381a3a175449008975ca56c145) (TextureImporter) -> (artifact id: '68f99aa4b1f4afab6d0a6415eea02053') in 0.0075898 seconds
Start importing Assets/Art/External/KenneyUI/PNG/Yellow/Default/arrow_decorative_e.png using Guid(0f5edc6d7502ddc43ad4e0865fc30680) (TextureImporter) -> (artifact id: 'e908958ee97d229621d160bf1358d212') in 0.0082834 seconds
Start importing Assets/Art/External/KenneyUI/PNG/Green/Double/slide_hangle.png using Guid(1f16118c8faac434495d2aed6524e132) (TextureImporter) -> (artifact id: '1947cbc08068fd6ddba5b0384f68b394') in 0.0075212 seconds
Start importing Assets/Art/External/KenneyUI/PNG/Red/Double/button_square_flat.png using Guid(1f08bcf7f0cac7449885b151e5f7a506) (TextureImporter) -> (artifact id: '361e27b88ad8f5fef4ce2113e2196ad7') in 0.0073887 seconds
Start importing Assets/Art/External/KenneyUI/PNG/Red/Default/arrow_basic_n.png using Guid(1f289e65757a4a0438925ddc7841ad95) (TextureImporter) -> (artifact id: '0f677d70f49bc269be2bb80d763e6fe7') in 0.0077088 seconds
Start importing Assets/Art/External/KenneyUI/PNG/Grey/Default/icon_outline_checkmark.png using Guid(2f3aa281910acd342a2b0f241c94b331) (TextureImporter) -> (artifact id: '62716761733f44b5dcc23b9766241c9b') in 0.0079645 seconds
Start importing Assets/Art/External/KenneyUI/PNG/Red/Double/check_square_color_checkmark.png using Guid(2fea96f83662b4545a6c9b30d3758f0a) (TextureImporter) -> (artifact id: 'f9a1604c1e5be100923e20145ba833bc') in 0.0083866 seconds
Start importing Assets/Art/External/KenneyUI/PNG/Yellow/Default/check_square_grey_checkmark.png using Guid(3fa30e340b2d21c43bf2938abb458ce0) (TextureImporter) -> (artifact id: '765e58bc82955d2b6c58fe989f5bd2f4') in 0.0071628 seconds
Start importing Assets/Art/External/KenneyUI/PNG/Green/Double/star.png using Guid(3f1802e6ecd7fb34ebd10e12f3b3e867) (TextureImporter) -> (artifact id: '5caed7b504682a34b0fc76ab9414d2a1') in 0.0079297 seconds
Start importing Assets/Art/External/KenneyUI/PNG/Blue/Double/button_square_gloss.png using Guid(3f0b01ef3774ede4bb07fb4a9063d024) (TextureImporter) -> (artifact id: '2d31e117ece1ce2610783704d712b739') in 0.00825 seconds
Start importing Assets/Art/External/KenneyUI/PNG/Extra/Default/button_rectangle_line.png using Guid(3f9f28b7c892dca449ae3608cf48d50c) (TextureImporter) -> (artifact id: '5dd73e1eeb8def0408f67702de0159a3') in 0.0079018 seconds
Start importing Assets/Art/External/KenneyUI/PNG/Blue/Double/button_round_gradient.png using Guid(4ff58dea1ec3fec489c9959aa2d7c3d2) (TextureImporter) -> (artifact id: '20cd4141d2aa5646a6e3567414d226d9') in 0.0082458 seconds
Start importing Assets/Art/External/KenneyUI/PNG/Yellow/Double/slide_vertical_grey_section_wide.png using Guid(4ff7e7215907e8f4a80ee3de4b4a3b58) (TextureImporter) -> (artifact id: '1bfa2aa460a91ab73287dd30b562dfd9') in 0.0079641 seconds
Start importing Assets/Art/External/KenneyUI/PNG/Red/Double/check_square_grey_cross.png using Guid(4f0992b7bb009c9429249eee5a4ca14b) (TextureImporter) -> (artifact id: '9da6f30a5bc9967847b48a76878b38cc') in 0.0088166 seconds
Start importing Assets/Art/External/KenneyUI/PNG/Grey/Default/button_round_depth_line.png using Guid(4f49e04217e954641b995e27d4339500) (TextureImporter) -> (artifact id: '357f00ab01d0a44ec7e7dc94a09ed63a') in 0.0075134 seconds
Start importing Assets/Art/External/KenneyUI/PNG/Grey/Double/slide_vertical_grey_section_wide.png using Guid(4f9cea0ee4bbee342881a70e6b4ec3b9) (TextureImporter) -> (artifact id: 'b950a52fabf46ca9325894ce6a753c3d') in 0.0076433 seconds
Start importing Assets/Art/External/KenneyUI/PNG/Extra/Default/button_round_line.png using Guid(4f3d603f3d88f1e4db4a75f2841f434a) (TextureImporter) -> (artifact id: '46fc5da3488629cb73b24c27533b6e2f') in 0.0080659 seconds
Start importing Assets/Art/External/KenneyUI/PNG/Red/Default/button_rectangle_depth_flat.png using Guid(4fcd4d1c992b7924abdcacf4a9d1d3fd) (TextureImporter) -> (artifact id: '8232f2e43b9192f390f5a2dcfad7a515') in 0.0076423 seconds
Start importing Assets/Art/External/KenneyUI/PNG/Blue/Default/arrow_basic_w.png using Guid(5fe1c5f5f8622074db8a5224fa6dc24e) (TextureImporter) -> (artifact id: '9535f961ed6ecb875b9e9ee101ac7ab4') in 0.0077719 seconds
Start importing Assets/Art/External/KenneyUI/PNG/Yellow/Default/button_round_border.png using Guid(5feb1fb4fc17385479edae5842965f93) (TextureImporter) -> (artifact id: '34383758433956de8c3162beb41954f5') in 0.0081472 seconds
Start importing Assets/Art/External/KenneyUI/PNG/Red/Double/button_square_depth_border.png using Guid(5f4e5a84d41ec6345ae40722a0b184a5) (TextureImporter) -> (artifact id: '3da1f224c51c499e87bf16497063bc20') in 0.0081407 seconds
Start importing Assets/Art/External/KenneyUI/PNG/Green/Default/button_round_depth_gradient.png using Guid(6f97a97653d4d294ba6ce96390af3ddd) (TextureImporter) -> (artifact id: '5d71cea6b6c7299f084dcb032d8dc54d') in 0.0076158 seconds
Start importing Assets/Art/External/KenneyUI/PNG/Grey/Double/check_square_grey_checkmark.png using Guid(6fd8982147c49ef4caede43ba0254896) (TextureImporter) -> (artifact id: '09916d6646865c4b9847a00e0093ee6a') in 0.0077163 seconds
Start importing Assets/Art/External/KenneyUI/PNG/Grey/Default/button_square_depth_border.png using Guid(7ff481eeb97df4c4a878b515a3df7fb5) (TextureImporter) -> (artifact id: 'cca28ee0d0f2fa6f8a849151b3f66bbb') in 0.0073358 seconds
Start importing Assets/Art/External/KenneyUI/PNG/Red/Double/button_round_gloss.png using Guid(7f888aa51e7a39c49a12345fccab607c) (TextureImporter) -> (artifact id: 'f6922877b1c4c5a345da634e5d1299dc') in 0.0074678 seconds
Start importing Assets/Art/External/KenneyUI/PNG/Blue/Double/button_square_depth_gradient.png using Guid(7fe808b6c38aa7c4ab5d63adb6f2d1dc) (TextureImporter) -> (artifact id: '180ccf5d4f615ffbd7f8846c1c3d0a11') in 0.0071085 seconds
Start importing Assets/Art/External/KenneyUI/PNG/Blue/Double/button_rectangle_depth_gloss.png using Guid(7f4bc415717a5af42a9d53298d3d8840) (TextureImporter) -> (artifact id: '3357679c707f6a71c6f0d6f1820ad532') in 0.0086508 seconds
Start importing Assets/Art/External/KenneyUI/PNG/Red/Default/slide_vertical_color_section.png using Guid(7f0ddbff151e5614eb9ca3d85c81919f) (TextureImporter) -> (artifact id: '395f4ec2d83d82785214be6906d26edb') in 0.0069562 seconds
Start importing Assets/Art/External/KenneyUI/PNG/Blue/Double/arrow_basic_w.png using Guid(8fd11488468e76244970f4dbc2d96bd1) (TextureImporter) -> (artifact id: 'b6f6a3173ff2ab2dd9669f47b812c15c') in 0.0069286 seconds
Start importing Assets/Art/External/KenneyUI/PNG/Yellow/Double/check_round_round_circle.png using Guid(8fcf4bbc4bc9f604d904e1e2a9aa1630) (TextureImporter) -> (artifact id: '0334b4f04cc461dcad77823ed74e4e65') in 0.0072462 seconds
Start importing Assets/Art/External/KenneyUI/PNG/Green/Default/slide_vertical_color_section.png using Guid(9f409c1b51670cb4caa6b380f9073495) (TextureImporter) -> (artifact id: '9066b760858d9157f876a74f5219868e') in 0.0067477 seconds
Start importing Assets/Art/External/KenneyUI/PNG/Yellow/Double/slide_horizontal_color_section.png using Guid(afd5bdd84fbaea348af9118ddd81f376) (TextureImporter) -> (artifact id: '9f7ac970c0a6d36106ec713d55638121') in 0.008482 seconds
Start importing Assets/Art/External/KenneyUI/PNG/Blue/Double/button_rectangle_depth_gradient.png using Guid(af393626d3ef6f34ab4aa15f86607aaf) (TextureImporter) -> (artifact id: 'b3ec4895c60d40f6fc17df6ede18c226') in 0.0080305 seconds
Start importing Assets/Art/External/KenneyUI/PNG/Red/Default/button_square_depth_border.png using Guid(bfd112c51279bd340b70a99193fbf60e) (TextureImporter) -> (artifact id: '1d3ecb0aa6fad30c262dbaa71b9d86f3') in 0.0070375 seconds
Start importing Assets/Art/External/KenneyUI/PNG/Green/Double/button_round_gradient.png using Guid(bfd4780cb0a014c4ea98355bdc0c6c8e) (TextureImporter) -> (artifact id: '8db8e274b475c560f02b0dc47e978fb4') in 0.007073 seconds
Start importing Assets/Art/External/KenneyUI/PNG/Green/Double/arrow_decorative_n.png using Guid(bf9572a5bc5c4b84a9de2285d211e395) (TextureImporter) -> (artifact id: 'b1af1a8f480d7fde04c8faed73b00838') in 0.0069303 seconds
Start importing Assets/Art/External/KenneyUI/PNG/Red/Double/check_square_color_square.png using Guid(bfafb6bcb96c0824d895af238ab3a8cf) (TextureImporter) -> (artifact id: '67059db50a5f1b0b45afa1420c0d4c9d') in 0.0068828 seconds
Start importing Assets/Art/External/KenneyUI/PNG/Green/Double/icon_outline_cross.png using Guid(bfff3f59d31083841a8deef71865bb41) (TextureImporter) -> (artifact id: '65e32381c1730ccfb991ee87bdc853b1') in 0.0070327 seconds
Start importing Assets/Art/External/KenneyUI/PNG/Blue/Double/button_square_depth_border.png using Guid(cf94c96249ef9924ca1f3f3bda1f5f86) (TextureImporter) -> (artifact id: '8357de5a9ddbd5dc487479f4d66760b5') in 0.0072395 seconds
Start importing Assets/Art/External/KenneyUI/PNG/Grey/Double/check_round_color.png using Guid(cf45862d9eecc5d4a8ad3f780431c7c0) (TextureImporter) -> (artifact id: '4daae257daeb7363caf00123e560150d') in 0.0068511 seconds
Start importing Assets/Art/External/KenneyUI/PNG/Yellow/Double/check_square_grey.png using Guid(df517a8fa380163449dd7cbcaaf38f44) (TextureImporter) -> (artifact id: '2adabd1d275bf2067d93306083e70af9') in 0.0072791 seconds
Start importing Assets/Art/External/KenneyUI/PNG/Grey/Default/icon_square.png using Guid(df12b95d2f97a564dade8b14f4a602e0) (TextureImporter) -> (artifact id: '0462e9a024236cefd1cb7d953c1c1855') in 0.0068739 seconds
Start importing Assets/Art/External/KenneyUI/PNG/Green/Double/check_round_grey_circle.png using Guid(df47c0d238d62224288256ecc24c1cf5) (TextureImporter) -> (artifact id: '4e9af038ca399058371db7034c317189') in 0.0072127 seconds
Start importing Assets/Art/External/KenneyUI/PNG/Blue/Double/check_square_grey_checkmark.png using Guid(dfb80c255385a854ba163b96c9d75e25) (TextureImporter) -> (artifact id: 'fc67c01ca91d171b5c4366036f0f5f6b') in 0.0073504 seconds
Start importing Assets/Art/External/KenneyUI/PNG/Grey/Default/button_round_gloss.png using Guid(dfbc28c564d27b5439f8901e7fae9a86) (TextureImporter) -> (artifact id: 'd1fc9bf075cc2dcf5d6e6f147273d43b') in 0.0079976 seconds
Start importing Assets/Art/External/KenneyUI/PNG/Grey/Double/button_square_depth_line.png using Guid(ef39a7ac5ba2538488fc9fdc55ab54f2) (TextureImporter) -> (artifact id: 'ac45f45c0fce02593ab19415857ea42f') in 0.0070435 seconds
Start importing Assets/Art/External/KenneyUI/PNG/Grey/Double/button_round_flat.png using Guid(ef4988d42ef94554ca87e6d90ad1e844) (TextureImporter) -> (artifact id: '45e4912adf1207dc75e8cb91d5a5cb0e') in 0.0076835 seconds
Start importing Assets/Art/External/KenneyUI/PNG/Green/Default/button_square_border.png using Guid(ef9a24a2636546e489749754cea6c080) (TextureImporter) -> (artifact id: '2913f355569bb595c8152a62f457608d') in 0.0072381 seconds
Start importing Assets/Art/External/KenneyUI/PNG/Green/Default/button_square_gradient.png using Guid(ff4031f0470dd2346bd17995449f2d48) (TextureImporter) -> (artifact id: '4a31cc1d8cf84270e2df563470a2488d') in 0.0066022 seconds
Start importing Assets/Art/External/KenneyUI/PNG/Blue/Default/arrow_decorative_w.png using Guid(ffa17315935abd745aa60ffca39afc8a) (TextureImporter) -> (artifact id: '987b5fbddf54dae2010658be86e84a9c') in 0.0074638 seconds
Start importing Assets/Art/External/KenneyUI/PNG/Yellow/Double/button_round_gradient.png using Guid(ffe4496788d633c4faacb73a22a7456a) (TextureImporter) -> (artifact id: 'c6a07152b985487e9b0328e1441a736d') in 0.0069803 seconds
Start importing Assets/Art/External/KenneyUI/PNG/Green/Double/icon_square.png using Guid(ff77a1dc30b230849ab4b0f945fdf8b1) (TextureImporter) -> (artifact id: '276747128ab7427f9bd9c82ec6e28a8a') in 0.0077951 seconds
Start importing Assets/Art/External/KenneyUI/Font/Kenney Future Narrow.ttf using Guid(7142e39b24f0d8d4bb1f9fff6c495f24) (TrueTypeFontImporter) -> (artifact id: '61025aaba5dd4f7b55fcb79be5ac24c0') in 0.0124562 seconds
Start importing Assets/Art/External/KenneyUI/Font/Kenney Future.ttf using Guid(8cbc2383a0db6874395d9691e1e90216) (TrueTypeFontImporter) -> (artifact id: '5df3c5d344b947f8005182a7fcd12bd1') in 0.0081016 seconds
Start importing Assets/Art/External/KenneyUI/License.txt using Guid(411fb0c8f7f6c4147a567b3befd5da84) (TextScriptImporter) -> (artifact id: '72da2fb3c2384588a85976c85d32d6dd') in 0.0063871 seconds
Start importing Assets/Art/External/THIRD_PARTY_ASSETS.md using Guid(5e0af3b2341f1274093f42d3187bf8c5) (TextScriptImporter) -> (artifact id: '78f6995f63be57ecdcac8f1e7b7d708f') in 0.0065697 seconds
Start importing Assets/Art/External/KenneyUI/Sounds/click-b.ogg using Guid(10f033444235db74597f106b0e59dd1f) (AudioImporter) -> (artifact id: 'd23844c753d1f7e9c832713844cea1fb') in 0.1351148 seconds
Start importing Assets/Art/External/KenneyUI/Sounds/switch-a.ogg using Guid(a2c8e4009a87b0240b8f064eecc284d8) (AudioImporter) -> (artifact id: '53b8a69b94bb32fb34c7135a93346415') in 0.0524176 seconds
Start importing Assets/Art/External/KenneyUI/Sounds/click-a.ogg using Guid(651a0fff8664e9e49a0d0b8ca211e2dd) (AudioImporter) -> (artifact id: '507cb804d882870aede173da6f88d833') in 0.0507644 seconds
Start importing Assets/Art/External/KenneyUI/Sounds/switch-b.ogg using Guid(e8aa1d3a13f97a14abb6a6dc70cac20b) (AudioImporter) -> (artifact id: '581762f8c3525d41eb7fdc9ebc09e6d6') in 0.0461756 seconds
Start importing Assets/Art/External/KenneyUI/Sounds/tap-a.ogg using Guid(4aaa34fa60befb5449a5d7f24820d9d4) (AudioImporter) -> (artifact id: '4d45130fb0866cff26cc89b5e02c7f79') in 0.0443597 seconds
Start importing Assets/Art/External/KenneyUI/Sounds/tap-b.ogg using Guid(9b44cb67fdb777140b0c10e7a5c7d00b) (AudioImporter) -> (artifact id: 'a240f599239c0db775ec39d6e14c52fd') in 0.0453221 seconds
Refreshing native plugins compatible for Editor in 0.00 ms, found 0 plugins.
Preloading 0 native plugins for Editor in 0.00 ms.
Asset Pipeline Refresh (id=2968a9910c05ae14fa88183c5f0fa37c): Total: 14.031 seconds - Initiated by InitialRefreshV2(ForceSynchronousImport)
	Summary:
		Imports: total=1359 (actual=1359, local cache=0, cache server=0)
		Asset DB Process Time: managed=102 ms, native=11563 ms
		Asset DB Callback time: managed=49 ms, native=20 ms
		Scripting: domain reloads=1, domain reload time=356 ms, compile time=1933 ms, other=4 ms
		Project Asset Count: scripts=143, non-scripts=1402
		Asset File Changes: new=1361, changed=1361, moved=0, deleted=0
		Scan Filter Count: 0
	InvokeCustomDependenciesCallbacks: 0.001ms
	InvokePackagesCallback: 8.236ms
	ApplyChangesToAssetFolders: 0.320ms
	Scan: 964.836ms
	OnSourceAssetsModified: 2.960ms
	CategorizeAssetsWithTransientArtifact: 0.347ms
	ProcessAssetsWithTransientArtifactChanges: 0.854ms
	CategorizeAssets: 3.648ms
	ImportOutOfDateAssets: 10648.161ms (-1703.587ms without children)
		ImportManagerImport: 10418.059ms (31.729ms without children)
			ImportInProcess: 10383.082ms
			UpdateCategorizedAssets: 3.249ms
		CompileScripts: 1932.966ms
		ReloadNativeAssets: 0.001ms
		UnloadImportedAssets: 0.243ms
		ReloadImportedAssets: 0.084ms
		EnsureUptoDateAssetsAreRegisteredWithGuidPM: 0.072ms
		InitializingProgressBar: 0.005ms
		PostProcessAllAssetNotificationsAddChangedAssets: 0.000ms
		OnDemandSchedulerStart: 0.317ms
	PostProcessAllAssets: 60.360ms
	Hotreload: 1.024ms
	GatherAllCurrentPrimaryArtifactRevisions: 0.002ms
	UnloadStreamsBegin: 0.155ms
	PersistCurrentRevisions: 0.649ms
	UnloadStreamsEnd: 0.000ms
	GenerateScriptTypeHashes: 0.154ms
	Untracked: 2339.922ms

Application.AssetDatabase Initial Refresh End
Launched and connected shader compiler UnityShaderCompiler.exe after 0.01 seconds
Scanning for USB devices : 1.788ms
Initializing Unity extensions:
[MODES] ModeService[none].Initialize
[MODES] ModeService[none].LoadModes
[MODES] Loading mode Default (0) for mode-current-id-UnityDice21
Unloading 3 Unused Serialized files (Serialized files now loaded: 0)
Unloading 80 unused Assets / (1.0 MB). Loaded Objects now: 590.
Memory consumption went from 97.6 MB to 96.5 MB.
Total: 3.682700 ms (FindLiveObjects: 0.030200 ms CreateObjectMapping: 0.007500 ms MarkObjects: 3.261800 ms  DeleteObjects: 0.382500 ms)

Start importing Assets/Scenes using Guid(e4c352ff4990c574b8808d185d580688) (DefaultImporter) -> (artifact id: 'ca4a5ba69ba6509170c8f34ea70a4c25') in 0.0067444 seconds
Refreshing native plugins compatible for Editor in 0.00 ms, found 0 plugins.
Preloading 0 native plugins for Editor in 0.00 ms.
Asset Pipeline Refresh (id=c3b7ccaf8e7223e4e8b7efa2f5a1465a): Total: 0.048 seconds - Initiated by StopAssetImportingV2(NoUpdateAssetOptions)
Start importing Assets/Settings using Guid(09f8f0364eb2d8848ba81e1dc816b20f) (DefaultImporter) -> (artifact id: '0e00471d4caa9be545c236ae1e8d9273') in 0.0109503 seconds
Refreshing native plugins compatible for Editor in 0.00 ms, found 0 plugins.
Preloading 0 native plugins for Editor in 0.00 ms.
Asset Pipeline Refresh (id=90986c650e7eca446b41eec96d1b83e3): Total: 0.017 seconds - Initiated by StopAssetImportingV2(NoUpdateAssetOptions)
Start importing Assets/UI Toolkit using Guid(618d7551fd3b44549ac5531366f774b2) (DefaultImporter) -> (artifact id: '10b45d71f062c9d35e3a1bf65ebaa783') in 0.0079608 seconds
Start importing Assets/UI Toolkit/UnityThemes using Guid(96b280cdd07ed024996a30bb2b1acbb7) (DefaultImporter) -> (artifact id: 'ff03ccce81033ef58639cbf16a484c0b') in 0.0068723 seconds
Start importing Assets/UI Toolkit/UnityThemes/UnityDefaultRuntimeTheme.tss using Guid(0ce9d50505d9c8744bcde2b7137eca47) (ScriptedImporter) -> (artifact id: 'e6a337c17dad2078c4e59a48e257d416') in 0.0495914 seconds
Refreshing native plugins compatible for Editor in 0.00 ms, found 0 plugins.
Preloading 0 native plugins for Editor in 0.00 ms.
Asset Pipeline Refresh (id=e8949de8563a05b4baeaff10e8066427): Total: 0.139 seconds - Initiated by RefreshV2(NoUpdateAssetOptions)
Start importing Assets/Settings/Dice21PanelSettings.asset using Guid(95f34feb75cd8e349ab174850db7179c) (NativeFormatImporter) -> (artifact id: '3bcc1ca3f3c10059d3bdaaac1f9de4c4') in 0.0014063 seconds
Refreshing native plugins compatible for Editor in 0.00 ms, found 0 plugins.
Preloading 0 native plugins for Editor in 0.00 ms.
Asset Pipeline Refresh (id=8fe9c19c951b2ca4da89c62a5d0e1d58): Total: 0.012 seconds - Initiated by StopAssetImportingV2(NoUpdateAssetOptions)
Unloading 0 Unused Serialized files (Serialized files now loaded: 0)
Unloading 35 unused Assets / (1.1 MB). Loaded Objects now: 622.
Memory consumption went from 96.5 MB to 95.5 MB.
Total: 3.228600 ms (FindLiveObjects: 0.022400 ms CreateObjectMapping: 0.003100 ms MarkObjects: 2.719300 ms  DeleteObjects: 0.483400 ms)

Start importing Assets/Scenes/Main.unity using Guid(9d19cc66295766841bad57774a22daa7) (DefaultImporter) -> (artifact id: 'bf09cfd819a7d2d9782f53bc7dbd47b4') in 0.000668 seconds
Refreshing native plugins compatible for Editor in 0.00 ms, found 0 plugins.
Preloading 0 native plugins for Editor in 0.00 ms.
Asset Pipeline Refresh (id=cb710dc046c21ba4394b345799fb3d57): Total: 0.011 seconds - Initiated by StopAssetImportingV2(NoUpdateAssetOptions)
Start importing Assets/Art/External/KenneyUI/PNG/Green/Default/button_round_depth_border.png using Guid(00157ad956c3b5a4fb19414db146ba7a) (TextureImporter) -> (artifact id: '4e01ced42e70d09e0670464fa31bed06') in 0.0016391 seconds
Start importing Assets/Art/External/KenneyUI/PNG/Blue/Double/button_round_depth_gradient.png using Guid(00d50c87f224592479499d23135f870e) (TextureImporter) -> (artifact id: '3490216486351f9d777413f2f2f19ecb') in 0.0013941 seconds
Start importing Assets/Art/External/KenneyUI/PNG/Grey/Default/button_round_depth_border.png using Guid(00a6cd1c460a40d4eac2491418e808bb) (TextureImporter) -> (artifact id: 'ce020d201276a39b6b21f7bc7a3ffa2e') in 0.0011653 seconds
Start importing Assets/Art/External/KenneyUI/PNG/Grey/Double/arrow_basic_s_small.png using Guid(00e9e295409f6bb46abeee415a3c5079) (TextureImporter) -> (artifact id: '4157c938e760a4132baf635945ff6314') in 0.0013589 seconds
Start importing Assets/Art/External/KenneyUI/PNG/Red/Double/icon_square.png using Guid(00cbf4c9f6324ec4d8401716ec286c92) (TextureImporter) -> (artifact id: 'cad4bc262467184b965d87771d0a9998') in 0.0011637 seconds
Start importing Assets/Art/External/KenneyUI/PNG/Grey/Double/check_square_color.png using Guid(006d08eefb59f1b49bf84c434e6fdcc2) (TextureImporter) -> (artifact id: 'ac1d364319d3e1b6ca83b1fb29f878a4') in 0.0012922 seconds
Start importing Assets/Art/External/KenneyUI/PNG/Red/Double/icon_outline_checkmark.png using Guid(10d2c00eb01e0b1438909f6ee53e19ad) (TextureImporter) -> (artifact id: '38b82bce86545f4fa4352908ec087704') in 0.0011488 seconds
Start importing Assets/Art/External/KenneyUI/PNG/Green/Default/arrow_basic_e.png using Guid(1064f24ad45002d4e81bcbb6a0acbff0) (TextureImporter) -> (artifact id: 'bfbbb11f4e6ddd5b3f51ee16dca5ed27') in 0.0014033 seconds
Start importing Assets/Art/External/KenneyUI/PNG/Red/Default/slide_hangle.png using Guid(1095e95dbd5bbe742ac7b32169005923) (TextureImporter) -> (artifact id: 'f0f89ae5c1a64ed77ea5c27569f21765') in 0.0014214 seconds
Start importing Assets/Art/External/KenneyUI/PNG/Grey/Double/check_square_grey.png using Guid(10b57f8470919cf4b979aaadfe150040) (TextureImporter) -> (artifact id: '70e12df359adb83716a00cbb516c02e3') in 0.0012503 seconds
Start importing Assets/Art/External/KenneyUI/PNG/Grey/Default/arrow_decorative_w.png using Guid(10fb0659c46bde94fb647f90a146858c) (TextureImporter) -> (artifact id: '44e171433676a84c43e886a27d8bed62') in 0.001091 seconds
Start importing Assets/Art/External/KenneyUI/PNG/Yellow/Double/arrow_basic_e_small.png using Guid(107e22f9e68a82a4d9c2bcbe15e5f1b0) (TextureImporter) -> (artifact id: '40db2db478deab8185ec0ec08d577665') in 0.0011754 seconds
Start importing Assets/Art/External/KenneyUI/PNG/Grey/Default/arrow_decorative_e.png using Guid(10bec1114c61ed044a6b619d4e4dc3b2) (TextureImporter) -> (artifact id: '497a9e40eb8355164094cddd4ad2084e') in 0.0011742 seconds
Start importing Assets/Art/External/KenneyUI/PNG/Red/Default/arrow_basic_w_small.png using Guid(202d4ecb97462874d9151db97b5dd322) (TextureImporter) -> (artifact id: 'ddef66103dc598f585b417dcc0c341db') in 0.0011174 seconds
Start importing Assets/Art/External/KenneyUI/PNG/Yellow/Double/button_square_line.png using Guid(30210c05c5d37ad4a9da25de29ab880b) (TextureImporter) -> (artifact id: '776c83fa20c0b8495b5343ccd9f95ef9') in 0.0014486 seconds
Start importing Assets/Art/External/KenneyUI/PNG/Yellow/Double/check_round_grey.png using Guid(30f21f8b1ce707648ae9bf1f8e4fded2) (TextureImporter) -> (artifact id: '44b05896f9e18ddf4e0c67a8ecfd5d3a') in 0.0011746 seconds
Start importing Assets/Art/External/KenneyUI/PNG/Red/Default/icon_cross.png using Guid(30760328055bfa2458f0cafa981cd762) (TextureImporter) -> (artifact id: 'e466e15bc6120f674dd83bb96cdc507d') in 0.0010746 seconds
Start importing Assets/Art/External/KenneyUI/PNG/Blue/Double/slide_hangle.png using Guid(30087a3d79c343a4db2f27da980b8d3f) (TextureImporter) -> (artifact id: '8614742a8ddd6f670ffa3d0d28321fdc') in 0.0012357 seconds
Start importing Assets/Art/External/KenneyUI/PNG/Yellow/Default/check_round_round_circle.png using Guid(40d13c564ab54ec4a8c6ab4ab2b2882a) (TextureImporter) -> (artifact id: '600481b2bb2b6221ca34db2c2a78beff') in 0.0010535 seconds
Start importing Assets/Art/External/KenneyUI/PNG/Blue/Default/button_round_line.png using Guid(40f942a8191c3c94b98fc52a6fe6fe9f) (TextureImporter) -> (artifact id: 'ecdb5f2889f95af07042a135f50a18f9') in 0.0011901 seconds
Start importing Assets/Art/External/KenneyUI/PNG/Blue/Default/slide_vertical_grey_section_wide.png using Guid(50790d3aae195394f92d8a51565e7c13) (TextureImporter) -> (artifact id: 'd7c05cd7ff36a0f57212df8dece060d4') in 0.0013264 seconds
Start importing Assets/Art/External/KenneyUI/PNG/Red/Double/check_round_color.png using Guid(501c22fa5860fc64fa63203bf6e14c0d) (TextureImporter) -> (artifact id: 'd18a95050c3393bfde2567927de94ef3') in 0.0012841 seconds
Start importing Assets/Art/External/KenneyUI/PNG/Blue/Double/arrow_basic_s.png using Guid(609a59b1fce2ac2449d2bd2bf470f19f) (TextureImporter) -> (artifact id: 'd331a70a6439c864054265419dd18147') in 0.0012827 seconds
Start importing Assets/Art/External/KenneyUI/PNG/Green/Double/check_square_color_cross.png using Guid(605bd64ed37798c498eae577b8722cd6) (TextureImporter) -> (artifact id: 'cba5a84b5a65c8ec5af1c13a2f8f2952') in 0.0012514 seconds
Start importing Assets/Art/External/KenneyUI/PNG/Red/Double/button_rectangle_gradient.png using Guid(609b527a2e29ac74581061f539708e1a) (TextureImporter) -> (artifact id: 'be42f2fecefb7ba567a3f6233ce74468') in 0.0020442 seconds
Start importing Assets/Art/External/KenneyUI/PNG/Yellow/Default/button_square_depth_line.png using Guid(60bfc4adf9cbcbd48be364dea038ca7c) (TextureImporter) -> (artifact id: 'd8110295a31869321ac7df02d9e00d30') in 0.0012547 seconds
Start importing Assets/Art/External/KenneyUI/PNG/Blue/Double/check_square_color.png using Guid(703829b05101900459a2b7aedf5ec3e6) (TextureImporter) -> (artifact id: '1a8cd23a379e8bb773f99ae732f7cf8e') in 0.001217 seconds
Start importing Assets/Art/External/KenneyUI/PNG/Red/Double/button_round_line.png using Guid(7069e8d614925a64882adb3c17513bce) (TextureImporter) -> (artifact id: '34b3933740a9075d699fb7029c6ff38e') in 0.0012754 seconds
Start importing Assets/Art/External/KenneyUI/PNG/Blue/Default/slide_vertical_grey_section.png using Guid(706e65268402e96458733af84ba06bf1) (TextureImporter) -> (artifact id: 'c18cc71232a6929993ca689e9fc72d63') in 0.0010817 seconds
Start importing Assets/Art/External/KenneyUI/PNG/Blue/Default/button_round_gradient.png using Guid(8012cef79c761474c860944a1f6f60b6) (TextureImporter) -> (artifact id: '72b7a518d4dfb898c3af7a5803f0fc53') in 0.00121 seconds
Start importing Assets/Art/External/KenneyUI/PNG/Red/Default/button_square_depth_gradient.png using Guid(8028dd48c95d1494b8c1b43567b42a9e) (TextureImporter) -> (artifact id: 'c3dd6e88da258f7f098d05b2bdd657a4') in 0.0011641 seconds
Start importing Assets/Art/External/KenneyUI/PNG/Red/Double/button_rectangle_depth_line.png using Guid(806fa13fc5d083645b9e4ece17306637) (TextureImporter) -> (artifact id: '1828cf774079e712230c8cb25c1487c3') in 0.0025935 seconds
Start importing Assets/Art/External/KenneyUI/PNG/Green/Double/button_round_depth_flat.png using Guid(9075ad1890eaa4f4a89f5ebf36913952) (TextureImporter) -> (artifact id: '20d75fadd8303034d7c2e5985d2a1775') in 0.0016004 seconds
Start importing Assets/Art/External/KenneyUI/PNG/Grey/Default/check_square_color_cross.png using Guid(a06469b1c2db9c54a9718027e123f2fe) (TextureImporter) -> (artifact id: '20d93c7d5deb6292d81115f09fc8e0cf') in 0.0012775 seconds
Start importing Assets/Art/External/KenneyUI/PNG/Extra/Double/icon_repeat_light.png using Guid(a06f642de4a82de438e665fa0929d200) (TextureImporter) -> (artifact id: 'f2a4ab35c1fa79b3e063937970ee61cc') in 0.0012486 seconds
Start importing Assets/Art/External/KenneyUI/PNG/Blue/Default/check_square_color_cross.png using Guid(b0a186bb90373e140b16c02e0408c358) (TextureImporter) -> (artifact id: 'a06fd0d0762918327bff41b8f68f71d3') in 0.001052 seconds
Start importing Assets/Art/External/KenneyUI/PNG/Yellow/Default/slide_vertical_grey_section.png using Guid(b0d234a41d974204c95c1eb31d27cdbb) (TextureImporter) -> (artifact id: '653b6b660843104577ec9eb2a2c1c68a') in 0.0011488 seconds
Start importing Assets/Art/External/KenneyUI/PNG/Yellow/Default/icon_outline_checkmark.png using Guid(b0246bcea114e2f4e8a0681d1590a3a7) (TextureImporter) -> (artifact id: '9b38a2f4c96966ab975283913ec980bf') in 0.0011188 seconds
Start importing Assets/Art/External/KenneyUI/PNG/Red/Default/arrow_basic_s_small.png using Guid(b0861111b538cf04791a21d7deabe44c) (TextureImporter) -> (artifact id: '9b7b8f1e3eb177143ca617f2d7498ce8') in 0.0011826 seconds
Start importing Assets/Art/External/KenneyUI/PNG/Green/Default/button_round_border.png using Guid(b0b7c13b07a05b14da9c8e6bd8cdb3ad) (TextureImporter) -> (artifact id: 'b16d477150aa8cefa52a649933c6bac4') in 0.0011505 seconds
Start importing Assets/Art/External/KenneyUI/PNG/Blue/Default/button_rectangle_gradient.png using Guid(b09d22b1d216dc94eba86c2637c408d4) (TextureImporter) -> (artifact id: '196f41f11980d37cecc66fc5d7d02169') in 0.0012954 seconds
Start importing Assets/Art/External/KenneyUI/PNG/Green/Default/arrow_basic_e_small.png using Guid(b02feb72cd126734098d2bceeefbebf5) (TextureImporter) -> (artifact id: 'c9366b4b6d41eaf915bb10e231e19868') in 0.0012303 seconds
Start importing Assets/Art/External/KenneyUI/PNG/Blue/Double/slide_vertical_color_section_wide.png using Guid(c066a034a3f66e349b8483a362f52b33) (TextureImporter) -> (artifact id: '1539e0c993732a6e0adb1b3bf0548a4f') in 0.0015224 seconds
Start importing Assets/Art/External/KenneyUI/PNG/Blue/Default/button_rectangle_depth_gloss.png using Guid(d0669cd5a58f8444ca2ea3a0ba1e818f) (TextureImporter) -> (artifact id: 'c7697d0ce8f0e4f24fe08df31d52a5b5') in 0.0017555 seconds
Start importing Assets/Art/External/KenneyUI/PNG/Blue/Default/button_square_gradient.png using Guid(d087028c882cce840ab7ef876efc5137) (TextureImporter) -> (artifact id: 'a08d3354cbf6ebb7770fedd6d61c8bb6') in 0.001149 seconds
Start importing Assets/Art/External/KenneyUI/PNG/Green/Default/button_rectangle_flat.png using Guid(d01881278dd224b4bb087206a387aebe) (TextureImporter) -> (artifact id: 'b826205d71a5e4b2689b25511819e35a') in 0.0013798 seconds
Start importing Assets/Art/External/KenneyUI/PNG/Red/Double/check_round_grey.png using Guid(d0287e6e659a15043a4f637ac482af1a) (TextureImporter) -> (artifact id: '71965e86d22fb2e7d5d8915e58bf25d7') in 0.0011013 seconds
Start importing Assets/Art/External/KenneyUI/PNG/Blue/Double/button_round_flat.png using Guid(e061b9f6a9cfdd945ace82336f8d299f) (TextureImporter) -> (artifact id: '6838edbf3c7c3631b4d03bf0833908c2') in 0.0013148 seconds
Start importing Assets/Art/External/KenneyUI/PNG/Blue/Double/button_round_border.png using Guid(e089c090f4fb225479df99d83e8099a4) (TextureImporter) -> (artifact id: '98d9a406dc224e357bfd0c206d0ace70') in 0.0012971 seconds
Start importing Assets/Art/External/KenneyUI/PNG/Red/Double/arrow_decorative_w_small.png using Guid(e0e930598b3af144fabf4045dc668091) (TextureImporter) -> (artifact id: '7a50193d6ec76c449971c024d379942c') in 0.0011601 seconds
Start importing Assets/Art/External/KenneyUI/PNG/Red/Default/check_square_grey_checkmark.png using Guid(e00d918e66eba2f4eb2796712e65ea93) (TextureImporter) -> (artifact id: 'd92a9cfef0eb7f437d4a01bdfab0d132') in 0.0010707 seconds
Start importing Assets/Art/External/KenneyUI/PNG/Yellow/Double/star.png using Guid(f0bc68399e243e44bb19e6bb43ee719b) (TextureImporter) -> (artifact id: 'd01af6736faecf5e321589952f18947d') in 0.0013264 seconds
Start importing Assets/Art/External/KenneyUI/PNG/Yellow/Default/arrow_decorative_w_small.png using Guid(f05ea04dca1a6814abb3bb2b544dbf63) (TextureImporter) -> (artifact id: '2fa10449c114874a7b76777fb06b0858') in 0.0012679 seconds
Start importing Assets/Art/External/KenneyUI/PNG/Red/Double/check_square_color.png using Guid(0171477ecdac0804c9cf4ce7aac09f4d) (TextureImporter) -> (artifact id: '15650dd84a0d04ff550870c6ea2dda73') in 0.001145 seconds
Start importing Assets/Art/External/KenneyUI/PNG/Blue/Default/arrow_basic_n_small.png using Guid(0133a3aa8657d3442a74ac897ace1b92) (TextureImporter) -> (artifact id: 'f5bb7b221ccbc9974092a6941b9adc69') in 0.0010967 seconds
Start importing Assets/Art/External/KenneyUI/PNG/Red/Default/button_rectangle_depth_gloss.png using Guid(01157a33137d1eb40bedde0e96821a78) (TextureImporter) -> (artifact id: '721ad93657e489c7e079f599869a05f2') in 0.0017312 seconds
Start importing Assets/Art/External/KenneyUI/Preview.png using Guid(01d508edfa43ef44aad8ad4b528aadc5) (TextureImporter) -> (artifact id: '3699346f469d1ae2b683c6b1ae35ed15') in 0.0078318 seconds
Start importing Assets/Art/External/KenneyUI/PNG/Red/Double/slide_horizontal_color.png using Guid(01a89afde60e5224ea6ae231fbe94583) (TextureImporter) -> (artifact id: '4d19da4ec19750d45a68422669ef8661') in 0.0014977 seconds
Start importing Assets/Art/External/KenneyUI/PNG/Blue/Default/icon_square.png using Guid(01e8ad14447577146a462351ee82f569) (TextureImporter) -> (artifact id: '992f6d7c98174397d0f4a401b4562997') in 0.0015799 seconds
Start importing Assets/Art/External/KenneyUI/PNG/Green/Default/check_round_grey_circle.png using Guid(0129c967ee0880741ac2ef62eddb06da) (TextureImporter) -> (artifact id: '35b87a9889e6548c45cc38cde45dad3a') in 0.0012049 seconds
Start importing Assets/Art/External/KenneyUI/PNG/Grey/Default/button_square_depth_line.png using Guid(01ba710542147094f80a03f4f75d2ece) (TextureImporter) -> (artifact id: '2678c672a1e5852c778403b90ba6baca') in 0.001422 seconds
Start importing Assets/Art/External/KenneyUI/PNG/Red/Default/check_round_round_circle.png using Guid(1190190506e758042971a1796189097b) (TextureImporter) -> (artifact id: '2f5b54a82992212fff80667d8c24d139') in 0.0012571 seconds
Start importing Assets/Art/External/KenneyUI/PNG/Blue/Default/arrow_decorative_w_small.png using Guid(11e14897488e731439abcbe53815e1a7) (TextureImporter) -> (artifact id: '6e2b555ab8233c465df4bf10f274dbf4') in 0.0012543 seconds
Start importing Assets/Art/External/KenneyUI/PNG/Green/Double/button_square_border.png using Guid(111298f57bba4884ab0a8e348abdf1c2) (TextureImporter) -> (artifact id: 'c25cb3a557ba098d411168815095fde7') in 0.0015108 seconds
Start importing Assets/Art/External/KenneyUI/PNG/Blue/Default/icon_outline_cross.png using Guid(1173d53c6944dc44f81f589a81211424) (TextureImporter) -> (artifact id: 'c670b3153103bff65fe373f593d84556') in 0.0010877 seconds
Start importing Assets/Art/External/KenneyUI/PNG/Yellow/Default/button_rectangle_depth_border.png using Guid(113f969218bf9b64ba9160624fdb847e) (TextureImporter) -> (artifact id: '0d6d62dfef38b55bd3a3ea24ab026d04') in 0.0014039 seconds
Start importing Assets/Art/External/KenneyUI/PNG/Blue/Double/icon_cross.png using Guid(2172fb072a707064e823bb5c274c1829) (TextureImporter) -> (artifact id: '61e18fbc34357884d0338b4745b43957') in 0.0010955 seconds
Start importing Assets/Art/External/KenneyUI/PNG/Grey/Double/button_square_gloss.png using Guid(214840fcd48f4bf489afe2b3e7a2a80d) (TextureImporter) -> (artifact id: '0932e58c56075b0f932a6bfa2a8ffb48') in 0.0012731 seconds
Start importing Assets/Art/External/KenneyUI/PNG/Green/Double/slide_vertical_grey_section.png using Guid(210dd3194cdeac74a8803d4ffdbfc377) (TextureImporter) -> (artifact id: 'a5773e06fa6be86b53c39ccb0891fd52') in 0.0010887 seconds
Start importing Assets/Art/External/KenneyUI/PNG/Yellow/Default/arrow_basic_e.png using Guid(21ef4f3fd07e748469f422c650811c53) (TextureImporter) -> (artifact id: 'e83941e13e9318ce3d5d7cbd56f0fa2c') in 0.0013536 seconds
Start importing Packages/com.unity.multiplayer.center/Editor/MultiplayerCenterWindow/UI/Icons/d_PackageInstalled@2x.png using Guid(318df756abab5463e9aa361360784865) (TextureImporter) -> (artifact id: '9f909d26b9e7d2d9554a3019691c9c35') in 0.0012292 seconds
Start importing Assets/Art/External/KenneyUI/PNG/Green/Double/slide_vertical_color_section.png using Guid(31ff0e3ca77cca2469aac2fdadf78c03) (TextureImporter) -> (artifact id: '4a45d28bf922668ed84238247ae0b216') in 0.0010677 seconds
Start importing Assets/Art/External/KenneyUI/PNG/Grey/Default/arrow_basic_n.png using Guid(41c92b13d98097c419bdcd98fcc9185b) (TextureImporter) -> (artifact id: 'aa266a1649b42ebce3f6f1abd73bc11d') in 0.0011251 seconds
Start importing Assets/Art/External/KenneyUI/PNG/Blue/Default/button_round_depth_border.png using Guid(411a422ae0b5b4d48b3f1d8e1d3426c2) (TextureImporter) -> (artifact id: '60e948a21b0c46d7b9ee48dff933f767') in 0.0011463 seconds
Start importing Assets/Art/External/KenneyUI/PNG/Extra/Default/icon_arrow_down_light.png using Guid(416a0899121e0df4b8358e9842ff00f4) (TextureImporter) -> (artifact id: 'bfe394f9083ae2e53a425065b3b051de') in 0.001383 seconds
Start importing Assets/Art/External/KenneyUI/PNG/Yellow/Double/check_round_grey_circle.png using Guid(417b87bdf5eaf0e4c87f33feb80ca228) (TextureImporter) -> (artifact id: 'aaca2b6e0fe9e6902146f03cd0fb7d7c') in 0.0012392 seconds
Start importing Assets/Art/External/KenneyUI/PNG/Blue/Default/button_square_border.png using Guid(5120260b43a40404fabb200b984640c3) (TextureImporter) -> (artifact id: 'ecd513caff226361d45ee21f73c6d1b1') in 0.0012525 seconds
Start importing Assets/Art/External/KenneyUI/PNG/Green/Double/button_square_gloss.png using Guid(51ae2974816a1ff4a9e6e478fdcca053) (TextureImporter) -> (artifact id: '55837e84ec3f831b9c33959082c84527') in 0.0013922 seconds
Start importing Assets/Art/External/KenneyUI/PNG/Green/Double/arrow_basic_n.png using Guid(619524fb3e43f334e93c5cf41e9bfc9b) (TextureImporter) -> (artifact id: '7f435c53967b3541569adf38bb4fc50d') in 0.0012482 seconds
Start importing Assets/Art/External/KenneyUI/PNG/Extra/Default/button_square_depth_line.png using Guid(6147b75fe72be674cae0ac5d298efc57) (TextureImporter) -> (artifact id: '9f06a792dd46bdae34d234e25793c4db') in 0.0012113 seconds
Start importing Assets/Art/External/KenneyUI/PNG/Yellow/Default/arrow_decorative_n.png using Guid(6158ad9f326880f42a032408e4877d9a) (TextureImporter) -> (artifact id: '7954b803878c26e8dd0c073964d6459f') in 0.0011777 seconds
Start importing Assets/Art/External/KenneyUI/PNG/Red/Default/button_round_flat.png using Guid(618a590f8459f584fb8056c747c30777) (TextureImporter) -> (artifact id: '568a52be8ffd2eb4634a2cd5ecc0adf1') in 0.0011985 seconds
Start importing Assets/Art/External/KenneyUI/PNG/Green/Default/check_square_color_square.png using Guid(71c5400e905bf07458436e9c6e82dc32) (TextureImporter) -> (artifact id: 'cd945e27374b38d9536d14e9f7d16a63') in 0.0012252 seconds
Start importing Assets/Art/External/KenneyUI/PNG/Yellow/Double/icon_outline_cross.png using Guid(7149a6fd16bc5744eacc22c41327cd69) (TextureImporter) -> (artifact id: '3259e1f89df7b70ab16959db99d043a2') in 0.0011617 seconds
Start importing Assets/Art/External/KenneyUI/PNG/Grey/Double/button_rectangle_border.png using Guid(717940662423de54aacf939fa5ee42ee) (TextureImporter) -> (artifact id: '0b77cb9dbeec5b3fc689d8e9cd07035b') in 0.002413 seconds
Start importing Assets/Art/External/KenneyUI/PNG/Grey/Default/button_square_gradient.png using Guid(8194befb5781eef4f92fb9746b1fed87) (TextureImporter) -> (artifact id: 'b288b6f70edf46cd88b42e957abd3ae6') in 0.0013262 seconds
Start importing Assets/Art/External/KenneyUI/PNG/Yellow/Default/slide_hangle.png using Guid(81570cde4bb450d4baa9aa10f3be3246) (TextureImporter) -> (artifact id: '3e450b28e86a50021651d2bacfe3c9ac') in 0.001177 seconds
Start importing Assets/Art/External/KenneyUI/PNG/Green/Default/icon_outline_checkmark.png using Guid(81684218a77f0c64a934d9120fd37c02) (TextureImporter) -> (artifact id: 'e2129302590ec12af0e3bcc26c0d39ca') in 0.0012959 seconds
Start importing Assets/Art/External/KenneyUI/PNG/Grey/Double/button_round_depth_border.png using Guid(81caacc60506d1740b544108750a6aa1) (TextureImporter) -> (artifact id: '6a94e2d43259b73f711a1a13f0117ea2') in 0.0012919 seconds
Start importing Assets/Art/External/KenneyUI/PNG/Yellow/Double/button_round_depth_gradient.png using Guid(810d9bab10261ab479b71a3688f6acc0) (TextureImporter) -> (artifact id: 'b8057948b6f452ad8ad69b09eff93907') in 0.001222 seconds
Start importing Assets/Art/External/KenneyUI/PNG/Grey/Double/slide_horizontal_grey_section.png using Guid(811e36427c6f7b049b7a5ad3cde6178a) (TextureImporter) -> (artifact id: '2387ae4fc91721fed58b276269b156e0') in 0.0010493 seconds
Start importing Assets/Art/External/KenneyUI/PNG/Blue/Double/check_square_color_square.png using Guid(91d4dd2ff17560e45a0735b493d7c32a) (TextureImporter) -> (artifact id: '796e4a2b66fa7b1c4d62f993361d03b6') in 0.0011568 seconds
Start importing Assets/Art/External/KenneyUI/PNG/Extra/Default/input_rectangle.png using Guid(a1224e84508a9804dafc19901c3ef57f) (TextureImporter) -> (artifact id: 'a5dd1f628681a43dbc6fd942e1fb9077') in 0.0015255 seconds
Start importing Assets/Art/External/KenneyUI/PNG/Green/Default/button_rectangle_gradient.png using Guid(a16bac73b079a0c4491eed1393d9f104) (TextureImporter) -> (artifact id: '79d9663e0000b0d6f0b9c1759a288ca9') in 0.00137 seconds
Start importing Assets/Art/External/KenneyUI/PNG/Grey/Double/check_square_color_cross.png using Guid(b1752bfbe6048e345af5c6c693d25159) (TextureImporter) -> (artifact id: '6f5e38ae7990356c79ea2559acc412a7') in 0.0011223 seconds
Start importing Assets/Art/External/KenneyUI/PNG/Blue/Default/button_square_depth_border.png using Guid(b1280b250a5544149ad2d1fa46f7cedb) (TextureImporter) -> (artifact id: '3c7d3d1c0a3d919e7c2ca8bf59f43104') in 0.0011734 seconds
Start importing Assets/Art/External/KenneyUI/PNG/Grey/Default/arrow_basic_e.png using Guid(b1e847d34d06a1e4180eeeae2c266413) (TextureImporter) -> (artifact id: 'a4ea94ebafd6040e1642c74da2628fbf') in 0.001497 seconds
Start importing Assets/Art/External/KenneyUI/PNG/Grey/Double/button_rectangle_depth_gloss.png using Guid(b11ceecc5a7d488489ac53a659602308) (TextureImporter) -> (artifact id: '39b9b75f731212f7500ef1a581be1977') in 0.0018884 seconds
Start importing Assets/Art/External/KenneyUI/PNG/Red/Double/icon_checkmark.png using Guid(c19b1340a5803b540a530134b85fdd77) (TextureImporter) -> (artifact id: 'd516eac0455ff47b8c3daf7b1f1030af') in 0.0011582 seconds
Start importing Assets/Art/External/KenneyUI/PNG/Blue/Double/button_rectangle_line.png using Guid(c10fb7a594f56734992f4ee62e753e6d) (TextureImporter) -> (artifact id: 'd144c561e00ef6b5e9cace92aec11c26') in 0.0019069 seconds
Start importing Assets/Art/External/KenneyUI/PNG/Grey/Default/arrow_basic_n_small.png using Guid(c15fa45fe5ed54f47b6e97357a699f47) (TextureImporter) -> (artifact id: '4d18df6a4f7019fae798ce42e237277f') in 0.0011214 seconds
Start importing Assets/Art/External/KenneyUI/PNG/Blue/Double/arrow_decorative_w.png using Guid(d1a6a1b0a0946794eacaebd7aa97d4e5) (TextureImporter) -> (artifact id: 'f45b4e8eba92e2e3da4768ce670a5e8c') in 0.0011453 seconds
Start importing Assets/Art/External/KenneyUI/PNG/Red/Double/icon_outline_circle.png using Guid(d1287e489a966224c9181b6b7e04bfb4) (TextureImporter) -> (artifact id: 'e6fd3ed63992a4a5ea9072b2bf1fd7f7') in 0.0013187 seconds
Start importing Assets/Art/External/KenneyUI/PNG/Grey/Double/button_square_depth_flat.png using Guid(e1103ff5b5849574794a78ffe37c6d2d) (TextureImporter) -> (artifact id: 'a31e0ff646dcd6acc6aa5a7e8b7ecf5e') in 0.0013879 seconds
Start importing Assets/Art/External/KenneyUI/PNG/Extra/Double/icon_play_outline.png using Guid(e1617cfb7ba4a894db62af38a386fd3c) (TextureImporter) -> (artifact id: 'ad2d2e269747db54b75d30d765466530') in 0.0011653 seconds
Start importing Assets/Art/External/KenneyUI/PNG/Grey/Double/arrow_basic_n.png using Guid(f186fba8a8196834fae3b7856af8faf7) (TextureImporter) -> (artifact id: '6e838242a1a1f65e5c3456ca5a1f7494') in 0.0011739 seconds
Start importing Assets/Art/External/KenneyUI/PNG/Green/Double/button_square_depth_flat.png using Guid(f1bfe6ca94226dc438d0d5ad1e444900) (TextureImporter) -> (artifact id: '9e9eb55aaef77c8e38ab35a617ed934e') in 0.0013296 seconds
Start importing Assets/Art/External/KenneyUI/PNG/Grey/Double/button_rectangle_depth_gradient.png using Guid(0231b28b9e9e59346a0e08265efe53c7) (TextureImporter) -> (artifact id: 'd51d0e5e38b9039b6e4428cd8dbe465b') in 0.002595 seconds
Start importing Assets/Art/External/KenneyUI/PNG/Yellow/Default/button_round_flat.png using Guid(02c4b81cf181e614b80dd7aa4bc0f73e) (TextureImporter) -> (artifact id: 'c3d7f08de3965ef6fae2212dbb2ef839') in 0.0012978 seconds
Start importing Assets/Art/External/KenneyUI/PNG/Red/Default/button_square_gradient.png using Guid(026520321dec570498211b4943f842c9) (TextureImporter) -> (artifact id: 'bad8e2559b62be57cb37a512d2dc2d42') in 0.0012376 seconds
Start importing Assets/Art/External/KenneyUI/PNG/Red/Default/arrow_decorative_e.png using Guid(12670c2dca8452249aa9c723708dadcb) (TextureImporter) -> (artifact id: '3aeb6c498bf37c785ad97183cc194c31') in 0.0012997 seconds
Start importing Assets/Art/External/KenneyUI/PNG/Green/Default/icon_square.png using Guid(12eba84c3f94f9c4f8758a075331f774) (TextureImporter) -> (artifact id: '9d4d31f90575b54c3f02f69248c062dc') in 0.0010695 seconds
Start importing Assets/Art/External/KenneyUI/PNG/Yellow/Default/button_rectangle_depth_gloss.png using Guid(2263b62a9c968904e9d30751f5ea536a) (TextureImporter) -> (artifact id: 'c6c9d8266fab611644fcaa5e87024a2b') in 0.0015516 seconds
Start importing Assets/Art/External/KenneyUI/PNG/Yellow/Double/check_square_color_cross.png using Guid(32cccd7356316ce479f354706e51777f) (TextureImporter) -> (artifact id: 'aeb3e796c92ca5392fd83690ea115978') in 0.001325 seconds
Start importing Assets/Art/External/KenneyUI/PNG/Grey/Default/slide_horizontal_grey.png using Guid(321df6148cdca2d46aed96f1d7587074) (TextureImporter) -> (artifact id: '0a622cb4c7e3a10bd97418303d127495') in 0.00117 seconds
Start importing Assets/Art/External/KenneyUI/PNG/Red/Default/icon_outline_checkmark.png using Guid(4231a0a1f6536694e8c0344831ded6c8) (TextureImporter) -> (artifact id: 'ec71283b4d35b5c17f375c3b871d5e65') in 0.0010706 seconds
Start importing Assets/Art/External/KenneyUI/PNG/Red/Double/button_round_depth_line.png using Guid(42e570c0eb7644246a5b12234ffc84f5) (TextureImporter) -> (artifact id: 'a1a3253d5abe94e09d520142858f582d') in 0.0013371 seconds
Start importing Packages/com.unity.multiplayer.center/Editor/MultiplayerCenterWindow/UI/Icons/Loading.png using Guid(424a8de5def3b46dcb08edd00ad1c7bd) (TextureImporter) -> (artifact id: '24ab8762ec37e88547600c2e40b26cd7') in 0.0013376 seconds
Start importing Assets/Art/External/KenneyUI/PNG/Red/Default/slide_horizontal_color_section.png using Guid(428adb6c61cc57c469100ea006b5ac22) (TextureImporter) -> (artifact id: '4c7354347f1b6ce55ba17a42d1470640') in 0.0017738 seconds
Start importing Assets/Art/External/KenneyUI/PNG/Yellow/Default/slide_horizontal_color_section_wide.png using Guid(42ee6726933b6cf49bb7afe9c0eb740b) (TextureImporter) -> (artifact id: '4b62cb1b0176a52e77ec0e4108d383bf') in 0.0011893 seconds
Start importing Packages/com.unity.multiplayer.center/Editor/MultiplayerCenterWindow/UI/Icons/d_Package.png using Guid(525a6cca8dd9a4d28875a8fe824710d9) (TextureImporter) -> (artifact id: '0ba3bc29a844ba901124860078095927') in 0.0012062 seconds
Start importing Assets/Art/External/KenneyUI/PNG/Yellow/Double/button_round_flat.png using Guid(52cbe2670ff61b649bdb65fde0529fd0) (TextureImporter) -> (artifact id: 'af8d1579d6c03e856b00bb0e6fa4c08a') in 0.0012798 seconds
Start importing Assets/Art/External/KenneyUI/PNG/Blue/Default/icon_checkmark.png using Guid(522eb26ca8031bc4ebb548e830dedcb0) (TextureImporter) -> (artifact id: '8c32fafb54b3fa242289b56b8332387d') in 0.0011091 seconds
Start importing Assets/Art/External/KenneyUI/PNG/Red/Double/button_rectangle_depth_gloss.png using Guid(62a05f085498f504f9db28cc1fce9d00) (TextureImporter) -> (artifact id: '2bf3ceac03b84a0cde7babe8e11e64bf') in 0.0021031 seconds
Start importing Assets/Art/External/KenneyUI/PNG/Yellow/Default/slide_horizontal_color_section.png using Guid(62462d86b0eaaba4a8929bdc07264293) (TextureImporter) -> (artifact id: 'da8c72d3e0cce0885ca77dc6e1361473') in 0.0011669 seconds
Start importing Assets/Art/External/KenneyUI/PNG/Red/Default/button_square_gloss.png using Guid(625ae000a5afc07419d5c8328735fc49) (TextureImporter) -> (artifact id: '29d2d15fef31882e61f924bb6940ee98') in 0.0011912 seconds
Start importing Assets/Art/External/KenneyUI/PNG/Extra/Double/icon_play_light.png using Guid(62dbfbc9380d872499fe7b37969da07d) (TextureImporter) -> (artifact id: 'd9aa10b3373b666e4ee0ca3185a95e5b') in 0.0012215 seconds
Start importing Assets/Art/External/KenneyUI/PNG/Extra/Double/icon_arrow_down_light.png using Guid(7240843bb03770644bba1edc6e792e7d) (TextureImporter) -> (artifact id: '5fcb466470e26a8d5e51dc68104c930b') in 0.0011268 seconds
Start importing Assets/Art/External/KenneyUI/PNG/Grey/Default/button_round_flat.png using Guid(72d13783d2e3a1a4c8368edaf840a574) (TextureImporter) -> (artifact id: '0298ae2831924bdd196707afc23a38e4') in 0.0011579 seconds
Start importing Assets/Art/External/KenneyUI/PNG/Grey/Default/icon_outline_square.png using Guid(72dd3be22bac9a7419d9b34cde7138fb) (TextureImporter) -> (artifact id: '9be5d5ef6422dc010614f8ed2c1264cc') in 0.001118 seconds
Start importing Assets/Art/External/KenneyUI/PNG/Blue/Default/button_rectangle_line.png using Guid(725fe65eb6f26de4eacb01a091ef4e28) (TextureImporter) -> (artifact id: 'a6a055aa5941795ea84f644e09367ec9') in 0.0019892 seconds
Start importing Assets/Art/External/KenneyUI/PNG/Green/Double/button_round_gloss.png using Guid(82c012ea261d42b478024e906eaf1aae) (TextureImporter) -> (artifact id: '438af23a80dd69b6b4f78d8023e8b00c') in 0.0013057 seconds
Start importing Assets/Art/External/KenneyUI/PNG/Green/Default/icon_circle.png using Guid(82e740415ac93e742822220c5ba7bc71) (TextureImporter) -> (artifact id: '0e43d8fee3dcc455f6aa8a4e60af7732') in 0.00105 seconds
Start importing Assets/Art/External/KenneyUI/PNG/Green/Double/button_rectangle_line.png using Guid(825ac91f8a3152345ac4131fcd88afd5) (TextureImporter) -> (artifact id: '7e2dd61fe4325959982784ee2309484b') in 0.0019924 seconds
Start importing Assets/Art/External/KenneyUI/PNG/Red/Default/star.png using Guid(92904c9afc188dd46b83800dfa9a9ca8) (TextureImporter) -> (artifact id: '3c17b4f005f7b949a02bb7d61687bd5d') in 0.0012223 seconds
Start importing Assets/Art/External/KenneyUI/PNG/Yellow/Double/button_rectangle_gloss.png using Guid(92f10fb1c966704469c3371d16a2d6d7) (TextureImporter) -> (artifact id: '1da607a23efe5e3f1228cd828b36d968') in 0.0017647 seconds
Start importing Assets/Resources/Art/button_red.png using Guid(920220e9ea1431e47bde5c89fc1ad275) (TextureImporter) -> (artifact id: 'f1c4464bd74e1594425d3429ef158831') in 0.0013981 seconds
Start importing Assets/Art/External/KenneyUI/PNG/Yellow/Double/slide_vertical_grey_section.png using Guid(a261096cef2a5624b8a631286863c0f5) (TextureImporter) -> (artifact id: '53c78da65136d376fdccef99e5f284d5') in 0.0010778 seconds
Start importing Assets/Art/External/KenneyUI/PNG/Grey/Default/check_square_grey_checkmark.png using Guid(a2a4cbda82b9f5349ad56ead8d46be6f) (TextureImporter) -> (artifact id: 'f0d5893e8277cb5451b8456fea6bf042') in 0.0010379 seconds
Start importing Assets/Art/External/KenneyUI/PNG/Blue/Default/button_round_border.png using Guid(a2c5427293978ab4cbadf526a6f2f6f7) (TextureImporter) -> (artifact id: 'fb66903bc754d48d27a699084a68267f') in 0.0012705 seconds
Start importing Assets/Art/External/KenneyUI/PNG/Green/Double/check_square_color.png using Guid(a2766596a21567c4fbda0a644b6dc728) (TextureImporter) -> (artifact id: '016cceeadd5f58cf7d0827f140de7420') in 0.001193 seconds
Start importing Assets/Art/External/KenneyUI/PNG/Red/Default/check_square_grey.png using Guid(a2bbeef363a989746b01d2d35440cc12) (TextureImporter) -> (artifact id: '379b8bfff863285ac4b1d8283ba8e417') in 0.0012029 seconds
Start importing Packages/com.unity.multiplayer.center/Editor/MultiplayerCenterWindow/UI/Icons/CloudCode@2x.png using Guid(a23c0dd570fd44b57a03a8880002fcca) (TextureImporter) -> (artifact id: 'da15f5f838eb9cd34c93d45accd72aed') in 0.001376 seconds
Start importing Assets/Art/External/KenneyUI/PNG/Blue/Double/slide_horizontal_color_section.png using Guid(a20e5a2fcf31d964fa40cac39bf6ced0) (TextureImporter) -> (artifact id: 'c50bc6444780c25427311672bfff856d') in 0.0017528 seconds
Start importing Assets/Art/External/KenneyUI/PNG/Yellow/Default/button_rectangle_depth_gradient.png using Guid(b2325f6ad5516b74499cea8d65293993) (TextureImporter) -> (artifact id: '4b4b6998429dddae7391cf3e00b905a6') in 0.0015098 seconds
Start importing Assets/Art/External/KenneyUI/PNG/Grey/Default/icon_cross.png using Guid(b2c78f5edf66fa24cbdd30a81a7fd1e4) (TextureImporter) -> (artifact id: 'e30b14b9e10ea3942c39eadb4a6f8157') in 0.0010827 seconds
Start importing Assets/Art/External/KenneyUI/PNG/Yellow/Double/star_outline.png using Guid(b2788bab268c8be40838995f90b6e532) (TextureImporter) -> (artifact id: '73751ef242b548d270b617b12bcc7352') in 0.0014439 seconds
Start importing Assets/Art/External/KenneyUI/PNG/Green/Default/icon_outline_cross.png using Guid(b2fb9c7447bf6d94fb82eeebb2de6c77) (TextureImporter) -> (artifact id: '2e59badec97bec6bbdf1234ccf4b41c8') in 0.0010622 seconds
Start importing Assets/Art/External/KenneyUI/PNG/Green/Double/arrow_basic_e_small.png using Guid(b20c30e18c8b1b141b38c82a12b7a20b) (TextureImporter) -> (artifact id: '812eeff52f2ba5adc990890d5207654b') in 0.001112 seconds
Start importing Assets/Art/External/KenneyUI/PNG/Grey/Default/button_rectangle_depth_border.png using Guid(b22c35b2ab5623a4eb812e95220b97ce) (TextureImporter) -> (artifact id: 'd75cc94cd316ff6152b3d04326c14369') in 0.0013071 seconds
Start importing Assets/Art/External/KenneyUI/PNG/Grey/Double/button_square_border.png using Guid(b20ec30dacfa877468ac6e828d784bba) (TextureImporter) -> (artifact id: 'cf31fa1a73dfeab25405e17328cd1dfb') in 0.0013344 seconds
Start importing Packages/com.unity.multiplayer.center/Editor/MultiplayerCenterWindow/UI/Icons/ClientHosted.png using Guid(b2ce704e56cc84fb3b347499263c6244) (TextureImporter) -> (artifact id: '529fd5132d0b10fd50a99994fea99531') in 0.0013089 seconds
Start importing Assets/Art/External/KenneyUI/PNG/Green/Default/slide_vertical_grey_section.png using Guid(c230dd4c6771e774592acf0b360bbc08) (TextureImporter) -> (artifact id: '7cdbe0e053eb39bb9031950d1c6f37f7') in 0.0014095 seconds
Start importing Assets/Art/External/KenneyUI/PNG/Blue/Double/button_square_depth_flat.png using Guid(c2c51e82c1a29154fbb764854d6dfbf2) (TextureImporter) -> (artifact id: '64654f11caa7379cb6f12d29e52748d2') in 0.0016322 seconds
Start importing Assets/Art/External/KenneyUI/PNG/Grey/Double/slide_horizontal_grey_section_wide.png using Guid(c226511b3aa9b5a4b8ee7a05a911570a) (TextureImporter) -> (artifact id: '6ac5b500d89ae9be3d607da4919891d7') in 0.0012258 seconds
Start importing Assets/Art/External/KenneyUI/PNG/Green/Default/arrow_decorative_e.png using Guid(c218c3dd74a846b4d8f66e9c80ae9b48) (TextureImporter) -> (artifact id: 'a49610271df90e32259d46e8f5f173a7') in 0.0010811 seconds
Start importing Assets/Art/External/KenneyUI/PNG/Yellow/Double/icon_outline_checkmark.png using Guid(d29065b3476ea28408b05ec63651b5a9) (TextureImporter) -> (artifact id: 'de8099e30d13b419711fac91d429f328') in 0.0010876 seconds
Start importing Assets/Art/External/KenneyUI/PNG/Yellow/Default/button_square_gloss.png using Guid(d2a13fa2cb03569499f714dd7006e8f5) (TextureImporter) -> (artifact id: 'f2ebfca76d1b68924df356246b345225') in 0.0011619 seconds
Start importing Assets/Art/External/KenneyUI/PNG/Green/Default/arrow_basic_s.png using Guid(d2255ec6520db1940aeebd382bc63a11) (TextureImporter) -> (artifact id: 'bcba4927b112436ee28fba1338f67b02') in 0.0010349 seconds
Start importing Assets/Art/External/KenneyUI/PNG/Grey/Default/button_round_depth_flat.png using Guid(d277d846563dfb24abaa40d63e55fb95) (TextureImporter) -> (artifact id: 'a7974bea78d9e6a1964c1b1f6e199beb') in 0.0011803 seconds
Start importing Assets/Art/External/KenneyUI/PNG/Green/Default/slide_vertical_color.png using Guid(d24b813ddaa7bf644ae5e568d82133ca) (TextureImporter) -> (artifact id: '16f89a485b6b2ea0cdae1b823f8fd08d') in 0.0012311 seconds
Start importing Assets/Resources/Art/button_blue.png using Guid(d2ee68502129a6d458e8fd6e851c7113) (TextureImporter) -> (artifact id: 'b7eef9650b9f51c625abcc77d89ace4c') in 0.0013416 seconds
Start importing Assets/Art/External/KenneyUI/PNG/Yellow/Default/arrow_basic_w.png using Guid(e2440211e1e2a3f4fb88509f0a045064) (TextureImporter) -> (artifact id: 'f41719fcfcc34b47e9ffa9e502699b8e') in 0.0010148 seconds
Start importing Assets/Art/External/KenneyUI/PNG/Green/Default/slide_hangle.png using Guid(e29762500a623ed4e832c6ff0128ccc8) (TextureImporter) -> (artifact id: '997618bf2335852899e753feef3e80f3') in 0.0010876 seconds
Start importing Assets/Art/External/KenneyUI/PNG/Yellow/Double/slide_hangle.png using Guid(e2cbd954b29a1b0439d438a14e42aa8f) (TextureImporter) -> (artifact id: '6deb562d73efaad0e654fa9af5e0942a') in 0.0015361 seconds
Start importing Assets/Art/External/KenneyUI/PNG/Grey/Double/slide_vertical_color.png using Guid(f2a1468ac4dbe7c4ebf7178aae748d71) (TextureImporter) -> (artifact id: 'b685c9e0fc3a14208ac58514d2cbded4') in 0.0016123 seconds
Start importing Packages/com.unity.multiplayer.center/Editor/MultiplayerCenterWindow/UI/Icons/DistributedAuthority@2x.png using Guid(0354877031b64465ea7e5cafea1a2653) (TextureImporter) -> (artifact id: '96a46d457937f6d408e1c6555e202e07') in 0.0015266 seconds
Start importing Assets/Art/External/KenneyUI/PNG/Grey/Double/arrow_decorative_w_small.png using Guid(03e4cd32a281de34783e3ab525e861f1) (TextureImporter) -> (artifact id: '22bd6b99e5d81c5d4744055bfca4976d') in 0.0011622 seconds
Start importing Assets/Art/External/KenneyUI/PNG/Yellow/Double/button_rectangle_depth_line.png using Guid(03651ec6c6c081846bf462cc432aadb3) (TextureImporter) -> (artifact id: '345fd5b9ee9aa8e888344da399b606d8') in 0.0018345 seconds
Start importing Assets/Art/External/KenneyUI/PNG/Blue/Double/button_round_depth_line.png using Guid(03372157f9aedeb429273be882fcd344) (TextureImporter) -> (artifact id: '48e6783e9922fe4c97bd83211997673c') in 0.0012887 seconds
Start importing Assets/Art/External/KenneyUI/PNG/Yellow/Default/button_round_depth_flat.png using Guid(033ede12ad7b12540a99bd40ba4ba25f) (TextureImporter) -> (artifact id: 'b3f90a78639658720665dd78586b5fab') in 0.0011485 seconds
Start importing Assets/Art/External/KenneyUI/PNG/Red/Default/button_square_depth_line.png using Guid(13c1d41e51b674b4eb86ae63cfcab635) (TextureImporter) -> (artifact id: 'c2eb7b33a7ef2ce2998986c45f8b6e9e') in 0.0010895 seconds
Start importing Assets/Art/External/KenneyUI/PNG/Blue/Double/slide_vertical_grey_section.png using Guid(139515af2e500b648baa1daa1ac012d7) (TextureImporter) -> (artifact id: '9708da1da0408838f8f1efd1f3b0947e') in 0.0011768 seconds
Start importing Assets/Art/External/KenneyUI/PNG/Grey/Default/slide_vertical_color_section_wide.png using Guid(13b81ddc875b7604f876764c06f67f47) (TextureImporter) -> (artifact id: '7792aae51cc64d1b8ea9629d6db01c6f') in 0.0013035 seconds
Start importing Assets/Art/External/KenneyUI/PNG/Green/Default/button_round_line.png using Guid(13cecb223c6fc5f4bb34012595f99a53) (TextureImporter) -> (artifact id: 'b388e579982fc5a6ecda9532a222aeac') in 0.0012301 seconds
Start importing Assets/Art/External/KenneyUI/PNG/Yellow/Default/arrow_decorative_s.png using Guid(2319853a9a2af8a43892def13cd5b59e) (TextureImporter) -> (artifact id: '7a9870db4bef11c9eb9ea4f3f67b1f3c') in 0.0014201 seconds
Start importing Assets/Art/External/KenneyUI/PNG/Extra/Default/icon_repeat_dark.png using Guid(23ea83091f7cf2c4fbe54399d25cad9a) (TextureImporter) -> (artifact id: '8e3054f0c51b80871b9ab140ff76037e') in 0.0013604 seconds
Start importing Assets/Art/External/KenneyUI/PNG/Yellow/Double/button_rectangle_flat.png using Guid(232f6b6f71633e748a572a60cfa6afdc) (TextureImporter) -> (artifact id: '4fce1b867d4acea77b346f4ffa6baac8') in 0.0020685 seconds
Start importing Assets/Art/External/KenneyUI/PNG/Yellow/Default/arrow_decorative_e_small.png using Guid(23ef78ab5cbd0e24eace7eb4273203aa) (TextureImporter) -> (artifact id: '9047f9fffc9e125ae60df6af6bd6e99a') in 0.001157 seconds
Start importing Assets/Art/External/KenneyUI/PNG/Grey/Double/arrow_basic_s.png using Guid(23ff36fac792ac24f9eb57426ad4ade3) (TextureImporter) -> (artifact id: 'b46139c556e38f4c3bd8f83c13931fc2') in 0.0010979 seconds
Start importing Assets/Art/External/KenneyUI/PNG/Blue/Double/check_square_grey_square.png using Guid(3361e2cd80711a647af52b0995c29dae) (TextureImporter) -> (artifact id: '331704b269bcbd8ba858ccf686362c1a') in 0.0011697 seconds
Start importing Assets/Art/External/KenneyUI/PNG/Green/Default/arrow_basic_w_small.png using Guid(33823993d9e69284b83bd3475a5c47be) (TextureImporter) -> (artifact id: 'c8f9e39cdf56ddecaed3f4297c220a8c') in 0.0011033 seconds
Start importing Assets/Art/External/KenneyUI/PNG/Blue/Default/slide_vertical_color.png using Guid(3325ed00113b2de4ca5e4a32a16c4af4) (TextureImporter) -> (artifact id: 'fb4ade6d744ce756caab3dade082e44d') in 0.0012558 seconds
Start importing Assets/Art/External/KenneyUI/PNG/Grey/Default/check_square_grey_cross.png using Guid(33998fb57c44706469586d671dee72d1) (TextureImporter) -> (artifact id: 'ad937a49beb87f6f3814b60dcf928702') in 0.0011886 seconds
Start importing Assets/Art/External/KenneyUI/PNG/Red/Double/arrow_decorative_e.png using Guid(339bd8f61e6bbca47864e1b06c252778) (TextureImporter) -> (artifact id: '608f7c266d9ede0a96424b9214c3c60f') in 0.0011792 seconds
Start importing Assets/Art/External/KenneyUI/PNG/Red/Default/icon_outline_circle.png using Guid(4381419435321654db5229858f948a8d) (TextureImporter) -> (artifact id: 'eb8e01b409a49f285a5962a688029aee') in 0.0010724 seconds
Start importing Assets/Art/External/KenneyUI/PNG/Blue/Default/slide_horizontal_grey.png using Guid(431c462f2efbb3e47908c34093baa476) (TextureImporter) -> (artifact id: '84390e4084f23defc7256afd24d1c1bd') in 0.0011578 seconds
Start importing Assets/Art/External/KenneyUI/PNG/Yellow/Default/arrow_decorative_s_small.png using Guid(434d713aeb907954e8115c832289424e) (TextureImporter) -> (artifact id: 'a39e62af3f95dc180164d8bc101cd827') in 0.0020402 seconds
Start importing Assets/Art/External/KenneyUI/PNG/Yellow/Default/arrow_decorative_n_small.png using Guid(430ed0a58ff0909418fe1ff125781af4) (TextureImporter) -> (artifact id: '537ce507fb85c23e0f46a4799606e688') in 0.0012675 seconds
Start importing Assets/Art/External/KenneyUI/PNG/Red/Default/arrow_basic_n_small.png using Guid(53747c7078c31fa408093bb18958839c) (TextureImporter) -> (artifact id: '49000756faa2f0460d94a1fda7bcd39b') in 0.0011554 seconds
Start importing Assets/Art/External/KenneyUI/PNG/Grey/Default/star_outline.png using Guid(53278e74dd3c5924189ce4aad1fad177) (TextureImporter) -> (artifact id: '7d29349f2a56cdf0d1d2f9bd611d394b') in 0.0012462 seconds
Start importing Assets/Art/External/KenneyUI/PNG/Red/Double/slide_vertical_color_section_wide.png using Guid(535748a9f69c9674e8800d5751c2edf6) (TextureImporter) -> (artifact id: '1c62d04d10d5cc87a6178c4e252cec15') in 0.0011371 seconds
Start importing Assets/Art/External/KenneyUI/PNG/Extra/Double/button_rectangle_depth_line.png using Guid(63f7037e5e22d9849a059f2c36da48d5) (TextureImporter) -> (artifact id: '42bbed58ec2d530a0f320e447a7bed61') in 0.0018106 seconds
Start importing Assets/Art/External/KenneyUI/PNG/Extra/Default/icon_arrow_up_light.png using Guid(63f74e64baf08fb4f84c650f37d8cc74) (TextureImporter) -> (artifact id: 'a8b87c756f5b613bf2153d0d52476514') in 0.0011003 seconds
Start importing Assets/Art/External/KenneyUI/PNG/Grey/Double/slide_horizontal_color_section_wide.png using Guid(63e900e1c95f761429eab2ad1d0246e7) (TextureImporter) -> (artifact id: '2c6ed29c9da4e1dea3c54c87823b558e') in 0.0011831 seconds
Start importing Assets/Art/External/KenneyUI/PNG/Green/Double/button_square_line.png using Guid(638a5908c514c63458e7aaf61ef27414) (TextureImporter) -> (artifact id: 'a2a0d9db73705fe273ece0b7f7fce4e0') in 0.0013154 seconds
Start importing Assets/Art/External/KenneyUI/PNG/Green/Double/button_round_depth_line.png using Guid(63ecd4a523f01254bb45f6be62d5dba8) (TextureImporter) -> (artifact id: '5badf66ee64e20590b9a854a1a946c40') in 0.0013832 seconds
Start importing Assets/Art/External/KenneyUI/PNG/Green/Double/button_rectangle_depth_flat.png using Guid(73d6e5dcdecbdd74186c9cafff9ab0e4) (TextureImporter) -> (artifact id: '74dd5453cdca79eae306b699a90e46d8') in 0.0019336 seconds
Start importing Assets/Art/External/KenneyUI/PNG/Green/Double/button_rectangle_border.png using Guid(73cae35072bbdc34a8bab1939798f978) (TextureImporter) -> (artifact id: 'e6e08afb565a19fd837bdd789bee3fd8') in 0.0027652 seconds
Start importing Assets/Art/External/diceroll.png using Guid(731ce42938456cd46a59cf028350c66f) (TextureImporter) -> (artifact id: '0d35596310023c57bff127043a62e74a') in 0.0015665 seconds
Start importing Assets/Art/External/KenneyUI/PNG/Green/Default/button_square_depth_gloss.png using Guid(83a2694e4bbfd7a48b3f2dce4390accd) (TextureImporter) -> (artifact id: 'd10e100e5c07b4b233c21d5ae2463929') in 0.0011414 seconds
Start importing Packages/com.unity.multiplayer.center/Editor/MultiplayerCenterWindow/UI/Icons/NGO@2x.png using Guid(83b28bcaaf34b4fd580114fb05d9f160) (TextureImporter) -> (artifact id: '69410b62aa545dd39e505ceeb0a3ab33') in 0.0013941 seconds
Start importing Assets/Art/External/KenneyUI/PNG/Blue/Default/check_round_grey_circle.png using Guid(83d7b3f9f023dd34ba3c8069aaf79e4a) (TextureImporter) -> (artifact id: '7ef27382f8a925b058c930490c5deeb8') in 0.0010769 seconds
Start importing Assets/Art/External/KenneyUI/PNG/Yellow/Double/check_round_color.png using Guid(83d7b77992f9f3e4fae3a37b0de55cca) (TextureImporter) -> (artifact id: 'e2ce6f708809e6fd732015484316b043') in 0.001272 seconds
Start importing Assets/Art/External/KenneyUI/PNG/Red/Double/icon_outline_square.png using Guid(83890a36b1ce47d458a7d28c67608f9a) (TextureImporter) -> (artifact id: '15667f5bf1db7dbce46291994ed26bef') in 0.0010655 seconds
Start importing Assets/Art/External/KenneyUI/PNG/Extra/Double/icon_arrow_up_light.png using Guid(838b0728a0a609a4c93c204010336cf5) (TextureImporter) -> (artifact id: 'b59cb2f986e93b5c5bbfb51751d583ad') in 0.0012552 seconds
Start importing Assets/Art/External/KenneyUI/PNG/Extra/Double/button_round_line.png using Guid(83cd88d7a9059944093541325ca90357) (TextureImporter) -> (artifact id: '083c90aa2ed0de602e29661c0e4a1139') in 0.0012553 seconds
Start importing Assets/Art/External/KenneyUI/PNG/Green/Default/check_square_grey.png using Guid(83de8c54dcc765148b7b13cc33f45d33) (TextureImporter) -> (artifact id: 'a2cdc68804605f29f6a8c491bcb43992') in 0.0011954 seconds
Start importing Assets/Art/External/KenneyUI/PNG/Blue/Default/star_outline_depth.png using Guid(9334cb035a7b1224fa68389ae2daa7c3) (TextureImporter) -> (artifact id: 'c14921f517fecca71b65f72fce0205a7') in 0.0012221 seconds
Start importing Assets/Art/External/KenneyUI/PNG/Red/Default/button_rectangle_gradient.png using Guid(9385e27b517f6c1439bf75c148cad3aa) (TextureImporter) -> (artifact id: '40dd2edf3999ca68b60b2447bfa0cc01') in 0.0021482 seconds
Start importing Assets/Art/External/KenneyUI/PNG/Grey/Double/icon_outline_checkmark.png using Guid(9347e5b5247379748a41e207432a2957) (TextureImporter) -> (artifact id: 'e20de7eddd1209c292c70d1644a0732e') in 0.0012629 seconds
Start importing Assets/Art/External/KenneyUI/PNG/Grey/Double/arrow_basic_n_small.png using Guid(93674e93f0dbc334ca81d59260fc8156) (TextureImporter) -> (artifact id: '35edab4f3eaed8971ebfaa337e1117b5') in 0.0012187 seconds
Start importing Assets/Art/External/KenneyUI/PNG/Grey/Double/icon_square.png using Guid(a3e6c7a9ef8475a49a891c8375bcf82b) (TextureImporter) -> (artifact id: '33c1ce5e5c5ae3c0ec2bf20a1af8c974') in 0.0011842 seconds
Start importing Assets/Art/External/KenneyUI/PNG/Grey/Default/slide_vertical_grey_section_wide.png using Guid(a3874045ace13184dbf7f6d21bb6e525) (TextureImporter) -> (artifact id: '4a3589a365d23125b93fbf247509922c') in 0.0011403 seconds
Start importing Assets/Art/External/KenneyUI/PNG/Blue/Double/button_rectangle_depth_line.png using Guid(a37c3c012f8670f479a21c32ca2f1f8f) (TextureImporter) -> (artifact id: 'f36c9c6b3ba59df459d284c912f35396') in 0.0020647 seconds
Start importing Assets/Art/External/KenneyUI/PNG/Blue/Default/button_round_flat.png using Guid(b3329d072684f43409d2f1345e69f889) (TextureImporter) -> (artifact id: 'c1b9c82b76e87055abdd6e2688ec49bd') in 0.0011272 seconds
Start importing Assets/Art/External/KenneyUI/PNG/Yellow/Double/button_square_flat.png using Guid(b3e7e411aa56a744f89b6490f6c76175) (TextureImporter) -> (artifact id: 'c3d9bf77a8a4fc130cabdb18cd3dc1e6') in 0.0012697 seconds
Start importing Assets/Art/External/KenneyUI/PNG/Extra/Default/icon_arrow_down_dark.png using Guid(b3cba38bcd5440f4e9b722c828728fb5) (TextureImporter) -> (artifact id: '1ebd318ff7a47961a2a549ce8a5b4ade') in 0.0011135 seconds
Start importing Assets/Art/External/KenneyUI/PNG/Green/Double/button_round_depth_border.png using Guid(b3ee719d0e9b25f4ca49c4e9f8912a9d) (TextureImporter) -> (artifact id: '580dfec738bf92203ca0464c737a6806') in 0.0013151 seconds
Start importing Assets/Art/External/KenneyUI/PNG/Blue/Default/slide_horizontal_grey_section.png using Guid(c355a784df3976640a95583595ad2850) (TextureImporter) -> (artifact id: '93945897cf1f4203a01f2d73fe2b90ba') in 0.0012283 seconds
Start importing Assets/Art/External/KenneyUI/PNG/Grey/Double/icon_outline_cross.png using Guid(c3c9f67c75b6df64088a2386e99c51e2) (TextureImporter) -> (artifact id: '84576095533d2101353aadde16d12f5e') in 0.0017683 seconds
Start importing Assets/Art/External/KenneyUI/PNG/Yellow/Double/arrow_decorative_s_small.png using Guid(c3dbdbe4549e1b84f9348e3dd796e84c) (TextureImporter) -> (artifact id: 'd2c91b14c48aea0af6694497b4c9b10a') in 0.0013041 seconds
Start importing Assets/Art/External/KenneyUI/PNG/Blue/Double/star.png using Guid(d3e7568d0a465c4468dfb1c0ab67394d) (TextureImporter) -> (artifact id: '568b7a3c99d2ee479788edf7bf59758b') in 0.0013563 seconds
Start importing Assets/Art/External/KenneyUI/PNG/Red/Double/slide_horizontal_grey.png using Guid(e3b0229994227f147ba23ccd8d83eaeb) (TextureImporter) -> (artifact id: '4143da92a599ad188f1714414582b7c0') in 0.0013253 seconds
Start importing Assets/Art/External/KenneyUI/PNG/Red/Default/button_rectangle_depth_gradient.png using Guid(e3f1b3da127418f4c9ad87780fc8a1b7) (TextureImporter) -> (artifact id: 'ab27aec3f7db9e0e2822c8ef6ff8ff42') in 0.0013442 seconds
Start importing Assets/Art/External/KenneyUI/PNG/Grey/Default/check_square_grey_square.png using Guid(e3a604602e837a448a0db74789f06964) (TextureImporter) -> (artifact id: '30c4c7863db3140c756e16ede36119f0') in 0.0010729 seconds
Start importing Assets/Art/External/KenneyUI/PNG/Grey/Double/arrow_basic_w_small.png using Guid(e39bba0aec8abce4ea678dc183f150e1) (TextureImporter) -> (artifact id: '69e31a2e53e7ae3eb47854f86c80c568') in 0.0011949 seconds
Start importing Assets/Art/External/KenneyUI/PNG/Blue/Double/check_square_color_cross.png using Guid(e3bda40d4fff4ad409da60028993f2c5) (TextureImporter) -> (artifact id: 'a90f81779bc923a0e386b1498866c297') in 0.001147 seconds
Start importing Assets/Art/External/KenneyUI/PNG/Grey/Double/arrow_decorative_n_small.png using Guid(e3dd2207b63d54e4e8f130c04d8e4309) (TextureImporter) -> (artifact id: 'ecbf930346d0c8d7f1a0be7f5d56de83') in 0.0012139 seconds
Start importing Assets/Art/External/KenneyUI/PNG/Extra/Double/icon_repeat_dark.png using Guid(e37e880d48118ee45b059b01e66d1edf) (TextureImporter) -> (artifact id: 'a3a7f046b3c8627395b9fb2ce10a3ab6') in 0.0011435 seconds
Start importing Assets/Art/External/KenneyUI/PNG/Yellow/Double/check_square_grey_cross.png using Guid(f30801ff02c0aff4aa1c44aaa2f16c3f) (TextureImporter) -> (artifact id: 'e95315afdb476b2b51844b06f92f851a') in 0.0010791 seconds
Start importing Assets/Art/External/KenneyUI/PNG/Green/Default/arrow_basic_w.png using Guid(f36fcbce5a3f3a44084ac0dfbd4d1eaa) (TextureImporter) -> (artifact id: 'c9b315d8fd8836195c752a62d629088f') in 0.0012254 seconds
Start importing Packages/com.unity.multiplayer.center/Editor/MultiplayerCenterWindow/UI/Icons/PackageInstalled@2x.png using Guid(0423146d9f51c4563a0f2a8200b6cd38) (TextureImporter) -> (artifact id: '50f71469b4a156f75b84aefad93751f8') in 0.0012033 seconds
Start importing Assets/Art/External/KenneyUI/PNG/Red/Double/button_square_gradient.png using Guid(045606bce1eab7845823077997a230aa) (TextureImporter) -> (artifact id: '8206648661f84d03b49a3473ab86ec6d') in 0.001388 seconds
Start importing Assets/Art/External/KenneyUI/PNG/Red/Double/arrow_basic_e.png using Guid(04762505b4d88f14b96f0cc7956fdc4c) (TextureImporter) -> (artifact id: '79c386daac2f7490448b2252f86a99f2') in 0.0011988 seconds
Start importing Assets/Art/External/KenneyUI/PNG/Green/Default/arrow_basic_n_small.png using Guid(04b7dd356212ffd4d892a0fdcdc9bfad) (TextureImporter) -> (artifact id: 'a92a9979af02ca57dad962113fbd61b8') in 0.0011712 seconds
Start importing Assets/Art/External/KenneyUI/PNG/Grey/Default/slide_vertical_color_section.png using Guid(040b590cab58eed4dbe468469ac967ba) (TextureImporter) -> (artifact id: 'd2d8c7d0de70cff991f99dc57efddfb3') in 0.0011996 seconds
Start importing Assets/Art/External/KenneyUI/PNG/Red/Default/arrow_decorative_w_small.png using Guid(14353586ea0660e498cb8ae4495fcda9) (TextureImporter) -> (artifact id: '50066700fd87ef17420b46d14e1082e5') in 0.0010949 seconds
Start importing Assets/Art/External/KenneyUI/PNG/Grey/Double/button_round_depth_gradient.png using Guid(148d58d59278e4a4585bc2bec84a867f) (TextureImporter) -> (artifact id: 'ecd0e819d7166ccb87cf703e2c757406') in 0.00149 seconds
Start importing Assets/Art/External/KenneyUI/PNG/Green/Double/slide_horizontal_grey.png using Guid(2451fbe3bf9c76f4799577cd35b7703e) (TextureImporter) -> (artifact id: '10f6fa329c983b112ff8a3f91b2c4bd4') in 0.0013785 seconds
Start importing Assets/Art/External/KenneyUI/PNG/Green/Default/button_rectangle_depth_gloss.png using Guid(241580e362a4e724eb82214b5a848cde) (TextureImporter) -> (artifact id: 'ff00086e486382b641d0118214889ee9') in 0.0014859 seconds
Start importing Assets/Art/External/KenneyUI/PNG/Blue/Default/slide_horizontal_color_section_wide.png using Guid(245b4d05702cb41469cd0bdf7e9a771d) (TextureImporter) -> (artifact id: 'd9d987b5d899d020c39e76258e086fe2') in 0.0010934 seconds
Start importing Assets/Art/External/KenneyUI/PNG/Red/Default/slide_vertical_grey.png using Guid(247ba7c944a7e7745b4309a8e9096955) (TextureImporter) -> (artifact id: 'f1737446ad04184dfcd52bbf2d492be2') in 0.0011951 seconds
Start importing Assets/Art/External/KenneyUI/PNG/Blue/Default/check_square_grey.png using Guid(243ff983f04866d468bf277d2305ac0e) (TextureImporter) -> (artifact id: '928484eefe2eed3bd7d1e0249df0f611') in 0.0010505 seconds
Start importing Assets/Art/External/KenneyUI/PNG/Yellow/Double/check_square_grey_checkmark.png using Guid(34f58c1d4394fca4fa8d39150f1f5e1e) (TextureImporter) -> (artifact id: '383f40eda993fec726ded99f0808b33b') in 0.0011685 seconds
Start importing Assets/Art/External/KenneyUI/PNG/Yellow/Default/button_round_gradient.png using Guid(34373a60566c76742a93b928fddb9085) (TextureImporter) -> (artifact id: '5ee17078119ca964cce7684ba0b50690') in 0.00122 seconds
Start importing Assets/Art/External/KenneyUI/PNG/Green/Double/icon_outline_square.png using Guid(344b7cf7f29670a428701e4b5ef94c98) (TextureImporter) -> (artifact id: 'd32934bbd998c2fe5c247e74b74913f4') in 0.0010714 seconds
Start importing Assets/Art/External/KenneyUI/PNG/Grey/Default/button_rectangle_gradient.png using Guid(34cc4c689f028b44292ba8fc5b5587cb) (TextureImporter) -> (artifact id: '9e3f290d85b72e370e1b54170b199300') in 0.0016828 seconds
Start importing Assets/Art/External/KenneyUI/PNG/Grey/Default/button_square_flat.png using Guid(341d1da823880224d884e6a2496082d8) (TextureImporter) -> (artifact id: '20fa6fa85a5105ba76a4776b89d19e02') in 0.0013205 seconds
Start importing Assets/Art/External/KenneyUI/PNG/Red/Default/check_round_grey.png using Guid(342f39ea745766d4c8a584c50280f4fe) (TextureImporter) -> (artifact id: '58af3d5343033e42d127ad8c3c4e1d7d') in 0.0011347 seconds
Start importing Assets/Art/External/KenneyUI/PNG/Green/Default/button_rectangle_gloss.png using Guid(34ef0cf6fcc1e1c4b998f1fdb3118caf) (TextureImporter) -> (artifact id: '109852a7626f547b928ad8d260e03785') in 0.001434 seconds
Start importing Assets/Art/External/KenneyUI/PNG/Green/Double/arrow_decorative_w.png using Guid(44016cd5e930abe40b8725455e00db3c) (TextureImporter) -> (artifact id: '115a51425c9dc0ed3c920b07296864a6') in 0.001195 seconds
Start importing Assets/Art/External/KenneyUI/PNG/Yellow/Double/button_square_gradient.png using Guid(4487ee03224a628418905f6e9369fa1a) (TextureImporter) -> (artifact id: '91740ad174ff2b25a3b0a0148f2b2162') in 0.001335 seconds
Start importing Assets/Art/External/KenneyUI/PNG/Red/Double/check_square_grey.png using Guid(546376de3f871f5458a4be1b76551ec0) (TextureImporter) -> (artifact id: '18fbb6e402414c1e6f99a4229413e9f3') in 0.0011562 seconds
Start importing Assets/Art/External/KenneyUI/PNG/Green/Default/icon_checkmark.png using Guid(54c74296b9a94b94bb87af840de2b18d) (TextureImporter) -> (artifact id: 'ea2e3efb354610deb62938b75723a308') in 0.0011816 seconds
Start importing Assets/Art/External/KenneyUI/PNG/Grey/Default/button_square_depth_gradient.png using Guid(544b62061aa2a4e4d82540372f8c0312) (TextureImporter) -> (artifact id: 'af6bd9f054ac20a6b696efa561234e98') in 0.0011641 seconds
Start importing Assets/Art/External/KenneyUI/PNG/Grey/Double/star.png using Guid(645da6a5efcf92b4893f6b8a12766d63) (TextureImporter) -> (artifact id: '2035adf18098f43581a48ade2d54b88b') in 0.0022151 seconds
Start importing Assets/Art/External/KenneyUI/PNG/Extra/Double/input_square.png using Guid(64ad5cfa41b83334c8cd27092fff5eaa) (TextureImporter) -> (artifact id: 'e3197131b273c70490b4f130f7dea0d1') in 0.0014665 seconds
Start importing Assets/Art/External/KenneyUI/PNG/Red/Default/button_rectangle_border.png using Guid(645fe347c84000a4080375df4a33c440) (TextureImporter) -> (artifact id: 'e2b050c3f085901ab5d303c3ee7440ae') in 0.0013886 seconds
Start importing Assets/Art/External/KenneyUI/PNG/Yellow/Double/button_round_depth_flat.png using Guid(7464e4865e4e8cf42958f3cebfacda70) (TextureImporter) -> (artifact id: '129e266771139f813ce45c2cd87021e9') in 0.0012705 seconds
Start importing Packages/com.unity.multiplayer.center/Editor/MultiplayerCenterWindow/UI/Icons/d_Questionnaire.png using Guid(741761e72e6f24446bd8ba03ea3d0261) (TextureImporter) -> (artifact id: '28ed100052785b2e5b972b843ab658e5') in 0.0012735 seconds
Start importing Assets/Art/External/KenneyUI/PNG/Extra/Double/divider.png using Guid(742971658a9096b45a741400145bd24c) (TextureImporter) -> (artifact id: '75f32ebaafef703fa2b0f4ee7c0554f7') in 0.0011246 seconds
Start importing Assets/Art/External/KenneyUI/PNG/Blue/Default/slide_vertical_color_section.png using Guid(74db60f09f221b442b9896dfbecf0840) (TextureImporter) -> (artifact id: 'ef0c9163c88fbdaf54e20508654dbb40') in 0.0011314 seconds
Start importing Assets/Art/External/KenneyUI/PNG/Grey/Double/button_square_depth_gradient.png using Guid(747f8b20a8160af49994b8aeb9dcc827) (TextureImporter) -> (artifact id: '43ecde6d59431e9718a138d51f083d82') in 0.0014432 seconds
Start importing Packages/com.unity.multiplayer.center/Editor/MultiplayerCenterWindow/UI/Icons/EmptyViewIcon.png using Guid(84e4bbd00035e4671bf14e0380a89001) (TextureImporter) -> (artifact id: 'f8c92665006d489c7d71c8faeafa1fce') in 0.0025369 seconds
Start importing Assets/Art/External/KenneyUI/PNG/Green/Default/button_round_depth_line.png using Guid(84061996dc61bf145b8e70790d6c969d) (TextureImporter) -> (artifact id: '1d98e6d0c73c6fab985965c1372c7cbe') in 0.0012181 seconds
Start importing Assets/Art/External/KenneyUI/PNG/Grey/Double/arrow_basic_e_small.png using Guid(8488c353de678a443abc11e235b52a98) (TextureImporter) -> (artifact id: '3efa2a9e927b6ca762c95a135434bea7') in 0.0015489 seconds
Start importing Assets/Art/External/KenneyUI/PNG/Red/Double/arrow_basic_w_small.png using Guid(84eaf2fea1d499046a670db4baddfbe9) (TextureImporter) -> (artifact id: 'e73fdd27f66914540fafdbb06a78f5a2') in 0.0013484 seconds
Start importing Assets/Art/External/KenneyUI/PNG/Blue/Double/arrow_basic_n.png using Guid(84fbf7f4f5709aa498fa8a22f053ba40) (TextureImporter) -> (artifact id: 'f0b531755145395ed9affc60dfae9abe') in 0.0012039 seconds
Start importing Packages/com.unity.multiplayer.center/Editor/MultiplayerCenterWindow/UI/Icons/PackageManager@2x.png using Guid(9431e8221045c4af189b2fa7174b9e9f) (TextureImporter) -> (artifact id: '36e189e6a8993699c7a9030f1daf1a14') in 0.0011468 seconds
Start importing Assets/Art/External/KenneyUI/PNG/Grey/Double/arrow_decorative_w.png using Guid(94b5a665d13a7bc4dbb4f88bdda7ea6c) (TextureImporter) -> (artifact id: '257b08ea206174022bab8cadd2bfb3a4') in 0.0011998 seconds
Start importing Assets/Art/External/KenneyUI/PNG/Grey/Double/button_round_line.png using Guid(9498fa7837aa38c41bd3588428960d8f) (TextureImporter) -> (artifact id: '217c9e7464503e99769c403c50551496') in 0.0014329 seconds
Start importing Assets/Art/External/KenneyUI/PNG/Green/Double/button_rectangle_gradient.png using Guid(94d86db90ecbc424e8c9d7b7ffaa27f2) (TextureImporter) -> (artifact id: '92bdc6a4aaba61fb3ee7a9af9aea3259') in 0.0019457 seconds
Start importing Assets/Art/External/KenneyUI/PNG/Grey/Double/slide_vertical_color_section.png using Guid(94ffe0e382660b445bb04596272ff0a0) (TextureImporter) -> (artifact id: '13f5017e2d566820e1d7033874027915') in 0.0011574 seconds
Start importing Assets/Art/External/KenneyUI/PNG/Red/Default/slide_vertical_grey_section.png using Guid(a472616ab87802542b1606c03378aa1f) (TextureImporter) -> (artifact id: 'a968da70a18dacdd5637a1ebec1e762c') in 0.0011373 seconds
Start importing Assets/Art/External/KenneyUI/PNG/Green/Default/arrow_basic_n.png using Guid(a4fa0eba2dbd1d0408979248e68c119f) (TextureImporter) -> (artifact id: '6c26e7b4c93d46e1532504b2db513e09') in 0.0011395 seconds
Start importing Assets/Art/External/KenneyUI/PNG/Yellow/Double/button_square_border.png using Guid(b4b1f15d5d8e0e049a0d2da7c740148c) (TextureImporter) -> (artifact id: '10f033bd9239fee4b2c866158d813b80') in 0.0015265 seconds
Start importing Assets/Art/External/KenneyUI/PNG/Grey/Double/button_round_border.png using Guid(b4d686ef631a23a49b2e1b83ca4748ca) (TextureImporter) -> (artifact id: 'c6fe17b9c2c46d722ec9f6a98bd48d05') in 0.0013386 seconds
Start importing Assets/Art/External/KenneyUI/PNG/Green/Double/slide_horizontal_color_section.png using Guid(b45b474cd30bb4845a178bd78677caac) (TextureImporter) -> (artifact id: '31c5c82b9ac0d29424eae9c85bbc7b28') in 0.0011837 seconds
Start importing Assets/Art/External/KenneyUI/PNG/Extra/Double/input_outline_square.png using Guid(c44bff2fed46cfb4ba1ccaa8d021873d) (TextureImporter) -> (artifact id: '71349f445cc62fc7e613fcc613880182') in 0.0013537 seconds
Start importing Assets/Art/External/KenneyUI/PNG/Green/Default/button_rectangle_depth_line.png using Guid(c41dcd2eab2253e4fa1a0993dd4de5c9) (TextureImporter) -> (artifact id: 'ea77315c99fd89d6807e0bdbab8d1050') in 0.001534 seconds
Start importing Assets/Art/External/KenneyUI/PNG/Yellow/Double/button_square_gloss.png using Guid(d434c559dbb657b4db9efb0b2281685a) (TextureImporter) -> (artifact id: '7dcd42010875433d2a3f23e7051955f2') in 0.0013606 seconds
Start importing Assets/Art/External/KenneyUI/PNG/Blue/Double/arrow_decorative_e_small.png using Guid(d4d785d115835f245be27eed0c127699) (TextureImporter) -> (artifact id: 'f38351e41c8f221e15f7c89b85f58928') in 0.0012294 seconds
Start importing Assets/Art/External/KenneyUI/PNG/Yellow/Default/arrow_basic_e_small.png using Guid(d4bddd34d8147ab44bbf6d1fb82a4a82) (TextureImporter) -> (artifact id: 'c5b1e61658e7b9320a899193a4bf868a') in 0.0010454 seconds
Start importing Assets/Art/External/KenneyUI/PNG/Extra/Double/button_square_line.png using Guid(e493e103792cf25438e763e52548c4a5) (TextureImporter) -> (artifact id: '48a2fb522c44968f32a18619b65e772a') in 0.0014479 seconds
Start importing Assets/Art/External/KenneyUI/PNG/Blue/Double/button_round_line.png using Guid(e4b57db11d9ce2b41a8be6a714f24e07) (TextureImporter) -> (artifact id: '401b8f944c5c41bc958da4a24b88d52e') in 0.0013436 seconds
Start importing Assets/Art/External/KenneyUI/PNG/Green/Default/check_square_grey_square.png using Guid(e48bf060740f8234797911fbc9dbe4b0) (TextureImporter) -> (artifact id: '1d86f2c4b3ca8505668237c7f702a80d') in 0.0011683 seconds
Start importing Assets/Art/External/KenneyUI/PNG/Blue/Default/slide_vertical_grey.png using Guid(e40d1882eda6fa94a80f43d77ccafa8f) (TextureImporter) -> (artifact id: 'eef0e54a0b467838ed01d45298ee1d32') in 0.0012231 seconds
Start importing Assets/Art/External/KenneyUI/PNG/Yellow/Default/arrow_basic_w_small.png using Guid(f412eff4d79cd104b8affccb816d2d2a) (TextureImporter) -> (artifact id: 'b8a01ca5bbc6cf1b56bcbf1bad27a5b8') in 0.0010707 seconds
Start importing Assets/Art/External/KenneyUI/PNG/Green/Double/arrow_decorative_s.png using Guid(f472bd22649b80a48bdb040c7c4a68f7) (TextureImporter) -> (artifact id: 'ac77fd25fdf95f2fe5f7c3338c024c8c') in 0.0012082 seconds
Start importing Assets/Art/External/KenneyUI/PNG/Yellow/Default/check_round_grey_circle.png using Guid(f49362420ef36a84e9ad2a09b67e133d) (TextureImporter) -> (artifact id: 'bb277812df69ab8148d3f7429b6e300f') in 0.0014087 seconds
Start importing Assets/Art/External/KenneyUI/PNG/Red/Default/icon_square.png using Guid(f4c49b37ccfc1494c929103e107da511) (TextureImporter) -> (artifact id: 'bff47d9b6a6bf81bacf5208194c3f99e') in 0.0013525 seconds
Start importing Assets/Art/External/KenneyUI/PNG/Green/Double/button_round_depth_gradient.png using Guid(f405724260a408048a15d30c30b80e4f) (TextureImporter) -> (artifact id: 'cb731267f0ee149af8309f161999bd0a') in 0.001612 seconds
Start importing Assets/Art/External/KenneyUI/PNG/Yellow/Default/button_rectangle_border.png using Guid(f4172b1d9d38525418a0a1c96330c9fd) (TextureImporter) -> (artifact id: '91027db2188434b2d14aaf386a066caf') in 0.001347 seconds
Start importing Assets/Art/External/KenneyUI/PNG/Yellow/Default/button_round_depth_gradient.png using Guid(f418f5b1c0826a4478ac96190d7277ab) (TextureImporter) -> (artifact id: 'f85e4ac43031ef397d8e863ba85f9df0') in 0.0012199 seconds
Start importing Assets/Art/External/KenneyUI/PNG/Blue/Default/arrow_decorative_s.png using Guid(f4ceb50ab1cc8264c8cb93c3939dfcd3) (TextureImporter) -> (artifact id: '7b78e1db1b7b60bae82d5ce6b0cab84c') in 0.0010634 seconds
Start importing Assets/Art/External/KenneyUI/PNG/Red/Default/button_square_flat.png using Guid(05d4b32bcfef3054e8b257f190dac8d0) (TextureImporter) -> (artifact id: '775429c57a9820ed66a740ddc1d45f0e') in 0.001244 seconds
Start importing Assets/Art/External/KenneyUI/PNG/Grey/Double/slide_horizontal_color.png using Guid(053baed05a194284eb2a3d2cf3aecaed) (TextureImporter) -> (artifact id: '853ca9536bd6ab8faee328fc0dad91bc') in 0.0012904 seconds
Start importing Assets/Art/External/KenneyUI/PNG/Blue/Double/slide_horizontal_grey_section.png using Guid(052fc52c324eccb438dcc577d94256ae) (TextureImporter) -> (artifact id: '52ecbee57b99df3bc9d079472d285576') in 0.001107 seconds
Start importing Assets/Art/External/KenneyUI/PNG/Extra/Default/button_round_depth_line.png using Guid(152ee1cc435d6c3419a9c4c110ebcdaf) (TextureImporter) -> (artifact id: '56c992e1d2854b832a8ea14a682b5d4c') in 0.0013582 seconds
Start importing Assets/Art/External/KenneyUI/PNG/Red/Default/button_round_depth_flat.png using Guid(151f0438cf5bde44ca915c307080d9fd) (TextureImporter) -> (artifact id: '697f7d477873cd6accecd3fd932cad84') in 0.001155 seconds
Start importing Assets/Art/External/KenneyUI/PNG/Red/Double/button_round_depth_flat.png using Guid(15afcbdb19a98ea4481b4762455b590b) (TextureImporter) -> (artifact id: 'b2d7f51fe5e4718dce1b70b8c99e4d0a') in 0.0017214 seconds
Start importing Assets/Art/External/KenneyUI/PNG/Blue/Double/arrow_decorative_n_small.png using Guid(25c11defddc61a54187f0400fe1ea777) (TextureImporter) -> (artifact id: '133de8cf218db171c92604a45b8735b3') in 0.0014251 seconds
Start importing Assets/Art/External/KenneyUI/PNG/Blue/Double/icon_circle.png using Guid(25da338fc536d1e4fa01417d1749c82f) (TextureImporter) -> (artifact id: '23a6251a2a716d7229883dafd6eaba20') in 0.0011362 seconds
Start importing Assets/Art/External/KenneyUI/PNG/Green/Default/check_square_grey_cross.png using Guid(3505a69b850cdfd488d4c06975e61332) (TextureImporter) -> (artifact id: '75a9ca10f057bde49ad074d3f003b758') in 0.0010917 seconds
Start importing Assets/Art/External/KenneyUI/PNG/Green/Default/arrow_decorative_n_small.png using Guid(35d76305ea74c8a4d946a06a52fca219) (TextureImporter) -> (artifact id: '9f09a635aab7b7c24f16324f58ea32cf') in 0.0010833 seconds
Start importing Assets/Art/External/KenneyUI/PNG/Grey/Double/icon_cross.png using Guid(350d2a262f59ed14fb695b6c454870e6) (TextureImporter) -> (artifact id: '6da555bf6c9ce61af39c67b3563e3fa9') in 0.0010869 seconds
Start importing Assets/Art/External/KenneyUI/PNG/Yellow/Default/button_round_gloss.png using Guid(45e469387e27d1e438bac5031e77deb3) (TextureImporter) -> (artifact id: 'afd00d63726ef1453005e8aa78234955') in 0.0011622 seconds
Start importing Assets/Art/External/KenneyUI/PNG/Green/Double/button_rectangle_depth_border.png using Guid(4517fd693bfeb9c4780b7b4ee57899ce) (TextureImporter) -> (artifact id: '6855f65e4fad4a39e2c1d6a87650b76f') in 0.0018242 seconds
Start importing Assets/Art/External/KenneyUI/PNG/Grey/Double/check_round_round_circle.png using Guid(45b9c2d64b71a7d4e9163d58fc4593d3) (TextureImporter) -> (artifact id: '3a22588d2f3c7c03957d6944d3b80e30') in 0.0011899 seconds
Start importing Assets/Art/External/KenneyUI/PNG/Yellow/Default/arrow_basic_n.png using Guid(5588fa2474dd3c748ad17f1c30d72d83) (TextureImporter) -> (artifact id: '2b07b08184604808367cc8c0eeab157b') in 0.0010455 seconds
Start importing Assets/Art/External/KenneyUI/PNG/Yellow/Double/icon_checkmark.png using Guid(5549076e000873343861c281e19c71d8) (TextureImporter) -> (artifact id: '5345714a7271634442f012e06b7d9253') in 0.0010787 seconds
Start importing Assets/Art/External/KenneyUI/PNG/Red/Double/button_square_depth_line.png using Guid(750098247921e59469a2c07838bf20d5) (TextureImporter) -> (artifact id: '620df2d824043aaffc27370d5912915e') in 0.00125 seconds
Start importing Assets/Art/External/KenneyUI/PNG/Grey/Default/arrow_decorative_w_small.png using Guid(75c2bce18f1f87f4b818955824016bed) (TextureImporter) -> (artifact id: '179f718bea68114a089471c65437bff0') in 0.0011595 seconds
Start importing Assets/Art/External/KenneyUI/PNG/Green/Double/slide_horizontal_color.png using Guid(75c3ade3fd20a8d408b9f16d836b07d2) (TextureImporter) -> (artifact id: '6b78819af8d37a8a46e0d0b45d9e3629') in 0.0016417 seconds
Start importing Assets/Art/External/KenneyUI/PNG/Extra/Double/icon_play_dark.png using Guid(753408ebbaedf864fa9fa321b1e1f9b6) (TextureImporter) -> (artifact id: '3f164f300c9d8b1964297d3e6390edc7') in 0.0012506 seconds
Start importing Assets/Art/External/KenneyUI/PNG/Grey/Default/button_rectangle_depth_line.png using Guid(75d5e90e738978b4890b126f6497a3d7) (TextureImporter) -> (artifact id: 'cd7006b3a41c5ac0abe51d8000f3aba5') in 0.0013945 seconds
Start importing Assets/Art/External/KenneyUI/PNG/Yellow/Default/button_rectangle_flat.png using Guid(7548632f0a49e774392b6550d88271b2) (TextureImporter) -> (artifact id: '4e8c3f2bfc8f3bb0c9c4af6c2c117ecb') in 0.0013705 seconds
Start importing Assets/Art/External/KenneyUI/PNG/Grey/Double/arrow_decorative_s.png using Guid(852158dbe0d72804f83755706b4398c3) (TextureImporter) -> (artifact id: '68b58c7cecde0ca545b2fe341d3eb8fa') in 0.0012269 seconds
Start importing Assets/Art/External/KenneyUI/PNG/Green/Double/arrow_decorative_e_small.png using Guid(8586d0907f5cbe244a4ca266ad5c8b7b) (TextureImporter) -> (artifact id: '2f0225fe4710e1fa4938694c3ff72485') in 0.0012952 seconds
Start importing Assets/Art/External/KenneyUI/PNG/Red/Default/icon_outline_cross.png using Guid(8508bcaa66c0e4b43af75fc28d5b547b) (TextureImporter) -> (artifact id: 'fc0845a613b2d32f3b8427fe39ee5f65') in 0.0010793 seconds
Start importing Assets/Art/External/KenneyUI/PNG/Blue/Default/arrow_basic_e.png using Guid(856d007851e7dd84b9add5b3e782a03c) (TextureImporter) -> (artifact id: 'f25127d3d3c79d1629be4b3e40ca7e97') in 0.0011633 seconds
Start importing Assets/Art/External/KenneyUI/PNG/Green/Double/icon_checkmark.png using Guid(95aeeca5b9d250d45907fcf89cc06189) (TextureImporter) -> (artifact id: 'f9f814e939d0611ae8a87f8358d48cab') in 0.0011803 seconds
Start importing Assets/Art/External/KenneyUI/PNG/Blue/Default/button_square_line.png using Guid(a510a918352ac3f4d91eadf4bab1b016) (TextureImporter) -> (artifact id: 'eb2d05ff0b40414a139e1b1dce970506') in 0.0012323 seconds
Start importing Assets/Art/External/KenneyUI/PNG/Grey/Default/button_square_depth_flat.png using Guid(a560afad61510bc41a662352daf762d6) (TextureImporter) -> (artifact id: 'fb97db9dc2e080b72b714ca4dcd0d0f1') in 0.001289 seconds
Start importing Assets/Art/External/KenneyUI/PNG/Red/Default/button_rectangle_line.png using Guid(a53aad6fb38c74b4b9ac1f3922317d36) (TextureImporter) -> (artifact id: '80e955948b476811e2af5e03c0ea445f') in 0.0021703 seconds
Start importing Assets/Art/External/KenneyUI/PNG/Red/Double/button_rectangle_depth_flat.png using Guid(a54aa20dbc132e14485c3abd5a61515b) (TextureImporter) -> (artifact id: '2ce773c24745c8ca39d4797ce61b7845') in 0.0021062 seconds
Start importing Assets/Art/External/KenneyUI/PNG/Red/Default/button_round_gloss.png using Guid(a56abbb8490c21143b33bcfd190d90af) (TextureImporter) -> (artifact id: '36f8618aed96bc5b556ea3935d531aa7') in 0.0012437 seconds
Start importing Assets/Art/External/KenneyUI/PNG/Yellow/Double/button_round_gloss.png using Guid(a54d4bb79f033184fa958577d95722d6) (TextureImporter) -> (artifact id: '5623cde5ee47b01e6279ecf84556391d') in 0.0013092 seconds
Start importing Assets/Art/External/KenneyUI/PNG/Green/Default/slide_horizontal_grey_section.png using Guid(a56d66e425a489646a6c121f45348028) (TextureImporter) -> (artifact id: '326e6d897431533e48ce3b4e7c770704') in 0.0012537 seconds
Start importing Assets/Art/External/KenneyUI/PNG/Yellow/Default/button_square_gradient.png using Guid(a54e4d61da91d26449e63d3383a41ef1) (TextureImporter) -> (artifact id: '02fcbbb86b8b719b62994571436f09fe') in 0.0013445 seconds
Start importing Assets/Art/External/KenneyUI/PNG/Blue/Double/slide_vertical_grey.png using Guid(b5905ce884c585c46b4e8dc49c5d9e90) (TextureImporter) -> (artifact id: '41e278f533ce2d5bc0176d4bb9a60cf0') in 0.0013636 seconds
Start importing Assets/Art/External/KenneyUI/PNG/Grey/Default/slide_vertical_grey_section.png using Guid(b5a2e0805c8cefd4b920546b69f05fb6) (TextureImporter) -> (artifact id: 'd851fcf00930b026f32a516d64acc0e7') in 0.0011036 seconds
Start importing Packages/com.unity.multiplayer.center/Editor/MultiplayerCenterWindow/UI/Icons/NoNetcode@2x.png using Guid(b58a826ca804e4c67bab4283ad5a6102) (TextureImporter) -> (artifact id: '785ce5b5555697152d25bfd28b53a8c9') in 0.0015093 seconds
Start importing Assets/Art/External/KenneyUI/PNG/Yellow/Double/check_square_color_square.png using Guid(c52470781e5e3134e9b8a361b90da615) (TextureImporter) -> (artifact id: 'd90a8d7ece653b71904a7f23d3ba7e8c') in 0.0011313 seconds
Start importing Assets/Art/External/KenneyUI/PNG/Grey/Default/star_outline_depth.png using Guid(c527ffdf71ea5ba4a813366f15a7db72) (TextureImporter) -> (artifact id: 'ea38beab9458bfd487a24379fe52135e') in 0.00113 seconds
Start importing Assets/Art/External/KenneyUI/PNG/Blue/Double/arrow_basic_w_small.png using Guid(c5c7aadf773317c499f8e59c1e39e39a) (TextureImporter) -> (artifact id: '1d52c6051d2688cd72367eac8b6fcf54') in 0.001816 seconds
Start importing Assets/Art/External/KenneyUI/PNG/Green/Double/check_round_round_circle.png using Guid(d5e1a58545d39bc4b9ffd92c7f157c24) (TextureImporter) -> (artifact id: '833cb7465f0a971997e80c324282ffdb') in 0.0014558 seconds
Start importing Assets/Art/External/KenneyUI/PNG/Grey/Default/button_rectangle_line.png using Guid(d55456cf7cf5b734d9219e66464a8b59) (TextureImporter) -> (artifact id: '6b3a00fbcf2ea388d36f90f18395da2e') in 0.001541 seconds
Start importing Assets/Art/External/KenneyUI/PNG/Grey/Default/button_square_line.png using Guid(d5166b7a879b2264da95c0963a175978) (TextureImporter) -> (artifact id: 'b3908da8d93118149c3e623c90d2e97a') in 0.0011768 seconds
Start importing Assets/Art/External/KenneyUI/PNG/Yellow/Default/button_round_depth_border.png using Guid(d5b63232e4964974cb50160ace9c82fa) (TextureImporter) -> (artifact id: '662ccb86454c7d987a895ff778556f37') in 0.0012454 seconds
Start importing Assets/Art/External/KenneyUI/PNG/Red/Double/button_rectangle_border.png using Guid(d557af3ee7e2e6e459587de9cc2f016c) (TextureImporter) -> (artifact id: 'eb5dfb9de68df57e80077cce025b3961') in 0.0018984 seconds
Start importing Assets/Art/External/KenneyUI/PNG/Green/Double/arrow_basic_w.png using Guid(d55efdbc498e56c4da5f3522ed731507) (TextureImporter) -> (artifact id: '169a3016c7b925f0ff8d7c818ba3c257') in 0.0011021 seconds
Start importing Assets/Art/External/KenneyUI/PNG/Red/Double/button_round_depth_border.png using Guid(e5cae576db34e244eab5a7599d5604b1) (TextureImporter) -> (artifact id: '1e58b3ad59cd63aaca3fbaf73b782437') in 0.0012792 seconds
Start importing Assets/Art/External/KenneyUI/PNG/Green/Default/icon_cross.png using Guid(f5cf52f9afcf0ab4b95219aa4c266f83) (TextureImporter) -> (artifact id: 'ab8689991c454a6e15eb039923b396f2') in 0.0012721 seconds
Start importing Assets/Art/External/KenneyUI/PNG/Green/Double/arrow_decorative_n_small.png using Guid(06d1dd5d798ac3149b35ea82c0e64e99) (TextureImporter) -> (artifact id: '29f5bee9b8c6bcf90d512835b8b5778d') in 0.0012143 seconds
Start importing Assets/Art/External/KenneyUI/PNG/Blue/Double/button_square_depth_gloss.png using Guid(062863e82db587e409745c397032387c) (TextureImporter) -> (artifact id: '1f2864fb9c535fca9973b13927ff2b73') in 0.0014187 seconds
Start importing Assets/Art/External/KenneyUI/PNG/Grey/Default/button_square_depth_gloss.png using Guid(064a3f10c06d0e94da8703e1b3f20a7e) (TextureImporter) -> (artifact id: 'afe2db19483935b4748b5c016059bd7c') in 0.0016196 seconds
Start importing Assets/Art/External/KenneyUI/PNG/Green/Double/check_square_grey_square.png using Guid(16e5d195d197d4b40b0ac613a67b0500) (TextureImporter) -> (artifact id: 'a6112ace3bb139996f6197f5a9f55d13') in 0.001207 seconds
Start importing Assets/Art/External/KenneyUI/PNG/Yellow/Default/button_round_depth_line.png using Guid(16267b07804bd5e4b8ad7dcccdc8f581) (TextureImporter) -> (artifact id: '7a8844dfe336b6fe182805e5bab109cd') in 0.0012851 seconds
Start importing Assets/Art/External/KenneyUI/PNG/Red/Default/check_square_color.png using Guid(168641eb6d673864897d039be6d09b5a) (TextureImporter) -> (artifact id: 'bcc6b51ef39c37ddf07b943c5f923f91') in 0.0011826 seconds
Start importing Assets/Art/External/KenneyUI/PNG/Grey/Double/arrow_decorative_n.png using Guid(169c6910b21f5ee428b005392af95433) (TextureImporter) -> (artifact id: 'de2fb154d68134997e660509f51dc5bc') in 0.0011894 seconds
Start importing Assets/Art/External/KenneyUI/PNG/Grey/Default/arrow_basic_e_small.png using Guid(16ed1cadd258aa44ca70f0dcff880178) (TextureImporter) -> (artifact id: '6f1f84c18c6f3708c0cf556f7ad162be') in 0.0010833 seconds
Start importing Assets/Art/External/KenneyUI/PNG/Blue/Double/button_rectangle_gradient.png using Guid(26b416652a93c4c478d1eb391c6aa06e) (TextureImporter) -> (artifact id: 'd6cc9469169796824b6b7798b0abe32a') in 0.0019757 seconds
Start importing Assets/Art/External/KenneyUI/PNG/Grey/Double/slide_vertical_grey_section.png using Guid(2646538b5782555459ec4fac4443ea4b) (TextureImporter) -> (artifact id: 'd823b6bb2b2bdceca3eb6a424f9bb3d9') in 0.0010917 seconds
Start importing Assets/Art/External/KenneyUI/PNG/Grey/Double/button_square_depth_border.png using Guid(26188a34582c0d041bad22f02470ff95) (TextureImporter) -> (artifact id: 'a8af92ad6e0ba38f977947a24733a0f2') in 0.0012049 seconds
Start importing Assets/Art/External/KenneyUI/PNG/Grey/Default/arrow_decorative_s.png using Guid(268eeebafa9568847884b92d7162e20e) (TextureImporter) -> (artifact id: '54565949de154b557ca7dd81a97d685a') in 0.0012819 seconds
Start importing Assets/Art/External/KenneyUI/PNG/Red/Double/check_round_round_circle.png using Guid(3690927af0364c241b9274cfc78bb5d3) (TextureImporter) -> (artifact id: 'e0dd6e505ae2aaf9f9f8b27408ba6178') in 0.0011846 seconds
Start importing Assets/Art/External/KenneyUI/PNG/Extra/Double/button_rectangle_line.png using Guid(36821ccfffdeffd479e6116fdfbfdfb3) (TextureImporter) -> (artifact id: 'a24f8eac9397af5e70672c9e7683c2ba') in 0.002545 seconds
Start importing Assets/Art/External/KenneyUI/PNG/Grey/Default/button_rectangle_depth_gloss.png using Guid(36d94567c1d5602419c4a89aa51e67e7) (TextureImporter) -> (artifact id: '2512dcc02369b27eec3b64f1c0ebb77f') in 0.0015635 seconds
Start importing Assets/Art/External/KenneyUI/PNG/Yellow/Default/check_square_grey.png using Guid(365ca160bc4dcee419d4c83dc054675d) (TextureImporter) -> (artifact id: '26ae42c4214a9a91d453949306add637') in 0.0011437 seconds
Start importing Assets/Art/External/KenneyUI/PNG/Yellow/Default/button_rectangle_depth_flat.png using Guid(367ff005ada02d7498fc6684eaa374a5) (TextureImporter) -> (artifact id: '435ae6e799235163cbca60c1f91145d9') in 0.001385 seconds
Start importing Assets/Art/External/KenneyUI/PNG/Yellow/Double/arrow_basic_w_small.png using Guid(46d208e6b1118ec4c85e2c7676753653) (TextureImporter) -> (artifact id: 'c3827e794f68c56e83ec4ee5794323c5') in 0.0012319 seconds
Start importing Assets/Art/External/KenneyUI/PNG/Red/Double/button_square_depth_gradient.png using Guid(46d5f0123c5a952439c38946bef8a644) (TextureImporter) -> (artifact id: '55996f446a6f2a8c0b78d00c3a8fc35f') in 0.0013107 seconds
Start importing Assets/Art/External/KenneyUI/PNG/Yellow/Double/slide_vertical_color_section.png using Guid(46f5f8b27f535c647a802a11be221555) (TextureImporter) -> (artifact id: 'f4666b4ad13fc23181ed590642078fe3') in 0.0010433 seconds
Start importing Packages/com.unity.multiplayer.center/Editor/MultiplayerCenterWindow/UI/Icons/PackageInstalled.png using Guid(4616b2fa4acd1429e931835b80966c2a) (TextureImporter) -> (artifact id: 'f953ffe14af3ac89b2300b39ee9b30d8') in 0.0011283 seconds
Start importing Assets/Art/External/KenneyUI/PNG/Green/Default/button_rectangle_depth_border.png using Guid(5634c667e2f18f14aa35d18f60077199) (TextureImporter) -> (artifact id: '509f4f3104bbd50d2662d76b6b07d22e') in 0.0014389 seconds
Start importing Assets/Art/External/KenneyUI/PNG/Red/Default/button_round_depth_gloss.png using Guid(5696802cc6abb6b4abb80ee27422fb32) (TextureImporter) -> (artifact id: 'e1b208d2f9a30fc31c6eb07b4bca86e9') in 0.0011389 seconds
Start importing Assets/Art/External/KenneyUI/PNG/Green/Double/icon_circle.png using Guid(569ab008178fb4c48a9f941a1a59e1d0) (TextureImporter) -> (artifact id: '097e8ca70aeba3b33c8adf66a867d131') in 0.0011139 seconds
Start importing Assets/Art/External/KenneyUI/PNG/Grey/Double/button_round_depth_flat.png using Guid(565c2e9332e438a448178d9fa890baf6) (TextureImporter) -> (artifact id: '92b9b86661ad09e9930c6ecb1187fd0b') in 0.0016823 seconds
Start importing Assets/Art/External/KenneyUI/PNG/Blue/Double/check_square_color_checkmark.png using Guid(565dedc76b8eefa46b81bede963e307a) (TextureImporter) -> (artifact id: '5cc508a28ce805987a3eb20f2175c6e0') in 0.0015272 seconds
Start importing Assets/Art/External/KenneyUI/PNG/Blue/Default/button_rectangle_flat.png using Guid(56ef016c314ad94419e23e705e594ffc) (TextureImporter) -> (artifact id: '9611c97fe80ce1fa6f0e1e8169973de3') in 0.0014864 seconds
Start importing Assets/Art/External/KenneyUI/PNG/Green/Double/check_round_color.png using Guid(667b4973e04470848805383b8d3c0060) (TextureImporter) -> (artifact id: '721be90856a6fc4191edb2bb0d29fd28') in 0.0011276 seconds
Start importing Assets/Art/External/KenneyUI/PNG/Red/Default/icon_circle.png using Guid(76d16452b95d9b9419634bd1e100e331) (TextureImporter) -> (artifact id: 'c47595c011b4b009f55722633b4cedd7') in 0.0010899 seconds
Start importing Assets/Art/External/KenneyUI/PNG/Yellow/Default/check_square_color.png using Guid(76853c44490a4ec4d8f69ffa77ee782f) (TextureImporter) -> (artifact id: '3f3526beec13e4bd58872a32115f5a11') in 0.0011766 seconds
Start importing Assets/Art/External/KenneyUI/PNG/Green/Default/slide_horizontal_grey.png using Guid(764e74739b417b443b8cb0795cea6450) (TextureImporter) -> (artifact id: 'd006cf022b67b2e18c928c1359ba27a9') in 0.0011505 seconds
Start importing Assets/Art/External/KenneyUI/PNG/Grey/Double/check_square_grey_cross.png using Guid(86428607e25d54e4b893792aa76cd918) (TextureImporter) -> (artifact id: '2411ba02bb260efb6798d254bf28c100') in 0.0011904 seconds
Start importing Assets/Art/External/KenneyUI/PNG/Yellow/Default/button_square_depth_gradient.png using Guid(96907ca7555c6924db77041cbd506e8e) (TextureImporter) -> (artifact id: '9f0c24783dc02d9bda40e396857b8ac7') in 0.0012346 seconds
Start importing Assets/Art/External/KenneyUI/PNG/Red/Double/icon_cross.png using Guid(a686034b996014a478a808dc43ff2ae8) (TextureImporter) -> (artifact id: 'ae8019c218c1201b38f2c1f94e5a1752') in 0.0013788 seconds
Start importing Packages/com.unity.multiplayer.center/Editor/MultiplayerCenterWindow/UI/Icons/d_PackageManager@2x.png using Guid(a6fd0c627f5aa48fa81512221e70a11e) (TextureImporter) -> (artifact id: 'e9001c460963526b410198ba9306de3d') in 0.001296 seconds
Start importing Assets/Art/External/KenneyUI/PNG/Grey/Double/arrow_decorative_s_small.png using Guid(a63e6269a3f988244bca391570e41620) (TextureImporter) -> (artifact id: '8914db4302345319bda34e0a98549f95') in 0.0014932 seconds
Start importing Assets/Art/External/KenneyUI/PNG/Yellow/Double/slide_horizontal_grey_section.png using Guid(a68e7a6e020ea6c4f86d8222dc4a37f3) (TextureImporter) -> (artifact id: '440e138634f2f12f00c22ddeee2ff2ee') in 0.0014551 seconds
Start importing Assets/Art/External/KenneyUI/PNG/Yellow/Double/button_square_depth_line.png using Guid(b6a673b762da81049b7607a3f9f21f8e) (TextureImporter) -> (artifact id: 'fb24329e6e38e38417c4f3e81096d3d9') in 0.0015894 seconds
Start importing Assets/Art/External/KenneyUI/PNG/Green/Double/arrow_basic_s.png using Guid(b60dbaa22c5c399418615dd5250b13cf) (TextureImporter) -> (artifact id: '7b69ff8e01c19de04d2ed25043fbcf1a') in 0.0012796 seconds
Start importing Assets/Art/External/KenneyUI/PNG/Yellow/Double/button_square_depth_gloss.png using Guid(b6ce31fa2108b9843ac312865110ac97) (TextureImporter) -> (artifact id: '216139e73064c9c670c9cef4861148cd') in 0.001273 seconds
Start importing Assets/Art/External/KenneyUI/PNG/Red/Default/slide_horizontal_grey.png using Guid(c6619a0889c2dfa408f3b458842928ef) (TextureImporter) -> (artifact id: '5e9d44f748956960a9625029dcbc9097') in 0.0011687 seconds
Start importing Assets/Art/External/KenneyUI/PNG/Blue/Default/arrow_decorative_s_small.png using Guid(c68472eae0928ab4b8da77941ff9e88f) (TextureImporter) -> (artifact id: '7097df2a7ff4b519384e9d5be126d71f') in 0.0012289 seconds
Start importing Assets/Art/External/KenneyUI/PNG/Grey/Double/icon_circle.png using Guid(c62fb4c97d3b8a4449ad882d7365f19b) (TextureImporter) -> (artifact id: 'ae08bde99480e9a5c751900538bd3024') in 0.0011336 seconds
Start importing Packages/com.unity.multiplayer.center/Editor/MultiplayerCenterWindow/UI/Icons/DistributedAuthority.png using Guid(d63245ece6d8f476c8c7ca24da9937f6) (TextureImporter) -> (artifact id: '60855b6792017748733b63ab832d43cf') in 0.0012747 seconds
Start importing Assets/Art/External/KenneyUI/PNG/Blue/Double/star_outline.png using Guid(d654eee99cb01054f8d4b9f7b5c75a1d) (TextureImporter) -> (artifact id: 'ba17475ed0d608e2f796d58ff8907f53') in 0.0013205 seconds
Start importing Assets/Art/External/KenneyUI/PNG/Yellow/Double/slide_horizontal_color.png using Guid(d635a1fa3ee76774cb4eddfb243dcd91) (TextureImporter) -> (artifact id: 'cb0e3db94a15a43dc0e39722287b5fa9') in 0.0012423 seconds
Start importing Assets/Art/External/KenneyUI/PNG/Blue/Double/arrow_basic_s_small.png using Guid(d69692cd589d0cc4e97330e00e93a7a5) (TextureImporter) -> (artifact id: '4c6800c836c258e98d0e6224e102979c') in 0.0012451 seconds
Start importing Assets/Art/External/KenneyUI/PNG/Red/Double/arrow_basic_w.png using Guid(d6f85542efe187f4cbeaa4cd7280f5f9) (TextureImporter) -> (artifact id: '21be2ef137400c219ebd7daa8957017f') in 0.0014564 seconds
Start importing Assets/Art/External/KenneyUI/PNG/Grey/Default/check_square_color_checkmark.png using Guid(e649568c048768f4695befa9ce7df87a) (TextureImporter) -> (artifact id: '5ef1503478a0429cdf9e205721d0a4cd') in 0.0016222 seconds
Start importing Assets/Art/External/KenneyUI/PNG/Red/Default/button_square_border.png using Guid(e6caeb2ca17bbd849a1687a10ab2ac53) (TextureImporter) -> (artifact id: '0b87925b8508b38f138f1219be4aea97') in 0.0011376 seconds
Start importing Assets/Art/External/KenneyUI/PNG/Grey/Double/button_rectangle_gloss.png using Guid(f6319840dd4d0d948b4edc50153d9865) (TextureImporter) -> (artifact id: 'f3f6183da5ec265522f6ecaff8ebba9f') in 0.0018236 seconds
Start importing Assets/Art/External/KenneyUI/PNG/Green/Double/arrow_decorative_w_small.png using Guid(f632537e3f5391a41a6e7883dca2dd66) (TextureImporter) -> (artifact id: '43ba94bdde3fa3cc45d5c73bb39895ef') in 0.0012449 seconds
Start importing Assets/Art/External/KenneyUI/PNG/Grey/Default/button_round_depth_gloss.png using Guid(f6b88ee094b82704eae12caf9af548d6) (TextureImporter) -> (artifact id: '391ce96ec251b50d7fec09ea45520d29') in 0.0011847 seconds
Start importing Assets/Art/External/KenneyUI/PNG/Green/Default/arrow_basic_s_small.png using Guid(f66cde81261d1da43a8ea952c51fde4b) (TextureImporter) -> (artifact id: '7cce41407c4d62873dc14045002a96e4') in 0.001149 seconds
Start importing Assets/Art/External/KenneyUI/PNG/Grey/Double/icon_checkmark.png using Guid(07a33a298dd751040a3da9af285cd715) (TextureImporter) -> (artifact id: '3108a53ab75d5814cf2f162e780dd9b7') in 0.0012255 seconds
Start importing Assets/Art/External/KenneyUI/PNG/Yellow/Double/slide_vertical_color.png using Guid(0734703ded7f5834ca9a5624c36d0fd9) (TextureImporter) -> (artifact id: '9271e92a3643d71f36fec427372ad704') in 0.001437 seconds
Start importing Assets/Art/External/KenneyUI/PNG/Blue/Double/button_rectangle_gloss.png using Guid(077d45fa64cc20642908a4618d2e7646) (TextureImporter) -> (artifact id: '69b0e07ba44417b2a8261313e26fe1f9') in 0.0019909 seconds
Start importing Assets/Art/External/KenneyUI/PNG/Blue/Default/button_round_gloss.png using Guid(075f563e471ff3f4189801008f3d9339) (TextureImporter) -> (artifact id: 'fb70618ff6d7244b04e4facca33fcf15') in 0.0012655 seconds
Start importing Assets/Art/External/KenneyUI/PNG/Red/Double/button_rectangle_flat.png using Guid(17b3315d7603c1b48a9fdb91819ba228) (TextureImporter) -> (artifact id: 'c03196d5f17c5cde52e73a4e7cc543b8') in 0.0021556 seconds
Start importing Assets/Art/External/KenneyUI/PNG/Grey/Double/button_round_depth_gloss.png using Guid(176468aadcc4f0944a2cf85703b6e3f8) (TextureImporter) -> (artifact id: '4675fc7503e1b5edae904213556627d0') in 0.0015644 seconds
Start importing Assets/Art/External/KenneyUI/PNG/Red/Default/check_square_color_square.png using Guid(17945397d647c8d49a5c9f50bda3430d) (TextureImporter) -> (artifact id: '393daca2bebeec3c3852f3b68649c7c1') in 0.0013876 seconds
Start importing Assets/Art/External/KenneyUI/PNG/Blue/Default/arrow_basic_e_small.png using Guid(1726f2194fa95164e8ca3115382b965a) (TextureImporter) -> (artifact id: '429760b728739c29c6eaf16b830b5327') in 0.0013171 seconds
Start importing Assets/Art/External/KenneyUI/PNG/Grey/Default/slide_horizontal_color_section.png using Guid(17a6fa6357458944b9f18b81b3d09943) (TextureImporter) -> (artifact id: 'bf16ab4eb06ea210aa613bfd82ba409c') in 0.0011908 seconds
Start importing Assets/Art/External/KenneyUI/PNG/Green/Default/button_square_depth_flat.png using Guid(17671238ae45a7d48b4cf0a6460beaf7) (TextureImporter) -> (artifact id: '251058e24138a08f0fbab3cb674e673a') in 0.0013103 seconds
Start importing Assets/Art/External/KenneyUI/PNG/Yellow/Default/icon_outline_circle.png using Guid(179bd6188bbd9d64f8752f97fe9a8bc8) (TextureImporter) -> (artifact id: '34b9244ae9729bbd1c041208879997de') in 0.001602 seconds
Start importing Assets/Art/External/KenneyUI/PNG/Grey/Double/slide_vertical_grey.png using Guid(27a05998dfa3f1b4c8fbc8560f7b3cb0) (TextureImporter) -> (artifact id: '51927d2ac78714a92d990869ce57315e') in 0.0016157 seconds
Start importing Assets/Art/External/KenneyUI/PNG/Yellow/Double/button_rectangle_depth_flat.png using Guid(27226aa8eab231c4ba217516d4f12476) (TextureImporter) -> (artifact id: '9833e2e33da1662818a45f69a634d881') in 0.0020747 seconds
Start importing Assets/Art/External/KenneyUI/PNG/Yellow/Double/check_square_color_checkmark.png using Guid(2763fbc4f03e6c04780bce2be2a0ca47) (TextureImporter) -> (artifact id: '63f9799552d0ea0878962a227708eefe') in 0.0013492 seconds
Start importing Assets/Art/External/KenneyUI/PNG/Green/Double/button_rectangle_depth_gradient.png using Guid(277822b41e9468947a17f0f3d8c9deb5) (TextureImporter) -> (artifact id: 'c6f5b9087fe7891cb04e90298fe55a54') in 0.0024205 seconds
Start importing Assets/Art/External/KenneyUI/PNG/Blue/Double/button_square_line.png using Guid(3771447e2d77a744fa57890a8e045e7f) (TextureImporter) -> (artifact id: 'e69b4f9c05b3cae2b858eec2c0ce10dc') in 0.0015199 seconds
Start importing Assets/Art/External/KenneyUI/PNG/Blue/Double/check_round_grey.png using Guid(37c20ba6be06fe24fa535cbd95021352) (TextureImporter) -> (artifact id: 'fe724b61ed9e89bd5ffe277e93ca4111') in 0.0011739 seconds
Start importing Assets/Art/External/KenneyUI/PNG/Red/Default/icon_outline_square.png using Guid(372aff20312751540a076d54e576928b) (TextureImporter) -> (artifact id: '27bdc9bc51c413f8a5e216ed4af74b73') in 0.0011158 seconds
Start importing Assets/Art/External/KenneyUI/PNG/Grey/Default/check_square_color.png using Guid(37ab38713da6b4a478b4d9b95078c29a) (TextureImporter) -> (artifact id: '47adca6acd824ffee0e228f45ada6d49') in 0.0011909 seconds
Start importing Assets/Art/External/KenneyUI/PNG/Green/Default/button_square_line.png using Guid(4788b09e15a6f6c49a5c15760f0060dd) (TextureImporter) -> (artifact id: '1b0e8dff55dd658732b5175be3c322c6') in 0.0013901 seconds
Start importing Assets/Art/External/KenneyUI/PNG/Red/Double/button_round_flat.png using Guid(47a8553df3d50664f85c7a0765584d2a) (TextureImporter) -> (artifact id: '8637d8ff81c789eb817dd09846dc973a') in 0.0014197 seconds
Start importing Assets/Art/External/KenneyUI/PNG/Extra/Double/button_square_depth_line.png using Guid(47d9cba4bd5834d4d95beaadda39b312) (TextureImporter) -> (artifact id: 'f35d145d4e9ed4de93050c7347d0c491') in 0.0013141 seconds
Start importing Assets/Art/External/KenneyUI/PNG/Grey/Double/slide_horizontal_color_section.png using Guid(57d55a97c3386c54b9bb96c13a48c44c) (TextureImporter) -> (artifact id: '2605349b8782bb10422d5216da4ddf54') in 0.0012305 seconds
Start importing Assets/Art/External/KenneyUI/PNG/Green/Default/slide_horizontal_grey_section_wide.png using Guid(573def94501675947a78edcca221ff51) (TextureImporter) -> (artifact id: '985d3fe1d96da924b2f13b66b3af81d3') in 0.0011866 seconds
Start importing Assets/Art/External/KenneyUI/PNG/Blue/Default/check_square_grey_cross.png using Guid(6751fbf56b3a24c4685e8e8c0f8f975d) (TextureImporter) -> (artifact id: '3e91b97df38f8c5cbf610983e0bd7464') in 0.0015552 seconds
Start importing Assets/Art/External/KenneyUI/PNG/Red/Default/check_round_color.png using Guid(67ec9aa796b1d2245b60607362450581) (TextureImporter) -> (artifact id: '0ccfcb32378816b3bb385a0f4b8295d7') in 0.0016184 seconds
Start importing Assets/Art/External/KenneyUI/PNG/Green/Default/arrow_decorative_e_small.png using Guid(67ecdcf663b9e61499de2b8efe442e6d) (TextureImporter) -> (artifact id: '660e0a68bf06f01f27d50913da07d7a0') in 0.0011571 seconds
Start importing Assets/Art/External/KenneyUI/PNG/Red/Default/star_outline.png using Guid(677df597337e3b04791472102160a35f) (TextureImporter) -> (artifact id: '13299a3b2adb614ab757fceafd240274') in 0.0012895 seconds
Start importing Assets/Art/External/KenneyUI/PNG/Yellow/Default/arrow_basic_s.png using Guid(677efa72ef1392a4fb2b9c47392f2801) (TextureImporter) -> (artifact id: '53b4dc040ba6e58a13f8f181487524f6') in 0.0012457 seconds
Start importing Packages/com.unity.multiplayer.center/Editor/MultiplayerCenterWindow/UI/Icons/PackageManager.png using Guid(679f9999c6f8f497e806a2d5d0511879) (TextureImporter) -> (artifact id: '79c67e212e80165d422e7cb1a97c491d') in 0.0011141 seconds
Start importing Assets/Art/External/KenneyUI/PNG/Red/Double/slide_vertical_color.png using Guid(7723b40f067bdbb43b483c5c831bbb2b) (TextureImporter) -> (artifact id: '2dab868dc1a9ddc785357c1a8d998b24') in 0.0013498 seconds
Start importing Packages/com.unity.multiplayer.center/Editor/MultiplayerCenterWindow/UI/Icons/d_PackageInstalled.png using Guid(77be953cf28de42a4ad8532539fef3f5) (TextureImporter) -> (artifact id: 'f7c4ec65fde1cccfc3bc5a41ab9eae01') in 0.0012921 seconds
Start importing Assets/Art/External/KenneyUI/PNG/Yellow/Default/check_square_grey_square.png using Guid(87f8b1374d0a60c45881ab8f1cfc8d6e) (TextureImporter) -> (artifact id: 'd789cd390325b5b53f965773a4fb833c') in 0.0011197 seconds
Start importing Assets/Art/External/KenneyUI/PNG/Red/Default/check_square_color_checkmark.png using Guid(970113e13fdb46c4da0378885a2f021d) (TextureImporter) -> (artifact id: '6159d02e5612491477a5d2b5bb6063a8') in 0.0011749 seconds
Start importing Assets/Art/External/KenneyUI/PNG/Blue/Default/arrow_basic_s_small.png using Guid(976603edf595f5b4fb9a33b5601784f3) (TextureImporter) -> (artifact id: '305fc8ebb8317be3be52622ff328bbd9') in 0.0035018 seconds
Start importing Assets/Art/External/KenneyUI/PNG/Green/Double/star_outline.png using Guid(9778a8493c862ef48a91a64cd9e776ae) (TextureImporter) -> (artifact id: 'ad62dc98ff6dc01ea2e55e718d88318c') in 0.0016309 seconds
Start importing Assets/Art/External/KenneyUI/PNG/Red/Double/arrow_decorative_n.png using Guid(972acbf727a18c44683b1348368821e6) (TextureImporter) -> (artifact id: '95e101e8c0ec9db2ee6a6baba61018ef') in 0.0011723 seconds
Start importing Assets/Art/External/KenneyUI/PNG/Yellow/Double/button_rectangle_depth_gloss.png using Guid(977de9fd9fc763444bed013c850a8580) (TextureImporter) -> (artifact id: '611e801aed7bdc7f66b5a76239928447') in 0.0019068 seconds
Start importing Assets/Art/External/KenneyUI/PNG/Blue/Default/icon_cross.png using Guid(b7be28e000b41b94a82d93283f4760c4) (TextureImporter) -> (artifact id: '9ecfda11cd08572cc91d7d81718f3e4b') in 0.0015323 seconds
Start importing Assets/Art/External/KenneyUI/PNG/Grey/Default/check_square_color_square.png using Guid(b7fe4e44a082e1543bd4b9b38cc2b9c2) (TextureImporter) -> (artifact id: 'ac04dfe667ff1b559a5ddebcca0e4692') in 0.0012738 seconds
Start importing Assets/Art/External/KenneyUI/PNG/Green/Default/star_outline.png using Guid(c7721211f79912e4db9faa7047c5b177) (TextureImporter) -> (artifact id: '444ea3cd509e3a104f6c57275553c424') in 0.0013906 seconds
Start importing Packages/com.unity.multiplayer.center/Editor/MultiplayerCenterWindow/UI/Icons/ClientHosted@2x.png using Guid(c7a38e6eccbfc49778cb8b77f594a971) (TextureImporter) -> (artifact id: 'd47f3ea64ccc7aa62114bdc5c1fc2fe8') in 0.0014926 seconds
Start importing Packages/com.unity.multiplayer.center/Editor/MultiplayerCenterWindow/UI/Icons/CustomNetcode@2x.png using Guid(d7711b0cc806d430b8a95f1e33ec3649) (TextureImporter) -> (artifact id: 'b247aae070817e8c7e846bd0e87861ba') in 0.0014156 seconds
Start importing Assets/Art/External/KenneyUI/PNG/Red/Double/star.png using Guid(d7e2857be5acdab4fa0807dde0c9e646) (TextureImporter) -> (artifact id: '08eae909cde8a90c4154cbf46307983a') in 0.0015434 seconds
Start importing Assets/Art/External/KenneyUI/PNG/Extra/Default/divider_edges.png using Guid(d78961d14020f484fb0b3d31f2569b42) (TextureImporter) -> (artifact id: '2c0888c2477b38c56d265d886b5cd58b') in 0.0011077 seconds
Start importing Assets/Art/External/KenneyUI/PNG/Red/Double/arrow_decorative_w.png using Guid(d72a3b253a6f90f40a40764740ff2195) (TextureImporter) -> (artifact id: '98347a0e3f274ef7b7cc35aba9805438') in 0.0011806 seconds
Start importing Assets/Art/External/KenneyUI/PNG/Red/Default/slide_horizontal_grey_section.png using Guid(d7acd4cafd7e1f04d875e0c74022afa6) (TextureImporter) -> (artifact id: '1a29ed3eddce43aef5f631fa77b82d53') in 0.0012949 seconds
Start importing Assets/Art/External/KenneyUI/PNG/Blue/Default/check_square_grey_checkmark.png using Guid(d77d10a20c9c58d4ca776dd250e3c8c8) (TextureImporter) -> (artifact id: '00834ded939e69a4939d1ef35445ae58') in 0.0011481 seconds
Start importing Assets/Art/External/KenneyUI/PNG/Blue/Default/button_square_depth_gloss.png using Guid(d75e4b773eed35c478d19f4d03acbc07) (TextureImporter) -> (artifact id: 'afe9708ffcf22dcf82c0a9e60cd0c92c') in 0.0011729 seconds
Start importing Assets/Art/External/KenneyUI/PNG/Yellow/Double/icon_circle.png using Guid(e782b51e273e5e6419e37aded81a86d3) (TextureImporter) -> (artifact id: '5e1a206110a9585664ebce0598ca74dc') in 0.0011908 seconds
Start importing Assets/Art/External/KenneyUI/PNG/Red/Default/arrow_basic_s.png using Guid(e7555ea80ef52cd45981cad047481463) (TextureImporter) -> (artifact id: 'cb657edf6dac684bcb6af61d1220854d') in 0.0011537 seconds
Start importing Assets/Art/External/KenneyUI/PNG/Blue/Default/icon_outline_square.png using Guid(e7464ed6925da22429c784b31e7e6986) (TextureImporter) -> (artifact id: 'a57cb120309d7fb678bc5465280636f5') in 0.0011198 seconds
Start importing Assets/Art/External/KenneyUI/PNG/Blue/Default/check_round_color.png using Guid(e769be86d3cc60e4d9506b133da2a627) (TextureImporter) -> (artifact id: '2b463a589a848bdd88fc6ae690595e19') in 0.0011531 seconds
Start importing Assets/Art/External/KenneyUI/PNG/Grey/Default/slide_horizontal_color_section_wide.png using Guid(e7cb9bacb4f35f94c873551cd438d084) (TextureImporter) -> (artifact id: '604aaedc5297c739f57c0a7b4e3755f7') in 0.0012991 seconds
Start importing Assets/Art/External/KenneyUI/PNG/Blue/Default/button_square_depth_gradient.png using Guid(e72cb74e2d420df4c93c7cad4161c831) (TextureImporter) -> (artifact id: 'c5c57cdeb57cdd9b872d7664863e3b00') in 0.0012417 seconds
Start importing Assets/Art/External/KenneyUI/PNG/Green/Default/star.png using Guid(e75d886f64afdbb4994d750dbe51b049) (TextureImporter) -> (artifact id: '5c737f578cd6891f717f5cedccbbac8e') in 0.0012703 seconds
Start importing Assets/Art/External/KenneyUI/PNG/Blue/Default/arrow_basic_w_small.png using Guid(e7dfc0f7a1e2ea9488951f7a226820d7) (TextureImporter) -> (artifact id: 'bcf854a57f7348a5cc5da55dafc888f2') in 0.0010881 seconds
Start importing Assets/Art/External/KenneyUI/PNG/Green/Double/button_rectangle_gloss.png using Guid(f71ae7b9b6bd4fa4faec78b3004071ac) (TextureImporter) -> (artifact id: '7f01f0081aa5291b250ac2f88b27973a') in 0.0024152 seconds
Start importing Assets/Art/External/KenneyUI/PNG/Yellow/Default/check_square_color_square.png using Guid(081083282f4f9b94eb17d7063eff342f) (TextureImporter) -> (artifact id: '40cd99f4f71c36883f621ea47ce83d12') in 0.0012404 seconds
Start importing Assets/Art/External/KenneyUI/PNG/Red/Double/slide_horizontal_grey_section.png using Guid(08b4e4f46a0c3724587c2a0d0a23e789) (TextureImporter) -> (artifact id: 'eed6b164ec223a9d004f2f495363df50') in 0.0012348 seconds
Start importing Assets/Art/External/KenneyUI/PNG/Grey/Double/button_rectangle_depth_line.png using Guid(083d03c692d5a8a49a914c9b5d522640) (TextureImporter) -> (artifact id: '500d81b379cc3aa86c58069db92459bc') in 0.0022218 seconds
Start importing Assets/Art/External/KenneyUI/PNG/Grey/Default/slide_vertical_color.png using Guid(088f86ecb79b1444a9daea2155713db3) (TextureImporter) -> (artifact id: 'cba454a4cdb1608486f9233bb2bb7462') in 0.0015837 seconds
Start importing Assets/Art/External/KenneyUI/PNG/Grey/Default/slide_horizontal_grey_section_wide.png using Guid(1801db1b7c495b549803ddffc72dceb4) (TextureImporter) -> (artifact id: '11ba2b91f0c159cbfc240354d4c59d98') in 0.0013085 seconds
Start importing Assets/Art/External/KenneyUI/PNG/Green/Default/button_round_flat.png using Guid(1882e1456b105d643b9bec0c3463e0c8) (TextureImporter) -> (artifact id: '4facb6fb62864f6676a3caf028015a76') in 0.0013486 seconds
Start importing Assets/Art/External/KenneyUI/PNG/Grey/Double/button_rectangle_line.png using Guid(18a8fee3ae9eff24483a8e7452a66725) (TextureImporter) -> (artifact id: '5053a6abc35fd182462dc138075e312c') in 0.002088 seconds
Start importing Assets/Art/External/KenneyUI/PNG/Yellow/Default/check_square_grey_cross.png using Guid(18e887130b3a16f439287190cda9be39) (TextureImporter) -> (artifact id: 'bdfab9f7f1fe973dce70346691993604') in 0.0011833 seconds
Start importing Assets/Art/External/KenneyUI/PNG/Grey/Double/button_square_gradient.png using Guid(185c7f6ff924c394db20c177b7a396cb) (TextureImporter) -> (artifact id: '0636a9ff0259f532d0f6bc27f95b714f') in 0.0014518 seconds
Start importing Assets/Art/External/KenneyUI/PNG/Green/Double/slide_vertical_grey_section_wide.png using Guid(28bdac0d4a6ff2c46a169f15033e1db3) (TextureImporter) -> (artifact id: '12069cbe7279ac4eb1c0a60841a268e0') in 0.0018004 seconds
Start importing Assets/Art/External/KenneyUI/PNG/Extra/Default/button_rectangle_depth_line.png using Guid(38353857776823b42b5cfc533309fd8d) (TextureImporter) -> (artifact id: 'a417421f0fee47d0fc748ce6ffb9a310') in 0.0016301 seconds
Start importing Packages/com.unity.multiplayer.center/Editor/MultiplayerCenterWindow/UI/Icons/DedicatedServer@2x.png using Guid(38b78df4a34c94fa6a52c90239606ff1) (TextureImporter) -> (artifact id: '7fb30b5373a1e6f98523a966074ae170') in 0.0016011 seconds
Start importing Assets/Art/External/KenneyUI/PNG/Yellow/Default/arrow_decorative_w.png using Guid(388a6d88f58606f4b84306b28cf6dd87) (TextureImporter) -> (artifact id: '619f710f47f9483290d2e26d0abc2c35') in 0.0011626 seconds
Start importing Assets/Art/External/KenneyUI/PNG/Yellow/Double/slide_horizontal_color_section_wide.png using Guid(48e7e786d84d42b4bb8e7df517038c43) (TextureImporter) -> (artifact id: '38401ae3c51b2546795eaca2246ad82b') in 0.0010966 seconds
Start importing Assets/Art/External/KenneyUI/PNG/Yellow/Default/star_outline_depth.png using Guid(487829e835b59e54cbdc895d6eb18da5) (TextureImporter) -> (artifact id: '343ab082c46838c912fcee7acf99c3ee') in 0.0011574 seconds
Start importing Assets/Art/External/KenneyUI/PNG/Blue/Double/slide_vertical_color.png using Guid(48e8f90cf7fad6c4c891d8d60d7207ca) (TextureImporter) -> (artifact id: 'eb73703ec5747c0a458086fb81335206') in 0.0012798 seconds
Start importing Assets/Art/External/KenneyUI/PNG/Yellow/Default/slide_horizontal_grey_section.png using Guid(484ccea28438f75449301142124e998f) (TextureImporter) -> (artifact id: 'dc203250394b1e587bb727c8de8fd6d3') in 0.0011236 seconds
Start importing Assets/Art/External/KenneyUI/PNG/Red/Default/check_square_color_cross.png using Guid(58072467f832dec429efa5bec756d8a0) (TextureImporter) -> (artifact id: 'a3c96bf325e9117acf2c32b9bbf3f467') in 0.0011126 seconds
Start importing Assets/Art/External/KenneyUI/PNG/Yellow/Double/button_square_depth_flat.png using Guid(58b883d3523eb0f47a48764bdf414a4d) (TextureImporter) -> (artifact id: '91c723d1ca76e00f76a7779485185f3b') in 0.0013661 seconds
Start importing Assets/Art/External/KenneyUI/PNG/Yellow/Double/button_round_border.png using Guid(588d72b2409c7bf46951b76a0071f974) (TextureImporter) -> (artifact id: '40a4f05f46aee21f3c2d3f9f245820e5') in 0.0014527 seconds
Start importing Assets/Art/External/KenneyUI/PNG/Grey/Double/icon_outline_square.png using Guid(689005d16fb8a5442bacab5f2dc31ef9) (TextureImporter) -> (artifact id: '8cca598d2b33b6f1b01b1c07c8a98ba9') in 0.0014453 seconds
Start importing Assets/Art/External/KenneyUI/PNG/Red/Double/button_rectangle_line.png using Guid(68d39889ee8359f4b80ca2d348e56958) (TextureImporter) -> (artifact id: '421db9cd220d95c8d8bf2ec7a7f50ca6') in 0.0023071 seconds
Start importing Assets/Art/External/KenneyUI/PNG/Green/Double/check_square_grey_checkmark.png using Guid(68a40e653e9690f40aba687707fd600b) (TextureImporter) -> (artifact id: '5f0aa4a692437e60a43da528d5eda1ae') in 0.001321 seconds
Start importing Assets/Art/External/KenneyUI/PNG/Yellow/Double/arrow_basic_n_small.png using Guid(687a26aeab5b14d4b9f453274e24b43e) (TextureImporter) -> (artifact id: 'aa2d802cc3ff9caa48e00f6c7d37d0e1') in 0.0012284 seconds
Start importing Assets/Art/External/KenneyUI/PNG/Green/Default/button_rectangle_depth_gradient.png using Guid(78101a66dd230334db79f339adcb3fa3) (TextureImporter) -> (artifact id: '36b7eedbb1ba74fc60cdf46bf46a7755') in 0.0013872 seconds
Start importing Assets/Art/External/KenneyUI/PNG/Green/Default/button_rectangle_line.png using Guid(782371979074f394b99fc1a596846df8) (TextureImporter) -> (artifact id: '364fab4db7b6d6938cbda2dcdee91339') in 0.0015506 seconds
Start importing Assets/Art/External/KenneyUI/PNG/Blue/Double/button_rectangle_flat.png using Guid(8805eabd3494c3841908b83790e4c808) (TextureImporter) -> (artifact id: 'e3dd7553af36d2ea98c00641a0b9cee4') in 0.001864 seconds
Start importing Assets/Art/External/KenneyUI/PNG/Green/Double/slide_horizontal_color_section_wide.png using Guid(9818aea26148d9e4481e09a6a1fe790e) (TextureImporter) -> (artifact id: '0b4219e00337187388ae06686d82ba22') in 0.0013049 seconds
Start importing Assets/Art/External/KenneyUI/PNG/Red/Double/slide_vertical_grey_section.png using Guid(98386bf9945d9bd48bbb9ebe477608bc) (TextureImporter) -> (artifact id: '1fb6ca944ab2c08c76efd058483392a1') in 0.0012683 seconds
Start importing Assets/Art/External/KenneyUI/PNG/Green/Default/slide_vertical_color_section_wide.png using Guid(98ba6f869055ac04fb799d79181693c5) (TextureImporter) -> (artifact id: '4ca9babf939ef5a7519b0481846055d0') in 0.0012494 seconds
Start importing Assets/Art/External/KenneyUI/PNG/Green/Double/arrow_basic_w_small.png using Guid(a8b678336a9c76e48b0f11514a89d43d) (TextureImporter) -> (artifact id: '9632ba23e80e469bba0cc51a81451522') in 0.0018812 seconds
Start importing Assets/Art/External/KenneyUI/PNG/Green/Double/button_square_depth_border.png using Guid(b861a25a67f038d4199e36849a425198) (TextureImporter) -> (artifact id: 'c022726a4a15e4978c875933911eb55f') in 0.0016326 seconds
Start importing Assets/Art/External/KenneyUI/PNG/Red/Double/button_square_border.png using Guid(b8d2d07e9a677a1448b199c301f924a9) (TextureImporter) -> (artifact id: '4e7a8591d21758c551721e63df26400c') in 0.0013503 seconds
Start importing Assets/Art/External/KenneyUI/PNG/Yellow/Double/arrow_decorative_w.png using Guid(b8cb2f4999258704998912d417b428a3) (TextureImporter) -> (artifact id: '1b06bc3514bcf177633215a5220d67ca') in 0.0011596 seconds
Start importing Assets/Art/External/KenneyUI/PNG/Yellow/Double/button_round_depth_border.png using Guid(c83b93a12fb8ed34c811d88b9602053b) (TextureImporter) -> (artifact id: '0daa5eefe1a48e76a7b99454688e751b') in 0.0012867 seconds
Start importing Assets/Art/External/KenneyUI/PNG/Yellow/Double/button_rectangle_line.png using Guid(c81e5cc8cc263fc4bb6476770cf56f23) (TextureImporter) -> (artifact id: 'd392b08e76975f9580bce92f27e2f72d') in 0.0019507 seconds
Start importing Assets/Art/External/KenneyUI/PNG/Red/Double/slide_vertical_color_section.png using Guid(c83f7861e5461a9459ce163fe4920ce5) (TextureImporter) -> (artifact id: 'fceab891a6d36f93e83b2bb8b4584272') in 0.0011471 seconds
Start importing Assets/Art/External/KenneyUI/PNG/Blue/Default/arrow_decorative_n.png using Guid(d8a29399c64508e4bbf1a0c3d06ee3e5) (TextureImporter) -> (artifact id: 'e9f4df0a66a5f180107edb3d4070e787') in 0.0012297 seconds
Start importing Assets/Art/External/KenneyUI/PNG/Red/Double/slide_horizontal_color_section_wide.png using Guid(d834fc41f525f73458dfdbb452fd68a2) (TextureImporter) -> (artifact id: '9a6f5f41b8b2b719b5442ee8449ddf7b') in 0.0011169 seconds
Start importing Assets/Art/External/KenneyUI/PNG/Yellow/Default/icon_checkmark.png using Guid(d8f4621226c52a24f9885ca2dee30a3d) (TextureImporter) -> (artifact id: 'e1bd750e580b33bc5e1d57f36e132b1b') in 0.0010979 seconds
Start importing Assets/Art/External/KenneyUI/PNG/Yellow/Default/button_rectangle_line.png using Guid(e8309f511f4a8454db384a4350378f39) (TextureImporter) -> (artifact id: '2da3f7a4af08e0a6e5b71d93fdcacf31') in 0.0017425 seconds
Start importing Assets/Art/External/KenneyUI/PNG/Yellow/Default/slide_vertical_grey.png using Guid(e801a5c6e52d18f45a5227136402780a) (TextureImporter) -> (artifact id: 'ae06b977d18f67254ce5df30ac171bc3') in 0.0021151 seconds
Start importing Assets/Resources/Art/diceresult.png using Guid(e8754cbaa080b5b418e48f1109b532d9) (TextureImporter) -> (artifact id: '13882aad81bffa350a79f9811c2615ac') in 0.0015843 seconds
Start importing Assets/Art/External/KenneyUI/PNG/Green/Default/slide_horizontal_color_section_wide.png using Guid(e847909e1c864ef40b4b399f5dbdbffc) (TextureImporter) -> (artifact id: '509c8d3d6b65b594a492398d772d8c1b') in 0.0013055 seconds
Start importing Assets/Art/External/KenneyUI/PNG/Extra/Default/icon_play_outline.png using Guid(e8aa1ae82b207ff49b9d8211990ab00a) (TextureImporter) -> (artifact id: 'ad63a5886bd90998a1bcb2a997a5b8e2') in 0.0010572 seconds
Start importing Assets/Art/External/KenneyUI/PNG/Red/Default/check_square_grey_cross.png using Guid(e82b9ffb00f9a8f4e920058f5ca2a29f) (TextureImporter) -> (artifact id: 'eda351ea164c2f99cf195893009d8da1') in 0.0010221 seconds
Start importing Assets/Art/External/KenneyUI/PNG/Yellow/Double/slide_horizontal_grey.png using Guid(093658bb688dcda408a874b810fcaa6f) (TextureImporter) -> (artifact id: '7080581cf61add1557b306268b73fc26') in 0.0012832 seconds
Start importing Assets/Art/External/KenneyUI/PNG/Red/Default/button_square_line.png using Guid(09e65908c91e6ad42b82c8b09e7ac3be) (TextureImporter) -> (artifact id: 'aeaee4a064681be465de4512da025140') in 0.0012345 seconds
Start importing Assets/Art/External/KenneyUI/PNG/Extra/Double/button_round_depth_line.png using Guid(090ccd8ecabca564b87ecfd2b87882a7) (TextureImporter) -> (artifact id: '9a60f61cb5d1a3e4fbcd5b5c27536541') in 0.0012807 seconds
Start importing Assets/Art/External/KenneyUI/PNG/Grey/Double/star_outline.png using Guid(19ca4a85ca763024bb11131183a1783e) (TextureImporter) -> (artifact id: '3d3beddc19c5bec8922aecd988292edf') in 0.0013196 seconds
Start importing Assets/Art/External/KenneyUI/PNG/Blue/Default/slide_horizontal_color.png using Guid(196dc8720225a344ca3415db1b72fdad) (TextureImporter) -> (artifact id: '117fabd8946b4297b594537210cbe99d') in 0.0010973 seconds
Start importing Assets/Art/External/KenneyUI/PNG/Extra/Default/icon_play_dark.png using Guid(2900e077fcd43054fae76f7167bf191f) (TextureImporter) -> (artifact id: '4acacc35ab8da6d3f6e391518f8af611') in 0.0012422 seconds
Start importing Assets/Art/External/KenneyUI/PNG/Red/Double/arrow_basic_s.png using Guid(2980c1273df6fb44cb4ea4374525cd26) (TextureImporter) -> (artifact id: '5a17478d7061f757b36c60da0a764657') in 0.00185 seconds
Start importing Assets/Art/External/KenneyUI/PNG/Extra/Default/icon_arrow_up_dark.png using Guid(29c06d47263c9c54c989759129c340e4) (TextureImporter) -> (artifact id: 'ddb6b618602f707aae58bff5e5bb08ed') in 0.0015074 seconds
Start importing Assets/Art/External/KenneyUI/PNG/Red/Double/button_rectangle_depth_gradient.png using Guid(29960e5aab6407440bc5e5d86d6823d2) (TextureImporter) -> (artifact id: 'da52d652234e409b9203b597a1cd973d') in 0.0020761 seconds
Start importing Assets/Art/External/KenneyUI/PNG/Green/Double/slide_vertical_color.png using Guid(291b483098a254042956771761d2235e) (TextureImporter) -> (artifact id: '2401353d76fcfe166f1e97ab7fd22164') in 0.0012708 seconds
Start importing Assets/Art/External/KenneyUI/PNG/Red/Double/check_square_grey_checkmark.png using Guid(296dda43c3c07494ba8352a22cd5fff0) (TextureImporter) -> (artifact id: '876a1ce2b7602dc69f92b7bb0bebd44c') in 0.0012264 seconds
Start importing Assets/Art/External/KenneyUI/PNG/Grey/Double/arrow_basic_w.png using Guid(297d467b6d4f39b4baac2b12a31e16b6) (TextureImporter) -> (artifact id: '99df96464db78d6dc7458ac8b48f535c') in 0.0011853 seconds
Start importing Assets/Art/External/KenneyUI/PNG/Red/Double/button_round_depth_gradient.png using Guid(39b34db6b99da2e41ada8a26b50e5749) (TextureImporter) -> (artifact id: '7900a3bceb63164a5b9a8cb647c56fc7') in 0.0014135 seconds
Start importing Assets/Art/External/KenneyUI/PNG/Extra/Double/icon_arrow_up_dark.png using Guid(39747c38f5ecb924c96d9264e1a3aac5) (TextureImporter) -> (artifact id: 'e17372e7f90e96c5f826b111e7cb8d1d') in 0.0012869 seconds
Start importing Assets/Art/External/KenneyUI/PNG/Extra/Default/input_outline_square.png using Guid(3915514497e2ab248b21abcbe116de00) (TextureImporter) -> (artifact id: '3dfe0f695279cb46f1b94703e44152da') in 0.0012592 seconds
Start importing Assets/Art/External/KenneyUI/PNG/Green/Double/button_rectangle_flat.png using Guid(39350e8c99ed8d445868513354aba944) (TextureImporter) -> (artifact id: 'a8a7907e0112e6da49ca15d292924df1') in 0.0019382 seconds
Start importing Assets/Art/External/KenneyUI/PNG/Red/Default/check_square_grey_square.png using Guid(39cad8f13f31f8240a0d7b4b76156f53) (TextureImporter) -> (artifact id: '6ba5d8de8451b50d77f5776160cefe53') in 0.0012001 seconds
Start importing Assets/Art/External/KenneyUI/PNG/Yellow/Default/button_round_line.png using Guid(39fa1bb6227b14b4292b0df5a7dcd950) (TextureImporter) -> (artifact id: 'bef6600aa19798df5dfa7bb00be92f56') in 0.001542 seconds
Start importing Assets/Art/External/KenneyUI/PNG/Red/Double/arrow_basic_s_small.png using Guid(4940b90724f148c4e8e6ff41aa19b948) (TextureImporter) -> (artifact id: '31033b6643b0f15a02f3318112991b51') in 0.0012733 seconds
Start importing Assets/Art/External/KenneyUI/PNG/Grey/Double/button_rectangle_flat.png using Guid(4931e4cd340d102409bc354cc825dddf) (TextureImporter) -> (artifact id: '7c01a70ae6b16d770508b0b94b2bb999') in 0.0019459 seconds
Start importing Assets/Art/External/KenneyUI/PNG/Red/Double/slide_horizontal_grey_section_wide.png using Guid(49a75524328c70843b867b560c8c6a43) (TextureImporter) -> (artifact id: '678bc9f31f288a30cf3cbabcf0f65e48') in 0.0013834 seconds
Start importing Assets/Art/External/KenneyUI/PNG/Blue/Default/button_rectangle_gloss.png using Guid(49685e6d99fd9c548a3b0f41839582a3) (TextureImporter) -> (artifact id: 'cca94926a0331c4e0cf1f49dd1f1ff68') in 0.0015397 seconds
Start importing Assets/Art/External/KenneyUI/PNG/Blue/Double/star_outline_depth.png using Guid(498e73bc640e3494d9f2b30ad505b58b) (TextureImporter) -> (artifact id: '33dd8d995ff5b6d1821f7b33b6d4bb08') in 0.0016182 seconds
Start importing Assets/Art/External/KenneyUI/PNG/Blue/Double/check_square_grey.png using Guid(5931856894303414895ae6cbc37796c7) (TextureImporter) -> (artifact id: '413d9afec7053a3df7e410bcce6f35d4') in 0.001475 seconds
Start importing Assets/Art/External/KenneyUI/PNG/Red/Default/button_rectangle_gloss.png using Guid(5951be103c31d3444b0097851377b6c9) (TextureImporter) -> (artifact id: '8152ef84d50d429ce8068fcb4bfb48a4') in 0.001468 seconds
Start importing Assets/Art/External/KenneyUI/PNG/Grey/Default/button_round_depth_gradient.png using Guid(59f38ca05e03e234ea81bfc648015fc2) (TextureImporter) -> (artifact id: '9ab61601e653fc4bc8f1da95a4628bfa') in 0.001335 seconds
Start importing Assets/Art/External/KenneyUI/PNG/Grey/Default/button_rectangle_depth_gradient.png using Guid(69460b618c8d2104e949e2c1005abbeb) (TextureImporter) -> (artifact id: 'b39bc9218927d22202c47b36d345aa4c') in 0.0018513 seconds
Start importing Assets/Art/External/KenneyUI/PNG/Grey/Double/slide_horizontal_grey.png using Guid(6999a6a2fec2e794c8afe3cdbf41ace7) (TextureImporter) -> (artifact id: '16cd480fb265b23a4a7c191af7e8e739') in 0.0019534 seconds
Start importing Assets/Art/External/KenneyUI/PNG/Blue/Default/check_round_grey.png using Guid(69ec31607e79b5544ab2f9e83681be5d) (TextureImporter) -> (artifact id: 'c28d6c4bb78c65ffbe2fb5746e3adc83') in 0.0012355 seconds
Start importing Assets/Art/External/KenneyUI/PNG/Grey/Default/check_round_color.png using Guid(696e40edd82515f458cd56dcca9fd85e) (TextureImporter) -> (artifact id: '3f75e972d9c08d4c78b31e5e0d404825') in 0.0012526 seconds
Start importing Assets/Art/External/KenneyUI/PNG/Green/Double/button_round_line.png using Guid(7990da7c633f9d641b6a1649cbe26203) (TextureImporter) -> (artifact id: '90e34220d63e4f4450daac344956f50d') in 0.0014534 seconds
Start importing Assets/Art/External/KenneyUI/PNG/Green/Double/button_square_depth_gloss.png using Guid(794357d30742b654d8dd825080e9a9f2) (TextureImporter) -> (artifact id: '9bb448eb1bfd5f3d92c7e396933c6363') in 0.0015847 seconds
Start importing Assets/Art/External/KenneyUI/PNG/Yellow/Default/arrow_basic_n_small.png using Guid(791b69e3734582a48940a981f4dccf3f) (TextureImporter) -> (artifact id: 'bb8eff2720d48cf68702e8a496856087') in 0.0012488 seconds
Start importing Assets/Art/External/KenneyUI/PNG/Blue/Double/button_round_depth_flat.png using Guid(89c857c2101489c41bf51d8757d85c27) (TextureImporter) -> (artifact id: '00f4d0cbc001fa18975b0768b0e49467') in 0.0014692 seconds
Start importing Assets/Art/External/KenneyUI/PNG/Green/Double/button_square_depth_gradient.png using Guid(89cb0e3cec1e2b244862d58e87cbf234) (TextureImporter) -> (artifact id: '89c9923bfbcbb9e089d51d663adbbaad') in 0.0014655 seconds
Start importing Assets/Art/External/KenneyUI/PNG/Green/Double/check_square_color_square.png using Guid(890f780981522c24e8584ebe7c534b53) (TextureImporter) -> (artifact id: '64555707070893b0886256f3784cab30') in 0.001483 seconds
Start importing Assets/Art/External/KenneyUI/PNG/Blue/Double/check_square_grey_cross.png using Guid(99a1275bb3cc24a4eb5ad3ddc61d707e) (TextureImporter) -> (artifact id: 'e3a70baf8073a0d07f2efb956a2f3d83') in 0.0015099 seconds
Start importing Assets/Art/External/KenneyUI/PNG/Blue/Double/check_round_round_circle.png using Guid(99b27122cc57ad34baa12723dcb8fcf4) (TextureImporter) -> (artifact id: '7bab21e9077c3d5052727998e539e041') in 0.0014937 seconds
Start importing Assets/Art/External/KenneyUI/PNG/Grey/Default/slide_vertical_grey.png using Guid(99f2317b0e58b674bb9ad6ac3758b9c1) (TextureImporter) -> (artifact id: 'c1f6c30244f0d6eb8159c1959393079f') in 0.0012937 seconds
Start importing Packages/com.unity.multiplayer.center/Editor/MultiplayerCenterWindow/UI/Icons/NGO.png using Guid(99da7b3894f364efdb5fa1443952a55d) (TextureImporter) -> (artifact id: '14fbd9091c512f48d8ef370094458263') in 0.0012645 seconds
Start importing Assets/Art/External/KenneyUI/PNG/Blue/Default/button_round_depth_flat.png using Guid(a9b3169fd95fc69478860b3022818602) (TextureImporter) -> (artifact id: 'bf512a1b75db8963f6438038f19a0c3b') in 0.0011731 seconds
Start importing Assets/Art/External/KenneyUI/PNG/Red/Default/arrow_decorative_n_small.png using Guid(b970b2db4ec111143b75564d53ad2b97) (TextureImporter) -> (artifact id: '3f7399223f7d9df60ad6712c68927898') in 0.0012681 seconds
Start importing Assets/Art/External/KenneyUI/PNG/Grey/Double/star_outline_depth.png using Guid(b9a479551f41cde4bbb8722582d88ce3) (TextureImporter) -> (artifact id: '4c0274029cb39cf103a2a4528b622b89') in 0.0014316 seconds
Start importing Assets/Art/External/KenneyUI/PNG/Green/Double/slide_horizontal_grey_section_wide.png using Guid(b9d4557649221e54eb59284c596b2081) (TextureImporter) -> (artifact id: 'c5ff3c7b9b2e53e50bf51bdd59ad0149') in 0.0011634 seconds
Start importing Assets/Art/External/KenneyUI/PNG/Grey/Double/arrow_decorative_e_small.png using Guid(b9b9c9c38ff15fa43808ab741ec2b9ba) (TextureImporter) -> (artifact id: '1b7fc03a25e0fc9574318c0df70c8fb9') in 0.0011984 seconds
Start importing Assets/Art/External/KenneyUI/PNG/Blue/Double/icon_checkmark.png using Guid(b91f39577770d3a4388009ec8a9312aa) (TextureImporter) -> (artifact id: 'c29dece357ce8f214049a3792858410e') in 0.0011682 seconds
Start importing Assets/Art/External/KenneyUI/PNG/Yellow/Default/slide_horizontal_grey_section_wide.png using Guid(d920d8b980092904a8a16e6333104637) (TextureImporter) -> (artifact id: '97d2cde016c64848556776dec2ba0cf8') in 0.0012027 seconds
Start importing Assets/Art/External/KenneyUI/PNG/Blue/Default/check_square_color_checkmark.png using Guid(d9c0ebdc064a69d4fb98d12cebdce3e1) (TextureImporter) -> (artifact id: '0f4ee387a49e01f412e493139f004029') in 0.0012465 seconds
Start importing Assets/Art/External/KenneyUI/PNG/Blue/Double/slide_vertical_color_section.png using Guid(d9e090fbf8161ad49a402c6d2f32a0fe) (TextureImporter) -> (artifact id: '132c2ac743bef7adfa9ce8e33981c14f') in 0.0012351 seconds
Start importing Assets/Art/External/KenneyUI/PNG/Red/Default/button_round_line.png using Guid(d9453dd0af24cda46ae76bc8b0c826fc) (TextureImporter) -> (artifact id: '1142629baaf01010863ba60bcb976fee') in 0.0014336 seconds
Start importing Assets/Art/External/KenneyUI/PNG/Green/Double/slide_horizontal_grey_section.png using Guid(d98d549f4b4d6594eb8489e8e9779a46) (TextureImporter) -> (artifact id: '2d6cb698bcf777d4b043f6518bdc97e6') in 0.0012349 seconds
Start importing Assets/Art/External/KenneyUI/PNG/Blue/Double/arrow_decorative_s.png using Guid(d9bdd036196453848b9716ea0c04d8a3) (TextureImporter) -> (artifact id: '78c82164496518b211f434ca1abbe5b7') in 0.0012547 seconds
Start importing Packages/com.unity.multiplayer.center/Editor/MultiplayerCenterWindow/UI/Icons/N4E.png using Guid(e9669051ff70449b5923861e0e0b8838) (TextureImporter) -> (artifact id: 'e566126ef88207b00e00fb1f0e6ad260') in 0.0013082 seconds
Start importing Assets/Art/External/KenneyUI/PNG/Green/Double/check_round_grey.png using Guid(f9406119729ec2e4b90aca5edb423a6e) (TextureImporter) -> (artifact id: '37c7bebbdc01a3b8988644fe63926541') in 0.0012208 seconds
Start importing Assets/Art/External/KenneyUI/PNG/Green/Double/icon_cross.png using Guid(f9601f746d6a4e04bb3144ced0b28868) (TextureImporter) -> (artifact id: '9e03d1f1680616fbb41042a33e2f64c4') in 0.0012194 seconds
Start importing Assets/Art/External/KenneyUI/PNG/Yellow/Double/star_outline_depth.png using Guid(f9bb0b9ba4d033f46a24d3935f5bb088) (TextureImporter) -> (artifact id: '1099c4357b896c4617d690a05dfcfe02') in 0.0013569 seconds
Start importing Assets/Art/External/KenneyUI/PNG/Red/Double/arrow_decorative_n_small.png using Guid(f9fb10a01504ae84cae08f4e989a3873) (TextureImporter) -> (artifact id: '80b4473f0298bee1407b09b71684e133') in 0.001299 seconds
Start importing Assets/Art/External/KenneyUI/PNG/Red/Double/icon_circle.png using Guid(0ac1acd801150dc4ca3645922171edec) (TextureImporter) -> (artifact id: '288000376f9953a005d90993c90ccbf5') in 0.0012472 seconds
Start importing Assets/Art/External/KenneyUI/PNG/Yellow/Double/icon_outline_circle.png using Guid(0a535ac50a8823a4eaede3f2df602c0b) (TextureImporter) -> (artifact id: 'd2657d7bb2002c2aa603e67db1cc1172') in 0.0011906 seconds
Start importing Assets/Art/External/KenneyUI/PNG/Extra/Default/divider.png using Guid(0aca416ae24a83c459f12e4dd56d3a22) (TextureImporter) -> (artifact id: '114e4c5dc41ff32ed8bc9fa423a3975f') in 0.0012097 seconds
Start importing Assets/Art/External/KenneyUI/PNG/Blue/Double/arrow_decorative_n.png using Guid(0a0c29ba86a2335489b79f2e1aad5669) (TextureImporter) -> (artifact id: '85911d18af3b5c2fa105789cc36e5ecc') in 0.0016319 seconds
Start importing Assets/Art/External/KenneyUI/PNG/Grey/Double/check_square_color_checkmark.png using Guid(0aacd2520820faf46859d7366abb5c3a) (TextureImporter) -> (artifact id: 'a84872228b67df81b6053ebbe6fe4849') in 0.0013163 seconds
Start importing Assets/Art/External/KenneyUI/PNG/Green/Default/star_outline_depth.png using Guid(0a3f767cfd2f22844a0d88ed93704ea4) (TextureImporter) -> (artifact id: '16ab80bf960f79c1038c14eea43719d3') in 0.0013617 seconds
Start importing Assets/Art/External/KenneyUI/PNG/Yellow/Default/button_square_depth_flat.png using Guid(0acf4a8b516d1544e82c2d542519dbb6) (TextureImporter) -> (artifact id: '8f4c8d5372cda6fdb9641b961412b5e7') in 0.001167 seconds
Start importing Assets/Art/External/KenneyUI/PNG/Grey/Default/arrow_decorative_e_small.png using Guid(1a620dc4d20e3884285ea3e8a991a44b) (TextureImporter) -> (artifact id: '2eaaca2b59ceaf3d1dc367e4c1125d7c') in 0.0011592 seconds
Start importing Assets/Art/External/KenneyUI/PNG/Blue/Double/arrow_basic_n_small.png using Guid(1a76856879a31aa448e37a9b181044e8) (TextureImporter) -> (artifact id: 'caead1bc9bd3a58d526db6fdee37750f') in 0.001212 seconds
Start importing Assets/Art/External/KenneyUI/PNG/Yellow/Default/button_rectangle_depth_line.png using Guid(1a0c94da6a5a5b548a83ddc2ae6ba46f) (TextureImporter) -> (artifact id: '1da6f7dfb57752430787ff59d3998a1a') in 0.0015949 seconds
Start importing Assets/Art/External/KenneyUI/PNG/Green/Double/arrow_basic_n_small.png using Guid(1a3c8cdd5dde40b4a9fa818bc3f0299f) (TextureImporter) -> (artifact id: '1774a2010ce1aedc7205acb95403efb8') in 0.0011803 seconds
Start importing Assets/Art/External/KenneyUI/PNG/Yellow/Double/check_square_color.png using Guid(1a6d193d56ea6be4c825f5d04ddfa380) (TextureImporter) -> (artifact id: '1de1608661ed7821c1b7697c8ba8e0ad') in 0.0011453 seconds
Start importing Assets/Art/External/KenneyUI/PNG/Green/Double/icon_outline_circle.png using Guid(2ae920f3b51d16d4e9d9da02ef0832f4) (TextureImporter) -> (artifact id: 'dc396710a8877f890e3993b8e92fa977') in 0.0012351 seconds
Start importing Packages/com.unity.multiplayer.center/Editor/MultiplayerCenterWindow/UI/Icons/EmptyViewIcon@2x.png using Guid(2adffcc506285402aa795dee6f3166d0) (TextureImporter) -> (artifact id: 'd6f761b2eb63dba6f5f9c389bf1548ff') in 0.0067913 seconds
Start importing Assets/Art/External/KenneyUI/PNG/Blue/Double/slide_horizontal_grey_section_wide.png using Guid(3af2d4197a203044090b4fff79f137c0) (TextureImporter) -> (artifact id: '9e3ad1d1149676399327e6993490ee82') in 0.001436 seconds
Start importing Assets/Art/External/KenneyUI/PNG/Green/Double/arrow_basic_s_small.png using Guid(3ab3ccb0068c8e64f8b7944bd54fe0d1) (TextureImporter) -> (artifact id: '920b1fdbbca9d70549762516e44e6314') in 0.0012839 seconds
Start importing Assets/Art/External/KenneyUI/PNG/Red/Double/button_round_gradient.png using Guid(3a8ebffeabbcde445a8019c36c725348) (TextureImporter) -> (artifact id: 'f1a77508cccd3971511c774502601ecc') in 0.001683 seconds
Start importing Assets/Art/External/KenneyUI/PNG/Red/Double/button_square_gloss.png using Guid(3a1fc4eef8381a542a6d3096b77202d7) (TextureImporter) -> (artifact id: 'bf26267bca33330adb03ecc2a59b4c53') in 0.0014609 seconds
Start importing Assets/Art/External/KenneyUI/PNG/Green/Default/button_rectangle_depth_flat.png using Guid(4a806342eb5493142a47bbcdfe7bea4e) (TextureImporter) -> (artifact id: '3ef0e0bc38906d351b4cd2d3844da054') in 0.0015731 seconds
Start importing Assets/Art/External/KenneyUI/PNG/Yellow/Default/check_square_color_checkmark.png using Guid(4af08b35bf0f24c4982bc1ed9c8b8c03) (TextureImporter) -> (artifact id: '86a6276ab22af78e1e02b56e4ed86abf') in 0.0012199 seconds
Start importing Assets/Art/External/KenneyUI/PNG/Yellow/Default/button_square_depth_border.png using Guid(4a015e7294f7c044b8e9f67bf9d78ac8) (TextureImporter) -> (artifact id: 'eae7e88b7bb59e4e7b41acc94f384dd1') in 0.0013598 seconds
Start importing Assets/Art/External/KenneyUI/PNG/Grey/Default/icon_checkmark.png using Guid(4af1e7e29c1ef4643b35ff48a6527abe) (TextureImporter) -> (artifact id: '5fb90350b9145d8bb2d119aa355323b1') in 0.0012669 seconds
Start importing Assets/Art/External/KenneyUI/PNG/Blue/Double/button_square_depth_line.png using Guid(4ab5b635b0e68ae498ca82876e7507f2) (TextureImporter) -> (artifact id: '0ab1b4b92ea52f4663f32b8e35d0a3a3') in 0.0018126 seconds
Start importing Assets/Art/External/KenneyUI/PNG/Yellow/Double/arrow_decorative_n_small.png using Guid(4ab7647e2e9886240ad54f4d8bbede02) (TextureImporter) -> (artifact id: '02d7224bca9108434e056feeaf76df3e') in 0.0013002 seconds
Start importing Assets/Art/External/KenneyUI/PNG/Grey/Default/button_round_border.png using Guid(4a0be2dfc6211b14ca7c5cc6a109acc2) (TextureImporter) -> (artifact id: '4e2949040ced7abb88904381867c8a2a') in 0.0012041 seconds
Start importing Assets/Art/External/KenneyUI/PNG/Yellow/Default/slide_vertical_color_section.png using Guid(5aa0c93250e3cb44badeecdf82d3b723) (TextureImporter) -> (artifact id: 'dafc21a8570dd5e235bb7a9b3eb782af') in 0.0011361 seconds
Start importing Assets/Art/External/KenneyUI/PNG/Blue/Default/check_round_round_circle.png using Guid(5a9b2961df3ad284f9ab566741c3df19) (TextureImporter) -> (artifact id: '7e3f6204a1736f390c15ec576d140ff5') in 0.0013029 seconds
Start importing Assets/Art/External/KenneyUI/PNG/Grey/Default/check_round_round_circle.png using Guid(6ab5902a4a344674996ba14518c3df6e) (TextureImporter) -> (artifact id: '6c1f24e9121689ac4adc94998f369fc5') in 0.0012916 seconds
Start importing Assets/Art/External/KenneyUI/PNG/Yellow/Default/check_round_grey.png using Guid(6aebc1a1d9ae62843860f41b766499ff) (TextureImporter) -> (artifact id: '80dbc6c1f4d9c90582f8d1feea9e8591') in 0.0013307 seconds
Start importing Assets/Art/External/KenneyUI/PNG/Yellow/Default/star_outline.png using Guid(7a22673a3c575ae408b68b83fcc3c461) (TextureImporter) -> (artifact id: '98ec41d1df3b8c1f8980365aeb0895cf') in 0.001373 seconds
Start importing Assets/Art/External/KenneyUI/PNG/Green/Default/slide_vertical_grey_section_wide.png using Guid(7a741d4fa50fe9a42809765bf909b491) (TextureImporter) -> (artifact id: 'e9adf61ba19a8bf8b955e39821d6de24') in 0.0012423 seconds
Start importing Assets/Art/External/KenneyUI/PNG/Blue/Double/button_rectangle_depth_border.png using Guid(7a9635a07710c4841ab2197d25def208) (TextureImporter) -> (artifact id: 'ba0757ef021337262d98106eea81fc0e') in 0.0022168 seconds
Start importing Assets/Art/External/KenneyUI/PNG/Red/Default/slide_vertical_color.png using Guid(7a2985130f5c1b142a7cb85dc14a3f79) (TextureImporter) -> (artifact id: '51e05da13d205bf1eb3ae975177d2035') in 0.0019973 seconds
Start importing Assets/Art/External/KenneyUI/PNG/Grey/Double/button_rectangle_depth_flat.png using Guid(7a8a678acd542504eb7fdf3e6ecd6f01) (TextureImporter) -> (artifact id: '9a55584df3cb56ee3ecc780f6de18619') in 0.0023073 seconds
Start importing Assets/Art/External/KenneyUI/PNG/Blue/Default/button_round_depth_gloss.png using Guid(8a4467c797681a246b2884d3855ef7e4) (TextureImporter) -> (artifact id: 'c939697a867198660aa16bc1411bf33b') in 0.0013491 seconds
Start importing Assets/Art/External/KenneyUI/PNG/Blue/Double/button_round_gloss.png using Guid(8aa9cf11e9dfaa74ea1679814e99c56c) (TextureImporter) -> (artifact id: '25971863957bf3300881168fd7ad746d') in 0.0015802 seconds
Start importing Assets/Art/External/KenneyUI/PNG/Red/Double/button_square_line.png using Guid(8acafc570052ef34e8dcc8e54fa4ffc3) (TextureImporter) -> (artifact id: '6866709428f3e056417f25cb12071beb') in 0.001475 seconds
Start importing Assets/Art/External/KenneyUI/PNG/Grey/Default/arrow_decorative_s_small.png using Guid(8a0e96d80a2fba24293e7750b475732e) (TextureImporter) -> (artifact id: 'bafce9d1552d92e9d5bedae4c2f6e449') in 0.0013383 seconds
Start importing Assets/Art/External/KenneyUI/PNG/Yellow/Double/button_square_depth_border.png using Guid(9a20ff58972d3394982ff16dd406847a) (TextureImporter) -> (artifact id: 'c11619c7349564f3879d8e3d15b4af07') in 0.0015688 seconds
Start importing Assets/Art/External/KenneyUI/PNG/Green/Default/check_square_color_cross.png using Guid(9ad09b7bb8d55eb4493fb974104bbfaa) (TextureImporter) -> (artifact id: '150305ac13a7069a9a2e156713fa75c3') in 0.0014219 seconds
Start importing Assets/Art/External/KenneyUI/PNG/Blue/Double/arrow_decorative_s_small.png using Guid(9a646b81d7494c44090703bdcffbac90) (TextureImporter) -> (artifact id: 'baecee3e3a4a9569c0247ac97874847a') in 0.0014401 seconds
Start importing Assets/Art/External/KenneyUI/PNG/Grey/Default/arrow_basic_s_small.png using Guid(9ac4b5190abf0ff47a4c59e53429782a) (TextureImporter) -> (artifact id: '493c15a2bd31ba4355de962f5908e3c5') in 0.0013776 seconds
Start importing Assets/Art/External/KenneyUI/PNG/Red/Double/button_rectangle_depth_border.png using Guid(9af64a7bef347ef4981f14c87c01357d) (TextureImporter) -> (artifact id: '2e78d499ac71c4fee94da58e7ee3a22c') in 0.0023429 seconds
Start importing Assets/Art/External/KenneyUI/PNG/Grey/Double/icon_outline_circle.png using Guid(9a9a594b2afe3514a9a4a01c0b473325) (TextureImporter) -> (artifact id: 'c673447326b4e0fe18c8720159592476') in 0.0014422 seconds
Start importing Assets/Art/External/KenneyUI/PNG/Red/Double/star_outline.png using Guid(aa00b7c689cab2341a232114bc947f7b) (TextureImporter) -> (artifact id: '629b11fd5d1d1dd5572708457c44fc77') in 0.0015194 seconds
Start importing Assets/Art/External/KenneyUI/PNG/Grey/Double/arrow_basic_e.png using Guid(aa877d3cb9ebb914cafa38dd7061fa82) (TextureImporter) -> (artifact id: '7477873c47e76123fa2eb89bd77edfaf') in 0.0013196 seconds
Start importing Assets/Art/External/KenneyUI/PNG/Grey/Default/button_square_gloss.png using Guid(aaee08159c5eb2e458a48ed83bdca32c) (TextureImporter) -> (artifact id: '547b5b226f1760481ad1036a5860764a') in 0.0012152 seconds
Start importing Assets/Art/External/KenneyUI/PNG/Green/Default/slide_vertical_grey.png using Guid(bad77944b11982a47a9a3b128c991bb2) (TextureImporter) -> (artifact id: '2e7665db9d2548e243706ce5a038c478') in 0.0014273 seconds
Start importing Assets/Art/External/KenneyUI/PNG/Green/Default/check_round_grey.png using Guid(baaddd4112ce24647bf9ddee1c96e22d) (TextureImporter) -> (artifact id: '1e40c44ede298c54db083f18681c274e') in 0.0012575 seconds
Start importing Assets/Art/External/KenneyUI/PNG/Green/Default/button_rectangle_border.png using Guid(ca012397802268b42a7b3971ed297ecb) (TextureImporter) -> (artifact id: '0a062d940d13852be2c8ca53ff0245a9') in 0.0015332 seconds
Start importing Assets/Art/External/KenneyUI/PNG/Blue/Default/arrow_basic_s.png using Guid(ca3322804d4d6ea4d90ea722b879973a) (TextureImporter) -> (artifact id: '04a5e417e96bf334010ebf25a448adaf') in 0.0015059 seconds
Start importing Assets/Art/External/KenneyUI/PNG/Blue/Default/icon_outline_circle.png using Guid(ca53144481415a742a19dc590abc2d5b) (TextureImporter) -> (artifact id: '8592ab470fddb99e8a773be7df15f419') in 0.0013257 seconds
Start importing Assets/Art/External/KenneyUI/PNG/Yellow/Double/arrow_basic_w.png using Guid(ca478ae9c50c93947883ac078894eac5) (TextureImporter) -> (artifact id: 'bf13ae8a51a0f348fd916d3911ab64de') in 0.0012414 seconds
Start importing Assets/Art/External/KenneyUI/PNG/Blue/Default/slide_vertical_color_section_wide.png using Guid(da37a796a3dd58041abf5df8f60f7def) (TextureImporter) -> (artifact id: 'e86fb13afd27eeace9aaa18f089eb1b8') in 0.0015577 seconds
Start importing Packages/com.unity.multiplayer.center/Editor/MultiplayerCenterWindow/UI/Icons/d_Loading.png using Guid(dab91f148d99946e7b3c3a87ecf4b973) (TextureImporter) -> (artifact id: 'b5b53aec665f2122f5a59db93bd3b028') in 0.0016249 seconds
Start importing Assets/Art/External/KenneyUI/PNG/Blue/Double/arrow_decorative_w_small.png using Guid(daea817ecddbc4c48b74c5f79e5792de) (TextureImporter) -> (artifact id: '0e5ba16446cdcee13edd9968cbebc301') in 0.0013271 seconds
Start importing Assets/Art/External/KenneyUI/PNG/Yellow/Default/slide_horizontal_color.png using Guid(daae6ea7aadcc3541b3febc46f755914) (TextureImporter) -> (artifact id: 'cfecd82fc439c639f9297e5bfabcbb77') in 0.0011774 seconds
Start importing Assets/Art/External/KenneyUI/PNG/Blue/Default/button_rectangle_depth_gradient.png using Guid(dabefea3bf5e7684daeafdef0f28eb0c) (TextureImporter) -> (artifact id: 'db636d0a63911617093b4e35c60b1911') in 0.0016722 seconds
Start importing Assets/Art/External/KenneyUI/PNG/Green/Default/check_square_color.png using Guid(ea60d6b8e0d58bf4882d12c6a22f31eb) (TextureImporter) -> (artifact id: 'fd110b57b63e51d325ac196456326b00') in 0.0014208 seconds
Start importing Assets/Art/External/KenneyUI/PNG/Red/Default/check_round_grey_circle.png using Guid(ea174990c1cf28e449dd8b1217a2040d) (TextureImporter) -> (artifact id: 'e7715ad213fa87b658624a951411a7e8') in 0.0013339 seconds
Start importing Assets/Art/External/KenneyUI/PNG/Blue/Default/button_rectangle_border.png using Guid(fa692135d8045e340a8d857a3cc68ba7) (TextureImporter) -> (artifact id: '39f356898d3f50e1a2ad3f896935ecc0') in 0.0015834 seconds
Start importing Assets/Art/External/KenneyUI/PNG/Yellow/Default/button_square_flat.png using Guid(fadd9db7f9cfe014db9ab32181737214) (TextureImporter) -> (artifact id: '753d3844c849dad1f181abecaa83766f') in 0.0012594 seconds
Start importing Assets/Art/External/KenneyUI/PNG/Red/Default/button_square_depth_gloss.png using Guid(0bf579e769a9d7743b7baed7ecb23083) (TextureImporter) -> (artifact id: '71e195a2da7939a092856bc10ac8e0bb') in 0.0011921 seconds
Start importing Assets/Art/External/KenneyUI/PNG/Blue/Default/arrow_basic_n.png using Guid(1bd076a4bb0241f4b9223532dfdb1422) (TextureImporter) -> (artifact id: 'd15f10aa753e62f9e66e4b356f53f339') in 0.0014821 seconds
Start importing Assets/Art/External/KenneyUI/PNG/Grey/Double/slide_vertical_color_section_wide.png using Guid(1b576c47b92597f4da2351698b1fa0ec) (TextureImporter) -> (artifact id: '217988ff86ab2a95e3dc03e564596269') in 0.0013635 seconds
Start importing Packages/com.unity.multiplayer.center/Editor/MultiplayerCenterWindow/UI/Icons/d_PackageManager.png using Guid(1b4c88814ec6241eb8e327515399c006) (TextureImporter) -> (artifact id: 'c0490a06ce2b7c8238be02246ecd29d8') in 0.0012822 seconds
Start importing Assets/Art/External/KenneyUI/PNG/Yellow/Double/arrow_basic_s_small.png using Guid(1b6da1a4c197b8140b02f842ad01da53) (TextureImporter) -> (artifact id: '9418e2005df29d3b1f6caf622b2ea5ca') in 0.0012897 seconds
Start importing Assets/Art/External/KenneyUI/PNG/Grey/Default/arrow_decorative_n.png using Guid(2b52a5af6da237042ad7ab87a337cf38) (TextureImporter) -> (artifact id: '8558476f264c6739368b0864821c0ee0') in 0.0012246 seconds
Start importing Assets/Art/External/KenneyUI/PNG/Green/Double/check_square_grey.png using Guid(2be45e85d17c75249a7f70820f7628ca) (TextureImporter) -> (artifact id: 'de2a9bdf152572ba816118b7e9aca56f') in 0.0011407 seconds
Start importing Assets/Art/External/KenneyUI/PNG/Grey/Double/check_round_grey.png using Guid(2ba5ee559d88ec64d9ffa3bdff8c4160) (TextureImporter) -> (artifact id: 'a25cb573f96a8f4009d7aa3a572e87ea') in 0.0012336 seconds
Start importing Assets/Art/External/KenneyUI/PNG/Yellow/Double/arrow_decorative_e_small.png using Guid(3bd19dc6bee8ec74ab0ead95c00d2924) (TextureImporter) -> (artifact id: '7bcf907555241ab0f63769112363a495') in 0.0012074 seconds
Start importing Assets/Art/External/KenneyUI/PNG/Blue/Default/button_rectangle_depth_line.png using Guid(3b720703c175ac54d927fcb12405f45a) (TextureImporter) -> (artifact id: 'c07f6215645bbf0e372207b88c5e5671') in 0.0014767 seconds
Start importing Assets/Art/External/KenneyUI/PNG/Red/Double/button_square_depth_gloss.png using Guid(3b8cf192e5d416f4e86492fb8d04a5ed) (TextureImporter) -> (artifact id: '06e470687e4490fe957594f5bc547d46') in 0.0014793 seconds
Start importing Assets/Art/External/KenneyUI/PNG/Blue/Default/check_square_grey_square.png using Guid(3b9e2c4c2cb587247939a559672cc593) (TextureImporter) -> (artifact id: 'da843e8e1fced783c7dc6788e7964e65') in 0.001237 seconds
Start importing Assets/Art/External/KenneyUI/PNG/Blue/Double/button_square_border.png using Guid(4b85f67f9a95f414e974bc2e08955bd9) (TextureImporter) -> (artifact id: '18d729a4e2af990218bf386360f452c2') in 0.0020945 seconds
Start importing Assets/Art/External/KenneyUI/PNG/Yellow/Default/icon_outline_square.png using Guid(4b87a06ff1d67c84ea1a7cbcfa280b5d) (TextureImporter) -> (artifact id: 'b1cec931aaa04219162a960906622fb4') in 0.0012965 seconds
Start importing Assets/Art/External/KenneyUI/PNG/Red/Default/arrow_decorative_w.png using Guid(4bf7e57e353081e47bec25430e183a3d) (TextureImporter) -> (artifact id: '6b23b17a97186bd0a5bd5ec6b9fda954') in 0.0011748 seconds
Start importing Assets/Art/External/KenneyUI/PNG/Extra/Double/divider_edges.png using Guid(4b0aa230e4b44a64495daf6671e350c8) (TextureImporter) -> (artifact id: '994829fbe772b03190f221e53d3628c6') in 0.0011164 seconds
Start importing Assets/Art/External/KenneyUI/PNG/Green/Double/button_round_depth_gloss.png using Guid(4b0a3562fd1db93449c805ad654f0ae3) (TextureImporter) -> (artifact id: 'f1597966185ee6ef0d75927abe528a78') in 0.0013834 seconds
Start importing Assets/Art/External/KenneyUI/PNG/Grey/Double/arrow_decorative_e.png using Guid(4bdadb3cf4a9c6f499516fe9deab18b2) (TextureImporter) -> (artifact id: '2b7778cdd7d42b038804343ccae1cc01') in 0.0012022 seconds
Start importing Assets/Art/External/KenneyUI/PNG/Yellow/Default/check_round_color.png using Guid(6b0081be50b9fa74d81320bfd111e4c9) (TextureImporter) -> (artifact id: '842e8f561ba8bde34617cc4b715444be') in 0.0012149 seconds
Start importing Assets/Art/External/KenneyUI/PNG/Red/Double/star_outline_depth.png using Guid(6b10a1b73dd2ef4449cd8197fa6bce61) (TextureImporter) -> (artifact id: 'e9aca653bc53292f499d276e09ef5e4c') in 0.0015029 seconds
Start importing Assets/Art/External/KenneyUI/PNG/Yellow/Double/button_rectangle_border.png using Guid(6b0a36cd9e753724a90f5948d47940a0) (TextureImporter) -> (artifact id: '8dd759ce94917812ee1ee7b91e4faa79') in 0.0019551 seconds
Start importing Assets/Art/External/KenneyUI/PNG/Grey/Double/button_round_depth_line.png using Guid(6b5bbdc57da4c104dabbd9f32c95e8e6) (TextureImporter) -> (artifact id: 'e263972bce8c4201bd4b45969bfe9326') in 0.0016196 seconds
Start importing Assets/Art/External/KenneyUI/PNG/Blue/Default/arrow_decorative_e_small.png using Guid(6b2fa333c9c57064798c0f0ebb6f8635) (TextureImporter) -> (artifact id: 'f70104c82f52774ad986252e89ad391c') in 0.0012776 seconds
Start importing Assets/Art/External/KenneyUI/PNG/Extra/Default/input_square.png using Guid(7b506d788c8b5c9458acb54101ea11e2) (TextureImporter) -> (artifact id: '1d69618e7bfa09413c1a1cbccd1a0524') in 0.0014083 seconds
Start importing Assets/Art/External/diceresult.png using Guid(7bc794727cf5e3c4785d1d16e236caa4) (TextureImporter) -> (artifact id: '985cbcc19dd3fd477a033d60b084f0ff') in 0.0017186 seconds
Start importing Assets/Art/External/KenneyUI/PNG/Yellow/Double/button_rectangle_depth_gradient.png using Guid(7bdda69153bda204c8b6af33a40d0801) (TextureImporter) -> (artifact id: '05452f26b2abb27c9fa229808764b8d2') in 0.0019637 seconds
Start importing Assets/Art/External/KenneyUI/PNG/Yellow/Double/button_square_depth_gradient.png using Guid(8b52f19dbc8174f4cb019b07910b6828) (TextureImporter) -> (artifact id: 'b30f767b75d2b621835a2acc3ad81548') in 0.0013648 seconds
Start importing Assets/Art/External/KenneyUI/PNG/Green/Double/arrow_decorative_s_small.png using Guid(8bebcff2acec46e44a45fa034554fe09) (TextureImporter) -> (artifact id: '05d79f72eb16db868f032ee0fb2ff255') in 0.0012488 seconds
Start importing Assets/Art/External/KenneyUI/PNG/Blue/Default/slide_hangle.png using Guid(8bde42ce64977d7419880eff97e8c6e5) (TextureImporter) -> (artifact id: 'a02b39c9a9968a3ba3be115a2f2efbc8') in 0.0011601 seconds
Start importing Assets/Art/External/KenneyUI/PNG/Green/Default/check_round_round_circle.png using Guid(8b2f2a7182e55b645977d75d0178907b) (TextureImporter) -> (artifact id: 'e64f7de4a3bcf8b546f46afbd2b70fb3') in 0.0011455 seconds
Start importing Assets/Art/External/KenneyUI/PNG/Grey/Double/button_square_flat.png using Guid(9b50bb7a97a067c4c996101659172593) (TextureImporter) -> (artifact id: '6d691a7d10a5a23d9782af0c9fd2376c') in 0.0013223 seconds
Start importing Assets/Art/External/KenneyUI/PNG/Grey/Default/arrow_basic_w.png using Guid(9b31ad323664fe54b9d394825ef3c819) (TextureImporter) -> (artifact id: '5c6cb3bfefb17d3186bf079831e97c41') in 0.0011343 seconds
Start importing Assets/Art/External/KenneyUI/PNG/Green/Double/slide_vertical_grey.png using Guid(9b32633d1fbf2424782e2c8a43c0c03b) (TextureImporter) -> (artifact id: 'a5f84249250e5ea30bbf67da46dfc078') in 0.0013216 seconds
Start importing Assets/Art/External/KenneyUI/PNG/Red/Default/button_rectangle_depth_line.png using Guid(9b58ce814cfdac3438c1966098c0df7b) (TextureImporter) -> (artifact id: 'e8aa229d8f5a0359750330ef3893096c') in 0.0018396 seconds
Start importing Assets/Art/External/KenneyUI/PNG/Grey/Default/slide_hangle.png using Guid(ab30dbc957401d84cadadefbe8cdc96a) (TextureImporter) -> (artifact id: 'cb759e66093f059f463bbc7caef856f4') in 0.0017849 seconds
Start importing Assets/Art/External/KenneyUI/PNG/Red/Default/arrow_decorative_e_small.png using Guid(ab228a45c113a3a418698665a4b5404e) (TextureImporter) -> (artifact id: '3681a8448fd6a74f93d5359faf5352ca') in 0.0012663 seconds
Start importing Assets/Art/External/KenneyUI/PNG/Blue/Double/arrow_decorative_e.png using Guid(abc2eda6136efb64eaaa05ac4a7d080f) (TextureImporter) -> (artifact id: '6cd4f1e2a614f9fd056217aa37a49e7d') in 0.0019537 seconds
Start importing Assets/Art/External/KenneyUI/PNG/Grey/Double/button_square_line.png using Guid(abd635a0d3d2ad244abe0a48247d3340) (TextureImporter) -> (artifact id: 'ae35f17de2071a25d58d5144e970da57') in 0.0015206 seconds
Start importing Assets/Art/External/KenneyUI/PNG/Extra/Double/icon_arrow_up_outline.png using Guid(ab5bff6c042d10d41928f50775afa19f) (TextureImporter) -> (artifact id: 'd6bc9cec5b4ab64351b669cdf924c14d') in 0.0013346 seconds
Start importing Assets/Art/External/KenneyUI/PNG/Grey/Double/check_round_grey_circle.png using Guid(abcc9b27836161b4e9bb2608ac322ee6) (TextureImporter) -> (artifact id: 'd41bcba5ba033279d5bf3edf56e9f93f') in 0.0013037 seconds
Start importing Assets/Art/External/KenneyUI/PNG/Extra/Default/icon_repeat_outline.png using Guid(bb4168b34ce577146b01789843291324) (TextureImporter) -> (artifact id: 'ce30210466aa1ac11480775c88d4428b') in 0.0013449 seconds
Start importing Assets/Art/External/KenneyUI/PNG/Yellow/Double/button_rectangle_gradient.png using Guid(bbb619da1d8a14a4397ea5fdef19b2e6) (TextureImporter) -> (artifact id: 'c7806888fdff31c1504fa204a3159191') in 0.0019068 seconds
Start importing Assets/Art/External/KenneyUI/PNG/Yellow/Default/slide_vertical_color_section_wide.png using Guid(bbc9521ea6b26c247918b0dd2f1cb3a6) (TextureImporter) -> (artifact id: '17a3f2ad18befab921e8e73374dd165a') in 0.0012196 seconds
Start importing Assets/Art/External/KenneyUI/PNG/Green/Double/button_square_flat.png using Guid(bbeabf2d41b29784bb9f339f87fd1dff) (TextureImporter) -> (artifact id: '1549fd790d62ea7f02d45dad3003830f') in 0.0015697 seconds
Start importing Assets/Art/External/KenneyUI/PNG/Blue/Default/icon_circle.png using Guid(bbbc66cf5769da34593d5c551dd52775) (TextureImporter) -> (artifact id: '9e98a7fd166ecfc9c5099208adabbbf4') in 0.0014824 seconds
Start importing Assets/Art/External/KenneyUI/PNG/Grey/Double/button_round_gloss.png using Guid(cb7089c5106f7ee4a86a4d64bb90afce) (TextureImporter) -> (artifact id: '3c7b4156ce61440bb7b8b3d49af66d34') in 0.0015096 seconds
Start importing Assets/Art/External/KenneyUI/PNG/Blue/Default/button_round_depth_gradient.png using Guid(cb22873b1db50c441834ace86d332f7b) (TextureImporter) -> (artifact id: '9560f22ddea531d2b1e3449c0db0cd8b') in 0.0011939 seconds
Start importing Assets/Art/External/KenneyUI/PNG/Red/Double/button_rectangle_gloss.png using Guid(cb95550a94aa1324e8b1b95368b7fc3d) (TextureImporter) -> (artifact id: '2a05bf7e265d8877c83b4d4a073cf8d0') in 0.0018718 seconds
Start importing Assets/Art/External/KenneyUI/PNG/Red/Default/arrow_basic_w.png using Guid(cbed4644d1de67b4c8adb17e46a0f853) (TextureImporter) -> (artifact id: 'fb479a60a188a7c13b46abdbd245a49c') in 0.0011599 seconds
Start importing Assets/Art/External/KenneyUI/PNG/Red/Default/slide_vertical_grey_section_wide.png using Guid(cb3f11fec10294b47b7e783e5a4cf01c) (TextureImporter) -> (artifact id: 'a8c47f83f284763a7d363d940d69a66b') in 0.0012108 seconds
Start importing Assets/Art/External/KenneyUI/PNG/Yellow/Default/button_rectangle_gloss.png using Guid(db96b2cb19acea8459e662866b19aefd) (TextureImporter) -> (artifact id: 'bbeb49d95818dc47614a7646b0138a67') in 0.0017413 seconds
Start importing Assets/Art/External/KenneyUI/PNG/Grey/Double/button_square_depth_gloss.png using Guid(db77b81b0b66baf4f8361edfef6a18a2) (TextureImporter) -> (artifact id: '82e27bad09e74ec741fc09e7bcf34e1c') in 0.0013676 seconds
Start importing Assets/Art/External/KenneyUI/PNG/Yellow/Default/slide_horizontal_grey.png using Guid(dbae2b294fd4e9c4cbbb779951c8c600) (TextureImporter) -> (artifact id: 'cd04d7b7aa21d000c3fc424951508c69') in 0.001301 seconds
Start importing Assets/Art/External/KenneyUI/PNG/Blue/Double/arrow_basic_e_small.png using Guid(dbeff4b31ccb63f4db6ccfabbb0aa3b0) (TextureImporter) -> (artifact id: '5a2e5060718f34bd385b67b0c0cafa10') in 0.0012858 seconds
Start importing Assets/Art/External/KenneyUI/PNG/Red/Double/arrow_basic_e_small.png using Guid(eb60b4dc15c72b248bba82c49d1cd2ef) (TextureImporter) -> (artifact id: '331a8e5937677cf067dfda855eb71a6d') in 0.0017579 seconds
Start importing Assets/Art/External/KenneyUI/PNG/Green/Double/button_rectangle_depth_line.png using Guid(eb33cb67eb22d4e4cacd9a8945cc27f6) (TextureImporter) -> (artifact id: 'e90e74c5752fa7c58c08f27afce8a07a') in 0.0020342 seconds
Start importing Assets/Art/External/KenneyUI/PNG/Green/Default/arrow_decorative_s.png using Guid(ebd8e5829df995e4fb926647bf71e480) (TextureImporter) -> (artifact id: 'cf470340755af295777b1049e9d250c1') in 0.0011679 seconds
Start importing Assets/Art/External/KenneyUI/PNG/Green/Default/arrow_decorative_s_small.png using Guid(ebe855cb05c543e46b9dc4764bd21076) (TextureImporter) -> (artifact id: '77c097fa83fbc5c04f42d91c7edd10b7') in 0.00109 seconds
Start importing Assets/Art/External/KenneyUI/PNG/Blue/Double/button_square_flat.png using Guid(fbb16267cea3b1342a8aed37cc8febe8) (TextureImporter) -> (artifact id: '74359891c8c245d083baced3892e68db') in 0.0014069 seconds
Start importing Assets/Art/External/KenneyUI/PNG/Extra/Double/icon_arrow_down_outline.png using Guid(fb920ea9f4feba64e87681d7b65e01b4) (TextureImporter) -> (artifact id: 'd77c88217acbcfd4388d2511897640d6') in 0.0012803 seconds
Start importing Assets/Art/External/KenneyUI/PNG/Green/Default/arrow_decorative_w.png using Guid(fb55df56eb5574645887ee3a98162180) (TextureImporter) -> (artifact id: 'ad817889d63697e2c507f455c669ea6e') in 0.0011462 seconds
Start importing Assets/Art/External/KenneyUI/PNG/Red/Double/slide_horizontal_color_section.png using Guid(0cb2011b365720b49af72148d5ac37be) (TextureImporter) -> (artifact id: 'b1c837f64db2502fb4f11db430280826') in 0.0011058 seconds
Start importing Assets/Art/External/KenneyUI/PNG/Blue/Double/icon_square.png using Guid(0ce578d8206aee148bb8e201c3bc1bd9) (TextureImporter) -> (artifact id: '49d24a7d40b3480d94501ad3a375dffa') in 0.0010586 seconds
Start importing Assets/Art/External/KenneyUI/PNG/Green/Double/button_rectangle_depth_gloss.png using Guid(0cc62e750933c4640bc45ac624179495) (TextureImporter) -> (artifact id: 'c14cb97912c7f248e811086993fe658d') in 0.0019279 seconds
Start importing Assets/Art/External/KenneyUI/PNG/Red/Default/button_round_border.png using Guid(0c2d55c71c9a2a24e87b9157ec3e4156) (TextureImporter) -> (artifact id: '8f3658649edeea8f1cd16ff1abc48e90') in 0.0012049 seconds
Start importing Assets/Art/External/KenneyUI/PNG/Yellow/Double/slide_vertical_grey.png using Guid(0ccf854b2b2930047b3064bb25726da1) (TextureImporter) -> (artifact id: '0864834b8ec439b48d96952cb4b71166') in 0.0021556 seconds
Start importing Assets/Art/External/KenneyUI/PNG/Blue/Default/check_square_color.png using Guid(1cc1c36701b3017489c90de86758ee07) (TextureImporter) -> (artifact id: '0fc89dade64ceb22ac07ce66e443c1ae') in 0.0011886 seconds
Start importing Assets/Art/External/KenneyUI/PNG/Grey/Default/button_round_line.png using Guid(1c081f341e8f41346972040d0a06785d) (TextureImporter) -> (artifact id: '7b1e8daababbd1f79e37b7ca439020f4') in 0.0012407 seconds
Start importing Assets/Art/External/KenneyUI/PNG/Red/Double/slide_vertical_grey_section_wide.png using Guid(1c1dc8041b2835e45bb4b1eec3215bc7) (TextureImporter) -> (artifact id: 'c6cadca89113ffd8255f978d8b040a5d') in 0.0011796 seconds
Start importing Assets/Art/External/KenneyUI/PNG/Grey/Default/slide_horizontal_grey_section.png using Guid(1c2e22ba0db6f944b9a2631a7f73fe63) (TextureImporter) -> (artifact id: 'bd58433a814e2e6097c17d042d1f3f74') in 0.0012066 seconds
Start importing Assets/Art/External/KenneyUI/PNG/Red/Double/arrow_decorative_s_small.png using Guid(2c656a6f5f4e1e840a0035870c3d2b48) (TextureImporter) -> (artifact id: 'b40edd0ec26b76408383d175f793fca0') in 0.0013058 seconds
Start importing Packages/com.unity.multiplayer.center/Editor/MultiplayerCenterWindow/UI/Icons/N4E@2x.png using Guid(2cb589d4e01184d928bb698f06e77561) (TextureImporter) -> (artifact id: '1c2926521886732e9a63c9e7f324ca27') in 0.0017679 seconds
Start importing Assets/Art/External/KenneyUI/PNG/Extra/Double/icon_arrow_down_dark.png using Guid(2c97cc831bd5f83489c5d46f76b011c4) (TextureImporter) -> (artifact id: 'a2bec4263d6d6a06f84c2ca6fbf71a1d') in 0.0012823 seconds
Start importing Assets/Art/External/KenneyUI/PNG/Grey/Default/button_rectangle_flat.png using Guid(2c0b775c86661804e944df85447f126e) (TextureImporter) -> (artifact id: '9c0c10110619d1f26357cc6984329ade') in 0.0014278 seconds
Start importing Assets/Art/External/KenneyUI/PNG/Red/Double/check_round_grey_circle.png using Guid(2c3ded534576bc9409469eb41f1fc22b) (TextureImporter) -> (artifact id: '320f1e987bff6f5b98a4313ffc8fcfad') in 0.0011527 seconds
Start importing Assets/Art/External/KenneyUI/PNG/Blue/Default/button_square_depth_line.png using Guid(3cb7f1d0795b5f44ab24d9bc6564dc1c) (TextureImporter) -> (artifact id: '02d1fa3c2213785a54e846cf2efd8000') in 0.0011368 seconds
Start importing Assets/Art/External/KenneyUI/PNG/Yellow/Double/slide_horizontal_grey_section_wide.png using Guid(5cc14401bb706b945a9f075a8518ddc0) (TextureImporter) -> (artifact id: '851da255703661f996f40100c05bc0af') in 0.0012342 seconds
Start importing Assets/Art/External/KenneyUI/PNG/Yellow/Default/slide_vertical_color.png using Guid(5ce26512617dc5b43b6e91ed872bd495) (TextureImporter) -> (artifact id: '4c1074340f1b08baad63527c91822bea') in 0.001751 seconds
Start importing Assets/Art/External/KenneyUI/PNG/Green/Double/slide_vertical_color_section_wide.png using Guid(5ce44358a62cd1f4686d9d2e9293dd0c) (TextureImporter) -> (artifact id: 'd00f1f2ac1bf9ed18fe7bc6300f96d96') in 0.0012652 seconds
Start importing Assets/Art/External/KenneyUI/PNG/Yellow/Double/arrow_basic_s.png using Guid(5c46102f0e9552b47883045ba13430ab) (TextureImporter) -> (artifact id: '2d6f5ad100d5566acf6b0503bac441c6') in 0.0012501 seconds
Start importing Assets/Art/External/KenneyUI/PNG/Blue/Double/button_round_depth_gloss.png using Guid(5c38296554825d04cb2e91e11177c2a9) (TextureImporter) -> (artifact id: '05805920eb64f678e5426b25197021fa') in 0.0013859 seconds
Start importing Assets/Art/External/KenneyUI/PNG/Green/Default/slide_horizontal_color_section.png using Guid(5c693ef532727194eb23fed5c0337c98) (TextureImporter) -> (artifact id: '5c209ee1be464904e57719e12b5cb065') in 0.0010786 seconds
Start importing Assets/Art/External/KenneyUI/PNG/Yellow/Default/slide_vertical_grey_section_wide.png using Guid(5cfeb9a477bf3e64eb27ad2d91bf8597) (TextureImporter) -> (artifact id: '84cb84d23709a495ef6d7609749853d3') in 0.0016387 seconds
Start importing Assets/Art/External/KenneyUI/PNG/Blue/Double/button_square_gradient.png using Guid(6c14c427b2d9ba440899c64b03ede887) (TextureImporter) -> (artifact id: '18cf46c8f61a8e1e4c7cc50bd6244598') in 0.0014873 seconds
Start importing Assets/Art/External/KenneyUI/PNG/Grey/Double/slide_hangle.png using Guid(6c8784a6b2b3b6d4fbf36c8aa25ff5ff) (TextureImporter) -> (artifact id: '0997f78fbd227a6a46827da82c6bb86a') in 0.0012133 seconds
Start importing Assets/Art/External/KenneyUI/PNG/Yellow/Double/arrow_basic_n.png using Guid(6c6c9b0b5214a764682001d9f113c98c) (TextureImporter) -> (artifact id: 'a82a36e2469bc8c2ec03585753cf559c') in 0.0011736 seconds
Start importing Assets/Art/External/KenneyUI/PNG/Yellow/Double/slide_vertical_color_section_wide.png using Guid(7cf8c1395abd02a418029c021c4b76eb) (TextureImporter) -> (artifact id: '765ffdc1eaaccc0f3e95ae0e93721740') in 0.0012387 seconds
Start importing Assets/Art/External/KenneyUI/PNG/Yellow/Double/button_rectangle_depth_border.png using Guid(7ccdb1a6945b6f54c9cf466b6fd7c140) (TextureImporter) -> (artifact id: '9436f733df103d921ccb04be32b19df1') in 0.0023663 seconds
Start importing Assets/Art/External/KenneyUI/PNG/Blue/Default/button_rectangle_depth_border.png using Guid(8c72f64acf64bfc4e893c44bba693dfc) (TextureImporter) -> (artifact id: '4a5c678599cd60961e775b2ebfe1e8ac') in 0.0015978 seconds
Start importing Assets/Art/External/KenneyUI/PNG/Yellow/Double/arrow_basic_e.png using Guid(8c98fb9dfe41c7a4b8eab64515cacf63) (TextureImporter) -> (artifact id: '98e854f74ae3f1401df11462fc26f9ef') in 0.0011422 seconds
Start importing Assets/Art/External/KenneyUI/PNG/Red/Double/check_square_color_cross.png using Guid(8cfc26fbb61e59f4e9a663fb6a6255d5) (TextureImporter) -> (artifact id: '22bc06a51445c85b931c1d53aec3f804') in 0.0012914 seconds
Start importing Assets/Art/External/KenneyUI/PNG/Grey/Default/button_rectangle_border.png using Guid(9c38d4715f745214ba00e160b97bb46e) (TextureImporter) -> (artifact id: 'ed8c3494bb08ea876bd77904c1921a32') in 0.0014398 seconds
Start importing Assets/Art/External/KenneyUI/PNG/Yellow/Default/button_square_line.png using Guid(9cba86a1bfe40e44db4b7bc7b549aacc) (TextureImporter) -> (artifact id: '5724b36b2f21fc140a4c9efd8a869a93') in 0.0011441 seconds
Start importing Assets/Art/External/KenneyUI/PNG/Grey/Double/check_square_grey_square.png using Guid(9c1bb94807276ec4ca673031f1e4068e) (TextureImporter) -> (artifact id: '7dd3eef98643e6e7feaff175295c1fdb') in 0.0011542 seconds
Start importing Assets/Art/External/KenneyUI/PNG/Red/Default/slide_horizontal_color.png using Guid(ac25ba24b8196114f911cb35bcfc2cc5) (TextureImporter) -> (artifact id: '422c7c09298f5f611fa1125145f1d04d') in 0.001199 seconds
Start importing Assets/Art/External/KenneyUI/PNG/Green/Double/arrow_basic_e.png using Guid(ac98c2aff30ce18459dd4304493ad9b0) (TextureImporter) -> (artifact id: 'd459ab3982c8c20d41fa2901d17ccb9b') in 0.0012089 seconds
Start importing Assets/Art/External/KenneyUI/PNG/Red/Default/slide_horizontal_grey_section_wide.png using Guid(accf856799a96564398e3ed38cd81d53) (TextureImporter) -> (artifact id: '841a87d79f59f117bf57b66f7c1bdea5') in 0.0011644 seconds
Start importing Assets/Art/External/KenneyUI/PNG/Red/Double/arrow_basic_n_small.png using Guid(bcb608cedc744554f90aef71d70d3b7d) (TextureImporter) -> (artifact id: '6795073bd4f586ae68fc51ca25520688') in 0.0012273 seconds
Start importing Assets/Art/External/KenneyUI/PNG/Red/Double/button_square_depth_flat.png using Guid(bc6c1bd0d6c7a39438edb29608147102) (TextureImporter) -> (artifact id: '4fcd02b2f593a958fa7b5ef6113dab7e') in 0.0018176 seconds
Start importing Assets/Art/External/KenneyUI/PNG/Blue/Double/icon_outline_cross.png using Guid(cc6e1b7d4d9249b46afe09f4691d13d8) (TextureImporter) -> (artifact id: '71addcbb62e602240d0e94f543df1e89') in 0.0016348 seconds
Start importing Packages/com.unity.multiplayer.center/Editor/MultiplayerCenterWindow/UI/Icons/CustomNetcode.png using Guid(dce12af736e0a4a1ba35d6424f897dc9) (TextureImporter) -> (artifact id: '0ac0e86324997a925bbf549e044dc1a1') in 0.0012509 seconds
Start importing Assets/Art/External/KenneyUI/PNG/Yellow/Default/button_square_depth_gloss.png using Guid(dc92adba59be45441b81262fab82b6bd) (TextureImporter) -> (artifact id: '4ff7dd8fe7b0992fe103298d45450eb6') in 0.0012228 seconds
Start importing Assets/Art/External/KenneyUI/PNG/Green/Default/button_round_gradient.png using Guid(dc84ea6dad39d2245b659f706aa53d99) (TextureImporter) -> (artifact id: '13df7d788f487e0b870b5c9d2ff4375b') in 0.0012777 seconds
Start importing Assets/Art/External/KenneyUI/PNG/Blue/Double/icon_outline_checkmark.png using Guid(dc7aad6cd3bbfdf4982a8af2150402ce) (TextureImporter) -> (artifact id: '7e6f8e89f14b7e4f0cd514478d634d8a') in 0.0013066 seconds
Start importing Assets/Art/External/KenneyUI/PNG/Blue/Double/slide_horizontal_color.png using Guid(dcda3eb2b25acf54fa0a6b0604ef989d) (TextureImporter) -> (artifact id: '35578ad5afa02f473c9209b4d9030f4d') in 0.0012903 seconds
Start importing Assets/Art/External/KenneyUI/PNG/Blue/Double/arrow_basic_e.png using Guid(ec21ea5f4fe39244393f9f54e419eede) (TextureImporter) -> (artifact id: '31a2da7a4f62b509f5051b02b949bf3d') in 0.0011356 seconds
Start importing Assets/Art/External/KenneyUI/PNG/Grey/Default/icon_circle.png using Guid(ece41efbb14b7a140b32cc837a3c8c98) (TextureImporter) -> (artifact id: '5da7ebb300891f5c956766c1ae58fb1e') in 0.0011393 seconds
Start importing Assets/Art/External/KenneyUI/PNG/Yellow/Default/icon_circle.png using Guid(fcaae65196de27a4d96622c056c4f4bb) (TextureImporter) -> (artifact id: '601169ef188e0697de0a7810f5d15038') in 0.0010886 seconds
Start importing Assets/Art/External/KenneyUI/PNG/Green/Double/icon_outline_checkmark.png using Guid(fc3b050d5cabdec43957f5247e725de4) (TextureImporter) -> (artifact id: 'b6f1bd95dbc9c4422cc75eb8e3804f05') in 0.0012225 seconds
Start importing Assets/Art/External/KenneyUI/PNG/Extra/Double/input_outline_rectangle.png using Guid(fc6b363070735454b8f9e7271bdf6cd4) (TextureImporter) -> (artifact id: '378bccaa514b4673b0786a82629189f6') in 0.0024092 seconds
Start importing Assets/Art/External/KenneyUI/PNG/Red/Double/button_round_border.png using Guid(0d9545a1563540b40a2c29bb9f896fde) (TextureImporter) -> (artifact id: '4c12d2650d9f03cffce3511ef5282489') in 0.0018739 seconds
Start importing Assets/Art/External/KenneyUI/PNG/Blue/Default/slide_horizontal_color_section.png using Guid(0d2bedef9e690f54cb7397b74256cbe7) (TextureImporter) -> (artifact id: 'e6a5c69379c966919726af6e58c45f43') in 0.0011323 seconds
Start importing Assets/Art/External/KenneyUI/PNG/Grey/Default/button_round_gradient.png using Guid(1d4a8db4e6b368a4bbc2cafb32086c6a) (TextureImporter) -> (artifact id: 'cca0bc2795059eabc3d353affd64228a') in 0.0012424 seconds
Start importing Assets/Art/External/KenneyUI/PNG/Red/Default/slide_vertical_color_section_wide.png using Guid(1d9c1cbb966e52d4cb7030d755231370) (TextureImporter) -> (artifact id: 'de13482396171bda1d869741ab5a10f1') in 0.0011974 seconds
Start importing Assets/Art/External/KenneyUI/PNG/Blue/Double/slide_horizontal_grey.png using Guid(1dad11cb455e1f145ba3157bdc0669de) (TextureImporter) -> (artifact id: '625ffc38c7694196efa4d8181a7b9f40') in 0.0013166 seconds
Start importing Packages/com.unity.multiplayer.center/Editor/MultiplayerCenterWindow/UI/Icons/NoNetcode.png using Guid(1daed49eec0f94f7ebb36dfef6159884) (TextureImporter) -> (artifact id: 'f92dd8491f20cd188bddf50d6889a48b') in 0.0013885 seconds
Start importing Assets/Art/External/KenneyUI/PNG/Blue/Double/slide_vertical_grey_section_wide.png using Guid(2dc8c59684b2ebc4c92fb0deecacf7e7) (TextureImporter) -> (artifact id: 'eceafd342b650224032b9a6f6778eca0') in 0.0011264 seconds
Start importing Assets/Art/External/KenneyUI/PNG/Green/Double/button_square_depth_line.png using Guid(2d8c50e8eb0c86c468b0dd0ff254cfb4) (TextureImporter) -> (artifact id: 'bede0d2be721f15291c127f3e44de294') in 0.0017148 seconds
Start importing Assets/Art/External/KenneyUI/PNG/Red/Double/icon_outline_cross.png using Guid(3dc1a1328f4791448b5e3d9c77a53fce) (TextureImporter) -> (artifact id: 'bf4beeefd503da1aabb8d68f6f830df3') in 0.0011397 seconds
Start importing Assets/Art/External/KenneyUI/PNG/Blue/Default/icon_outline_checkmark.png using Guid(3d939d72bbccc46459078167172702a9) (TextureImporter) -> (artifact id: '104038a0fa19697f9ca6c2049ede3deb') in 0.0011325 seconds
Start importing Assets/Art/External/KenneyUI/PNG/Green/Default/button_round_depth_gloss.png using Guid(3d54b0a0f4c08a2438beba16c71178aa) (TextureImporter) -> (artifact id: 'a3aed8eca8fdee35bee2b39e62f0e709') in 0.0012957 seconds
Start importing Assets/Art/External/KenneyUI/PNG/Grey/Default/check_square_grey.png using Guid(3df5a4f1614fd914fbc0c0b097ad17ad) (TextureImporter) -> (artifact id: 'fdff2fc2bbc860d2bcd482bdabd843cb') in 0.0012398 seconds
Start importing Assets/Art/External/KenneyUI/PNG/Red/Double/check_square_grey_square.png using Guid(3d9ae4412facf5f4bbed47d4d958df11) (TextureImporter) -> (artifact id: 'a6f464bfa41898bfc8eeb4ba1d2d6acb') in 0.0013251 seconds
Start importing Assets/Art/External/KenneyUI/PNG/Red/Default/button_rectangle_depth_border.png using Guid(3deb468583b1c7142b192f0101349b0a) (TextureImporter) -> (artifact id: 'dd451baa1d27525f3aa48912bd9df4df') in 0.0014607 seconds
Start importing Assets/Art/External/KenneyUI/PNG/Yellow/Double/button_round_line.png using Guid(3d2ec31e21fdc9a4087b7a286af75a97) (TextureImporter) -> (artifact id: '88e5c2ba1e10718506f5d38ce269a04c') in 0.001377 seconds
Start importing Assets/Art/External/KenneyUI/PNG/Red/Default/slide_horizontal_color_section_wide.png using Guid(4da6483e62c007a4ab63d854fb7b73d8) (TextureImporter) -> (artifact id: '9e4874b3d2bffd6bfa9a739c7701f551') in 0.0010622 seconds
Start importing Assets/Art/External/KenneyUI/PNG/Green/Double/check_square_color_checkmark.png using Guid(4d2768c95b35e7d4fb76a708b706ced5) (TextureImporter) -> (artifact id: '854a1fbbfece5d66a903fdc4cb5e540b') in 0.0010855 seconds
Start importing Assets/Art/External/KenneyUI/PNG/Red/Double/arrow_decorative_e_small.png using Guid(4d69ca16f48eb5b4898473da2dfbe2a5) (TextureImporter) -> (artifact id: 'b06ea6bf4e18ab19a6c64615f365a841') in 0.0011391 seconds
Start importing Assets/Art/External/KenneyUI/PNG/Grey/Default/icon_outline_circle.png using Guid(4dad7b60fc3a48549b25ae3bc1655751) (TextureImporter) -> (artifact id: 'f127e2bae4e8359ef6c86498175fea04') in 0.0011105 seconds
Start importing Assets/Art/External/KenneyUI/PNG/Red/Double/slide_hangle.png using Guid(4d0e2041e4a57914ca4454e1f7d34b23) (TextureImporter) -> (artifact id: 'ce6e61b9978d5e1204678a7b1e9517e1') in 0.0012619 seconds
Start importing Assets/Art/External/KenneyUI/PNG/Blue/Default/button_square_gloss.png using Guid(4dceb646c2bdfcb438849d9918c2de75) (TextureImporter) -> (artifact id: 'b83bd32241f5bf96a4b2671c00212d17') in 0.001292 seconds
Start importing Assets/Art/External/KenneyUI/PNG/Yellow/Double/arrow_decorative_e.png using Guid(5d10dd729638fad48bc62dca41bb152a) (TextureImporter) -> (artifact id: 'ab782ef00fd5c1827b9e13b71b6bce19') in 0.0012125 seconds
Start importing Assets/Art/External/KenneyUI/PNG/Green/Default/icon_outline_square.png using Guid(5d20b79a8fb47594a8534a3eacfbbcc1) (TextureImporter) -> (artifact id: '82fa1fe018e06fb6f536fefec4290eb1') in 0.001093 seconds
Start importing Assets/Art/External/KenneyUI/PNG/Red/Default/arrow_decorative_n.png using Guid(5dc84db2497220944bd753aa64163d6c) (TextureImporter) -> (artifact id: '694f0740462899d5952b89ae219a5fbe') in 0.00119 seconds
Start importing Assets/Art/External/KenneyUI/PNG/Extra/Default/icon_repeat_light.png using Guid(5dccfd7bed0b7474490ba97f2daada17) (TextureImporter) -> (artifact id: 'fc4b8b1e8d40b0117127bee254119dea') in 0.0013195 seconds
Start importing Assets/Art/External/KenneyUI/PNG/Blue/Double/slide_horizontal_color_section_wide.png using Guid(5d1f3358a4d97b248aa1e8fff5f3b3ec) (TextureImporter) -> (artifact id: 'c0cddc07b334ae9979e079fe55950984') in 0.0015329 seconds
Start importing Assets/Art/External/KenneyUI/PNG/Yellow/Default/check_square_color_cross.png using Guid(6d4082c5cb4303e48af2df6afa90a638) (TextureImporter) -> (artifact id: '0d01ceb4f187e8895d1b05bb33ea0df9') in 0.0011671 seconds
Start importing Assets/Art/External/KenneyUI/PNG/Extra/Default/button_square_line.png using Guid(6d543f7288e3c2e4287418178a55fcbf) (TextureImporter) -> (artifact id: '3b603bc527a0dc898ce44bedb4ab1500') in 0.0011795 seconds
Start importing Assets/Art/External/KenneyUI/PNG/Red/Default/arrow_decorative_s_small.png using Guid(6dfb3a22a16eaa84ca8035aea3b62e03) (TextureImporter) -> (artifact id: 'c2990cba430b68d99432fb7cdabfe1e8') in 0.0011996 seconds
Start importing Assets/Art/External/KenneyUI/PNG/Green/Double/star_outline_depth.png using Guid(6d0d0bc230129824aa1200f5ea3da655) (TextureImporter) -> (artifact id: '008abb9a3aff79ed2a57e51cdeb8ebda') in 0.0014704 seconds
Start importing Assets/Art/External/KenneyUI/PNG/Grey/Double/button_round_gradient.png using Guid(7da0c1691f82ea746a13915bb92a87f4) (TextureImporter) -> (artifact id: '56d903124d6e66c659cfaa2bd9f8b281') in 0.0012616 seconds
Start importing Assets/Art/External/KenneyUI/PNG/Grey/Double/button_rectangle_gradient.png using Guid(7d2225d79e1c7fe4eaf8cf1b0ea7ad89) (TextureImporter) -> (artifact id: '8db5c5264f1692603512933b30801b8c') in 0.0018733 seconds
Start importing Assets/Art/External/KenneyUI/PNG/Grey/Default/button_rectangle_gloss.png using Guid(7d071995c086e4245b0fdfeb06db7d50) (TextureImporter) -> (artifact id: '4a1f3fd9331e18395a0712f00980d917') in 0.0013196 seconds
Start importing Assets/Art/External/KenneyUI/PNG/Green/Default/button_square_depth_gradient.png using Guid(7d3cffd3f2bc9cc47b24fab225d28c99) (TextureImporter) -> (artifact id: '41a562d6af8ad314b679d851fd60506f') in 0.0011297 seconds
Start importing Assets/Art/External/KenneyUI/PNG/Green/Default/icon_outline_circle.png using Guid(7d4e5442aa8f5014092a9d778dc00041) (TextureImporter) -> (artifact id: 'e772090176160487e5de58e3bc037c4e') in 0.0018172 seconds
Start importing Assets/Art/External/KenneyUI/PNG/Yellow/Double/check_square_grey_square.png using Guid(8df3c406a42928e43a0782b91703287b) (TextureImporter) -> (artifact id: '96b1756990c74b10285a36a80ff0ce3c') in 0.0015785 seconds
Start importing Assets/Art/External/KenneyUI/PNG/Green/Double/button_square_gradient.png using Guid(8d6ab51a1ccaff8458fc28e96ad6809b) (TextureImporter) -> (artifact id: '8f10640893b4d9f19aa251f72ffedfe9') in 0.0013617 seconds
Start importing Assets/Art/External/KenneyUI/PNG/Red/Double/button_round_depth_gloss.png using Guid(8d2cc76b1a880ea498876e8c9363fa06) (TextureImporter) -> (artifact id: '58ee8dad6422b7b0f5c98d0b7937c981') in 0.001251 seconds
Start importing Packages/com.unity.multiplayer.center/Editor/MultiplayerCenterWindow/UI/Icons/Package.png using Guid(9d9689eab72c8480c90679f4dcf18820) (TextureImporter) -> (artifact id: '1ee0268afd4d8f45be984036911e5d68') in 0.001169 seconds
Start importing Assets/Art/External/KenneyUI/PNG/Extra/Default/icon_play_light.png using Guid(9db95386db6c7ee4c999068ba24bb77b) (TextureImporter) -> (artifact id: '22b512b2553d3952264b61455055de1f') in 0.0011542 seconds
Start importing Assets/Art/External/KenneyUI/PNG/Yellow/Double/arrow_decorative_s.png using Guid(9d1e04184f82ac7429e6afd06807c51a) (TextureImporter) -> (artifact id: '55543cb321a690a2fca113cbd9348a0e') in 0.001147 seconds
Start importing Assets/Art/External/KenneyUI/PNG/Yellow/Default/button_rectangle_gradient.png using Guid(9d0fc36b0242e9a46a91854cf0dec29b) (TextureImporter) -> (artifact id: '97ff2009cf75923edd66f6e760e9ce7d') in 0.0013604 seconds
Start importing Assets/Art/External/KenneyUI/PNG/Red/Default/button_round_depth_gradient.png using Guid(ad93f85100e3f3044ab3d85cd8988f90) (TextureImporter) -> (artifact id: 'dd3c20edb5635bfcc654eeb8be0d8eea') in 0.0011367 seconds
Start importing Assets/Art/External/KenneyUI/PNG/Red/Double/arrow_decorative_s.png using Guid(ade43416a2da8c24ab3cccd3ba87d963) (TextureImporter) -> (artifact id: 'cf5c5655cfd53a1abb040d528dcde1d4') in 0.0011227 seconds
Start importing Assets/Art/External/KenneyUI/PNG/Blue/Default/check_square_color_square.png using Guid(ade428ba040747341b8432116fd0c20f) (TextureImporter) -> (artifact id: '624b8fa51f3a29a24a1aa19166553756') in 0.0011484 seconds
Start importing Assets/Art/External/KenneyUI/PNG/Yellow/Double/button_round_depth_gloss.png using Guid(adc9ae73aa896d143851dbee81cc1906) (TextureImporter) -> (artifact id: '440a4370b1e87c61643450bda75db8ae') in 0.0015685 seconds
Start importing Assets/Art/External/KenneyUI/PNG/Blue/Default/button_rectangle_depth_flat.png using Guid(ad4bcdda5e09e544791f78cd5cded11b) (TextureImporter) -> (artifact id: '2baf4959105dfc1b74a45eb878a1f924') in 0.0014269 seconds
Start importing Assets/Art/External/KenneyUI/PNG/Blue/Default/button_square_flat.png using Guid(ad8bd943241660646bb7cc2e6993f8be) (TextureImporter) -> (artifact id: 'ecaac8cf8618028cea8cb1dfd8e0be35') in 0.0012251 seconds
Start importing Packages/com.unity.multiplayer.center/Editor/MultiplayerCenterWindow/UI/Icons/CloudCode.png using Guid(ad1d29f4654194951a3c8bf507914d05) (TextureImporter) -> (artifact id: '7912cc4b4357259173d84847850d7a35') in 0.0012848 seconds
Start importing Assets/Art/External/KenneyUI/PNG/Green/Default/slide_horizontal_color.png using Guid(ad9d8c87665451340a835200dd60b85f) (TextureImporter) -> (artifact id: 'b53618ba893dbd3ba35a363e0753fb6b') in 0.0011694 seconds
Start importing Assets/Art/External/KenneyUI/PNG/Green/Default/button_square_depth_line.png using Guid(bd357703746164f4d9341f6499b23648) (TextureImporter) -> (artifact id: 'b4d772aff3a0817bf61d3fbba407d517') in 0.0012567 seconds
Start importing Assets/Art/External/KenneyUI/PNG/Red/Default/button_rectangle_flat.png using Guid(bd4613a1c45e9e64f8369eab4a768f81) (TextureImporter) -> (artifact id: '3fbb43a7d2009315253443414123cf7f') in 0.0013427 seconds
Start importing Assets/Art/External/KenneyUI/PNG/Yellow/Default/icon_square.png using Guid(bd8c04a195498de4fb3f2ede5800aa6c) (TextureImporter) -> (artifact id: '1ae46d297e0ee5f58233ad163de0c2dc') in 0.0010447 seconds
Start importing Assets/Art/External/KenneyUI/PNG/Yellow/Double/icon_square.png using Guid(bd0e0b65c08ad874b91d1bcfbe4eb5a1) (TextureImporter) -> (artifact id: '9fd4fea7d82b01c5a6322b9845b1eed3') in 0.0010628 seconds
Start importing Assets/Art/External/KenneyUI/PNG/Yellow/Double/button_round_depth_line.png using Guid(bd0f7bd51da03c8429f2310ff7da410e) (TextureImporter) -> (artifact id: '8131f4fdb5b054c489478a42f918ba89') in 0.0014633 seconds
Start importing Assets/Art/External/KenneyUI/PNG/Green/Double/button_round_flat.png using Guid(cdf059e3df436ed45a2d27be603b76b4) (TextureImporter) -> (artifact id: '46ac4c92928233204b5cedd8cfda0625') in 0.0013525 seconds
Start importing Assets/Art/External/KenneyUI/PNG/Grey/Default/arrow_basic_s.png using Guid(cd35850d16195484492c011c73e14d88) (TextureImporter) -> (artifact id: '10ded919c3e4e486e37ff6bedbdf8f0e') in 0.0011169 seconds
Start importing Assets/Art/External/KenneyUI/PNG/Blue/Double/button_rectangle_border.png using Guid(cd55e594f1c10ee4aa5070cd57f9dac9) (TextureImporter) -> (artifact id: '1fcd55ae173f2f2d4929f6b88d6f59cf') in 0.0027097 seconds
Start importing Assets/Art/External/KenneyUI/PNG/Green/Default/arrow_decorative_n.png using Guid(cdbb3831364e59c4e81031a261489c56) (TextureImporter) -> (artifact id: '635c0c389798ee3f52b4578935f6d1b1') in 0.0013592 seconds
Start importing Assets/Art/External/KenneyUI/PNG/Grey/Default/check_round_grey.png using Guid(cdddf257f0fc34346b39ef4a1d8b8190) (TextureImporter) -> (artifact id: '39b52c420aa8728900ab621fdfac7aa1') in 0.001168 seconds
Start importing Packages/com.unity.multiplayer.center/Editor/MultiplayerCenterWindow/UI/Icons/Questionnaire.png using Guid(dd70cd654275d47db807e918055e004f) (TextureImporter) -> (artifact id: '926e8b9a01b7d97b1fcee29c439f700d') in 0.0011941 seconds
Start importing Assets/Art/External/KenneyUI/PNG/Yellow/Double/arrow_decorative_n.png using Guid(ddd21a624b0b8b04bbf88e54fa409566) (TextureImporter) -> (artifact id: '67bc1640542a661b4ffc8035638155f2') in 0.0013036 seconds
Start importing Assets/Art/External/KenneyUI/PNG/Red/Default/arrow_decorative_s.png using Guid(dd792a35c90b8d04ab1a0a550cfff3de) (TextureImporter) -> (artifact id: 'cc8f07c29b5af6b67c686b074c0c80c0') in 0.0012072 seconds
Start importing Assets/Art/External/KenneyUI/PNG/Red/Default/button_round_depth_border.png using Guid(dd9d558106e4f294588511ca54c02a8b) (TextureImporter) -> (artifact id: 'd735cff6e2b0b31517eeed7d90e772dc') in 0.0012003 seconds
Start importing Assets/Art/External/KenneyUI/PNG/Green/Default/arrow_decorative_w_small.png using Guid(ed14b71d0216fb5449940228c0ea8057) (TextureImporter) -> (artifact id: '1626222717a9a930eaa9132534f437a4') in 0.0011617 seconds
Start importing Assets/Art/External/KenneyUI/PNG/Green/Default/check_round_color.png using Guid(fd458e48175fe3d4eb7137cbeefa89b8) (TextureImporter) -> (artifact id: 'ca3b3c10e1ca0f33c76173e899ec1b6b') in 0.0010749 seconds
Start importing Assets/Art/External/KenneyUI/PNG/Green/Default/check_square_grey_checkmark.png using Guid(fd3afe0a785c3094b82f13e4d922070a) (TextureImporter) -> (artifact id: 'fb070d69d89374346abf5a811e53e8dd') in 0.0010406 seconds
Start importing Assets/Art/External/KenneyUI/PNG/Yellow/Default/star.png using Guid(fd9f0a57d4fb3104990ad47ac2ace7e2) (TextureImporter) -> (artifact id: '37fb3a29c2a2353c0421b6e389197daa') in 0.0013172 seconds
Start importing Assets/Art/External/KenneyUI/PNG/Blue/Double/button_round_depth_border.png using Guid(0ec19a6fbfb91fa4caaf3f9ce4e3ffd8) (TextureImporter) -> (artifact id: '5524caa7eb6f3ecbee614dcc122d8908') in 0.0013055 seconds
Start importing Assets/Art/External/KenneyUI/PNG/Grey/Default/icon_outline_cross.png using Guid(0e6256e6646a17644875470c4947150e) (TextureImporter) -> (artifact id: '400a373db79c43e38e315eb284883022') in 0.0015428 seconds
Start importing Assets/Art/External/KenneyUI/PNG/Extra/Double/input_rectangle.png using Guid(0e8335d6741d45746be648fc48e107b1) (TextureImporter) -> (artifact id: 'dd0adae12322088c1eec623a15990527') in 0.0019064 seconds
Start importing Assets/Art/External/KenneyUI/PNG/Yellow/Default/icon_cross.png using Guid(0ec8751ddbb6bce42b0c163d5eeceb66) (TextureImporter) -> (artifact id: '37723ae2b1e311d6389c477fb809d532') in 0.0011663 seconds
Start importing Assets/Art/External/KenneyUI/PNG/Blue/Default/star.png using Guid(0ec8edfc6cad98444ace232c784e76ff) (TextureImporter) -> (artifact id: '5905f62ee1abf4db541533c520068d67') in 0.0012193 seconds
Start importing Assets/Art/External/KenneyUI/PNG/Grey/Double/button_rectangle_depth_border.png using Guid(0e0ac46d53b994a4d9f1376112a17fe4) (TextureImporter) -> (artifact id: 'e4ae7fb52288f2a80bb5d53d219094cf') in 0.0019321 seconds
Start importing Assets/Art/External/KenneyUI/PNG/Blue/Default/button_square_depth_flat.png using Guid(0e0ef99769d8bfa44baa79620fcf2f49) (TextureImporter) -> (artifact id: 'f12dfd8766533e2104163e09a21eb971') in 0.001178 seconds
Start importing Assets/Art/External/KenneyUI/PNG/Green/Default/check_square_color_checkmark.png using Guid(0effc7f2df139fb4c8fdcaf72ca9a85c) (TextureImporter) -> (artifact id: 'f32fcd608b28ed8a842d6decf9aa171e') in 0.0011603 seconds
Start importing Assets/Art/External/KenneyUI/PNG/Blue/Default/arrow_decorative_e.png using Guid(1eb02376229ad024a82f9bc724d866bf) (TextureImporter) -> (artifact id: 'bffb09352d8cc5ad15ac9710e6b26260') in 0.0010755 seconds
Start importing Assets/Art/External/KenneyUI/PNG/Blue/Double/button_rectangle_depth_flat.png using Guid(1e05d1b2a8e4bdc419d1c70b86c49262) (TextureImporter) -> (artifact id: '8e75210535778137c42d6e6a3d216a5b') in 0.0019685 seconds
Start importing Assets/Art/External/KenneyUI/PNG/Red/Default/star_outline_depth.png using Guid(2e33b59238572574c981cee3861a049f) (TextureImporter) -> (artifact id: '1dae95b573a54410e30e5fc1e084adca') in 0.0013738 seconds
Start importing Assets/Art/External/KenneyUI/PNG/Blue/Default/arrow_decorative_n_small.png using Guid(2e4856db46bc4af4185fb5731757fc1c) (TextureImporter) -> (artifact id: 'b6a60757513e42578eea15de3c886255') in 0.00152 seconds
Start importing Assets/Art/External/KenneyUI/PNG/Green/Double/button_round_border.png using Guid(2e69bfdc264b9354d84e5cb61331edca) (TextureImporter) -> (artifact id: 'df1db2f163b9867d3330f762ed379863') in 0.0014612 seconds
Start importing Assets/Art/External/KenneyUI/PNG/Grey/Default/arrow_basic_w_small.png using Guid(2e8970c14ff4f0946ad444ff31b37511) (TextureImporter) -> (artifact id: '2b21278c8cd39c4f06a1966d288b68c1') in 0.0011516 seconds
Start importing Assets/Art/External/KenneyUI/PNG/Yellow/Double/icon_outline_square.png using Guid(3ec3967af39264549bfa268d42d1d2c0) (TextureImporter) -> (artifact id: '7ce3c96ec89caa389d5f4027274cbbb0') in 0.0011799 seconds
Start importing Assets/Art/External/KenneyUI/PNG/Extra/Double/icon_repeat_outline.png using Guid(3e95f23417f31534bb93edee4b97b7c3) (TextureImporter) -> (artifact id: 'cfe734a424c899543b326de4516f22e0') in 0.0012474 seconds
Start importing Assets/Art/External/KenneyUI/PNG/Blue/Double/check_round_color.png using Guid(3efd2d668681a7240afb8c8ba6c1f4ef) (TextureImporter) -> (artifact id: '6e2b5d412788d26d4308810f5cc73a74') in 0.001135 seconds
Start importing Assets/Art/External/KenneyUI/PNG/Red/Default/button_round_depth_line.png using Guid(3e9e60b7b88d1464ab3d781a4bfcbe07) (TextureImporter) -> (artifact id: '9e06dd50825ad3bb0faed4954407723a') in 0.0011782 seconds
Start importing Assets/Art/External/KenneyUI/PNG/Red/Default/arrow_basic_e_small.png using Guid(4e05ece7fa5a31a499439de0bd4cfc9f) (TextureImporter) -> (artifact id: '32e52883ffbf516aa6368940c24ed0bd') in 0.0012301 seconds
Start importing Assets/Art/External/KenneyUI/PNG/Green/Default/button_square_flat.png using Guid(5e3037b8eb3c9324eabf28a06da7e744) (TextureImporter) -> (artifact id: '339b7a89a6f495cc8257ff421fdc9f72') in 0.0012027 seconds
Start importing Assets/Art/External/KenneyUI/Sample.png using Guid(5e61055fb667c054fad68c756b896d32) (TextureImporter) -> (artifact id: '91f46bfc3d4daf228ce85d0cd5ba6d0d') in 0.0078165 seconds
Start importing Assets/Art/External/KenneyUI/PNG/Red/Double/slide_vertical_grey.png using Guid(5e818e561a90681488c03721131c4016) (TextureImporter) -> (artifact id: '852790faa5d43db13f05f75624e45d72') in 0.0015954 seconds
Start importing Assets/Art/External/KenneyUI/PNG/Grey/Default/button_square_border.png using Guid(5e843f0515e791e4aa02cb36c1303a8c) (TextureImporter) -> (artifact id: '39d09a160806fc4e90dd52f77a2d8eb4') in 0.001196 seconds
Start importing Assets/Art/External/KenneyUI/PNG/Blue/Default/star_outline.png using Guid(5e6d678fb2fac6243ba8b51b1f2e8edf) (TextureImporter) -> (artifact id: 'fae8f5989267dcb970f748b4846db272') in 0.001189 seconds
Start importing Assets/Art/External/KenneyUI/PNG/Green/Default/button_round_gloss.png using Guid(6e77031454bf41b478f2ceeb54131acd) (TextureImporter) -> (artifact id: 'd60547bb5f0f415c02e57f3e0259756c') in 0.0010603 seconds
Start importing Assets/Art/External/KenneyUI/PNG/Extra/Default/icon_arrow_up_outline.png using Guid(7e6619eeeefbffa4fbf9867ffbca8ed3) (TextureImporter) -> (artifact id: '1010478aa77241a9e5692e8f20cd602e') in 0.0011499 seconds
Start importing Assets/Art/External/KenneyUI/PNG/Blue/Default/slide_horizontal_grey_section_wide.png using Guid(8e808d5da96ca334dbdf089356719def) (TextureImporter) -> (artifact id: '1d60eb104d6b92579374425a7d93eb70') in 0.0012197 seconds
Start importing Assets/Art/External/KenneyUI/PNG/Extra/Default/icon_arrow_down_outline.png using Guid(8ef1768899a8a5445825ba82c3d56fdb) (TextureImporter) -> (artifact id: 'cdebba7b1b3a45159dfddf9929cf658d') in 0.0011949 seconds
Start importing Assets/Art/External/KenneyUI/PNG/Grey/Default/slide_horizontal_color.png using Guid(8eb3e3395f10ad34d913eaa858597f5c) (TextureImporter) -> (artifact id: 'f1a51f315ddbdf7fe9d0a6f0f7ed9b2f') in 0.0012198 seconds
Start importing Assets/Art/External/KenneyUI/PNG/Grey/Default/button_rectangle_depth_flat.png using Guid(8ef48b733c484b445ac8e1b2745fb595) (TextureImporter) -> (artifact id: '938bb2bf89936bb5f4106a3667313122') in 0.0016786 seconds
Start importing Assets/Art/External/KenneyUI/PNG/Yellow/Double/arrow_decorative_w_small.png using Guid(8e473e590bb571a4396e6f2bb05db674) (TextureImporter) -> (artifact id: 'c5ee37f4b9cf1049bf137f39176668fe') in 0.0012502 seconds
Start importing Assets/Art/External/KenneyUI/PNG/Green/Default/button_round_depth_flat.png using Guid(8ecda36dbed5e2d4f98d854c55d81551) (TextureImporter) -> (artifact id: '1f691551eb10de2bd1e30684d5c01f57') in 0.0012725 seconds
Start importing Assets/Resources/Art/diceroll.png using Guid(8e2efc0816b749542a809cc3aef9373e) (TextureImporter) -> (artifact id: '71881d7b3a28ba48de03b93386d8aaf1') in 0.001464 seconds
Start importing Assets/Art/External/KenneyUI/PNG/Red/Double/arrow_basic_n.png using Guid(9e21f34602f8a61488fac052fa6b474e) (TextureImporter) -> (artifact id: 'f21c7de10a606ff2a6e86752ac254293') in 0.0011869 seconds
Start importing Assets/Art/External/KenneyUI/PNG/Green/Default/button_square_depth_border.png using Guid(9ec2ca3176f03a0498575499d65e6692) (TextureImporter) -> (artifact id: '368bf40b6d78d1fa8742543fd90ff909') in 0.00115 seconds
Start importing Assets/Art/External/KenneyUI/PNG/Red/Default/icon_checkmark.png using Guid(9ef770582dd0bcd40bc164eebfe0db0e) (TextureImporter) -> (artifact id: 'adb8a2ecc99857944f8a584fb28a1b74') in 0.0012024 seconds
Start importing Assets/Art/External/KenneyUI/PNG/Yellow/Default/button_square_border.png using Guid(9e398eee0d525cd4f9b3c95eab1cb833) (TextureImporter) -> (artifact id: '5d7519c752196b784160e643553baa09') in 0.0011394 seconds
Start importing Assets/Art/External/KenneyUI/PNG/Grey/Default/check_round_grey_circle.png using Guid(9edc9a78f3a8540409ea2755eb40a359) (TextureImporter) -> (artifact id: 'c829b6982bcd91d5e61a9df8517f3ac0') in 0.0011453 seconds
Start importing Assets/Art/External/KenneyUI/PNG/Red/Default/button_round_gradient.png using Guid(9eff0de19bc8bf7458b8f693996b5d5f) (TextureImporter) -> (artifact id: '2163d0f26cabd73c6a3290598abbd1e6') in 0.0011035 seconds
Start importing Assets/Art/External/KenneyUI/PNG/Yellow/Default/icon_outline_cross.png using Guid(ae7b179d8ff24da4193baac5c954e1c2) (TextureImporter) -> (artifact id: '98a163fe1bb6a163309722f799e73ec8') in 0.0011948 seconds
Start importing Assets/Art/External/KenneyUI/PNG/Green/Double/arrow_decorative_e.png using Guid(be37f61af161761498e4ecaca17bf4c8) (TextureImporter) -> (artifact id: 'd52f9e3910337cadc0adce99342e14dc') in 0.0011712 seconds
Start importing Assets/Art/External/KenneyUI/PNG/Yellow/Default/button_round_depth_gloss.png using Guid(be478eef9372190478c5a4767115492b) (TextureImporter) -> (artifact id: 'c851d968c7ba7769c19f1d9e1b0f875f') in 0.0011437 seconds
Start importing Assets/Resources/Art/button_yellow.png using Guid(bef8e89330fb9ea42b7c88d81cd7bd12) (TextureImporter) -> (artifact id: '7efb8444c953de4fb5fc8bc283c6fffd') in 0.0013077 seconds
Start importing Assets/Art/External/KenneyUI/PNG/Blue/Default/button_round_depth_line.png using Guid(bed9fc9da3809d342a9eef0e38e43ca6) (TextureImporter) -> (artifact id: '53f67dfbfa5be6b3919fd665786f1b21') in 0.0012549 seconds
Start importing Assets/Art/External/KenneyUI/PNG/Blue/Double/icon_outline_circle.png using Guid(ceb315fb47eb54342afa232b7af22d83) (TextureImporter) -> (artifact id: '934f1bfd644b5393566f4a49abb9ab1b') in 0.0011796 seconds
Start importing Assets/Art/External/KenneyUI/PNG/Grey/Default/arrow_decorative_n_small.png using Guid(ce5d917facb1d6f4f8b14bd703a7b565) (TextureImporter) -> (artifact id: 'ad0671e42496bfdc61d26d6e23ec3d38') in 0.0013521 seconds
Start importing Assets/Art/External/KenneyUI/PNG/Yellow/Double/icon_cross.png using Guid(de72859906ac5304e8a21f9b878d42d6) (TextureImporter) -> (artifact id: '2ad71d0d83fd113ea79c102b31178e6e') in 0.0011902 seconds
Start importing Assets/Art/External/KenneyUI/PNG/Red/Default/arrow_basic_e.png using Guid(de59a018b451bfc49a6a8ae39f607cee) (TextureImporter) -> (artifact id: 'bb4290d2cd383bba7a5adfb88eccfe7b') in 0.0011833 seconds
Start importing Assets/Art/External/KenneyUI/PNG/Extra/Default/input_outline_rectangle.png using Guid(de7e094cebbf5a94eb522daca6ce4cbe) (TextureImporter) -> (artifact id: '1811754a497967a4ce3126131998f2d8') in 0.0014729 seconds
Start importing Assets/Art/External/KenneyUI/PNG/Grey/Default/star.png using Guid(eee9636e0eb81bd4a9f91cedb81deab4) (TextureImporter) -> (artifact id: '7bfc4142f0db5e1163e79dd5e9f437a7') in 0.0012682 seconds
Start importing Assets/Art/External/KenneyUI/PNG/Green/Default/button_square_gloss.png using Guid(ee4b4cffcf5662f44b8c0994359ac90c) (TextureImporter) -> (artifact id: '8d071cf65e04cf05abf50e0ce120afe9') in 0.001096 seconds
Start importing Assets/Art/External/KenneyUI/PNG/Blue/Double/icon_outline_square.png using Guid(ee9f0cab3ecee234aa3648b783be9efe) (TextureImporter) -> (artifact id: '8fb2f4f9ea351261f4a3b0136501803b') in 0.0011186 seconds
Start importing Assets/Art/External/KenneyUI/PNG/Green/Double/check_square_grey_cross.png using Guid(fe7878f75b58c484384a3486109f3511) (TextureImporter) -> (artifact id: 'dcbedde33a1ec07bd3fe1be4a046ae6e') in 0.0012291 seconds
Start importing Assets/Art/External/KenneyUI/PNG/Yellow/Default/arrow_basic_s_small.png using Guid(fe0f488a85573044fb2317e61fca30b5) (TextureImporter) -> (artifact id: 'fadd430f72d44af1ebb53cf4a4c8a413') in 0.0010696 seconds
Start importing Assets/Art/External/KenneyUI/PNG/Blue/Double/check_round_grey_circle.png using Guid(0fd2eac98e9f98140b78395d6584fe54) (TextureImporter) -> (artifact id: '5152612d65dad6973af14a9a14304c75') in 0.0011327 seconds
Start importing Assets/Art/External/KenneyUI/PNG/Grey/Double/check_square_color_square.png using Guid(0f1699beb7b5d0f49bfe8ef4da52f751) (TextureImporter) -> (artifact id: '2d44dc824f5c818850969bfe9826f2b8') in 0.0019118 seconds
Start importing Assets/Art/External/KenneyUI/PNG/Red/Default/button_square_depth_flat.png using Guid(0f0853381a3a175449008975ca56c145) (TextureImporter) -> (artifact id: '94698a68c9ea73569910a9b035e40b38') in 0.0014782 seconds
Start importing Assets/Art/External/KenneyUI/PNG/Yellow/Default/arrow_decorative_e.png using Guid(0f5edc6d7502ddc43ad4e0865fc30680) (TextureImporter) -> (artifact id: '92469189ed1060b9c00ae61b8eda0972') in 0.0011828 seconds
Start importing Assets/Art/External/KenneyUI/PNG/Green/Double/slide_hangle.png using Guid(1f16118c8faac434495d2aed6524e132) (TextureImporter) -> (artifact id: 'f7122148deef69d8c5dcaba75f5d8f9b') in 0.0013469 seconds
Start importing Assets/Art/External/KenneyUI/PNG/Red/Double/button_square_flat.png using Guid(1f08bcf7f0cac7449885b151e5f7a506) (TextureImporter) -> (artifact id: '5c39d4ca4cb41251e4f94b598beb7d09') in 0.0012678 seconds
Start importing Assets/Art/External/KenneyUI/PNG/Red/Default/arrow_basic_n.png using Guid(1f289e65757a4a0438925ddc7841ad95) (TextureImporter) -> (artifact id: 'af2bbcbd2d764cf95724a685f0a457e4') in 0.00107 seconds
Start importing Assets/Art/External/KenneyUI/PNG/Grey/Default/icon_outline_checkmark.png using Guid(2f3aa281910acd342a2b0f241c94b331) (TextureImporter) -> (artifact id: '166708a7a453cb2eb01012a12eb91bec') in 0.0012557 seconds
Start importing Assets/Art/External/KenneyUI/PNG/Red/Double/check_square_color_checkmark.png using Guid(2fea96f83662b4545a6c9b30d3758f0a) (TextureImporter) -> (artifact id: '16ed3447a134a4aa1ec4ab916b59e971') in 0.0012683 seconds
Start importing Assets/Art/External/KenneyUI/PNG/Yellow/Default/check_square_grey_checkmark.png using Guid(3fa30e340b2d21c43bf2938abb458ce0) (TextureImporter) -> (artifact id: '716d85035a35f54d1f2c27dd4db88c90') in 0.0011298 seconds
Start importing Assets/Art/External/KenneyUI/PNG/Green/Double/star.png using Guid(3f1802e6ecd7fb34ebd10e12f3b3e867) (TextureImporter) -> (artifact id: 'cdff98fa966694a3a2531705eab189a8') in 0.0014402 seconds
Start importing Packages/com.unity.multiplayer.center/Editor/MultiplayerCenterWindow/UI/Icons/DedicatedServer.png using Guid(3fe892784421e47f5aa40c2784a6cb3e) (TextureImporter) -> (artifact id: '43aa85318146f33924c554e7c63ded21') in 0.0012176 seconds
Start importing Assets/Art/External/KenneyUI/PNG/Blue/Double/button_square_gloss.png using Guid(3f0b01ef3774ede4bb07fb4a9063d024) (TextureImporter) -> (artifact id: 'a200a1c9565bfe857d78e79f85b8ec8c') in 0.0013944 seconds
Start importing Assets/Art/External/KenneyUI/PNG/Extra/Default/button_rectangle_line.png using Guid(3f9f28b7c892dca449ae3608cf48d50c) (TextureImporter) -> (artifact id: 'a69eb24be29bafb4a0bef2043c8750c8') in 0.0014981 seconds
Start importing Assets/Art/External/KenneyUI/PNG/Blue/Double/button_round_gradient.png using Guid(4ff58dea1ec3fec489c9959aa2d7c3d2) (TextureImporter) -> (artifact id: '5cb8d3cfccf810a894920bdb35340d12') in 0.0012957 seconds
Start importing Assets/Art/External/KenneyUI/PNG/Yellow/Double/slide_vertical_grey_section_wide.png using Guid(4ff7e7215907e8f4a80ee3de4b4a3b58) (TextureImporter) -> (artifact id: '06c5b62c4dc703a7d25a9b0d19426aeb') in 0.0011825 seconds
Start importing Packages/com.unity.multiplayer.center/Editor/MultiplayerCenterWindow/UI/Icons/Check.png using Guid(4f78a544322c742b89e63fb68557b1d2) (TextureImporter) -> (artifact id: '487c714987ef3e2299a5dd3b0dfea2d4') in 0.0011251 seconds
Start importing Assets/Art/External/KenneyUI/PNG/Red/Double/check_square_grey_cross.png using Guid(4f0992b7bb009c9429249eee5a4ca14b) (TextureImporter) -> (artifact id: '98dbab78be5ffc70a9f562cf8bd665f3') in 0.0012035 seconds
Start importing Assets/Art/External/KenneyUI/PNG/Grey/Default/button_round_depth_line.png using Guid(4f49e04217e954641b995e27d4339500) (TextureImporter) -> (artifact id: '52db7a5502e88212717beb078d39dd56') in 0.0011118 seconds
Start importing Assets/Art/External/KenneyUI/PNG/Grey/Double/slide_vertical_grey_section_wide.png using Guid(4f9cea0ee4bbee342881a70e6b4ec3b9) (TextureImporter) -> (artifact id: '1e4d03bca3717ba0e2f0d3896fd42772') in 0.0011666 seconds
Start importing Assets/Art/External/KenneyUI/PNG/Extra/Default/button_round_line.png using Guid(4f3d603f3d88f1e4db4a75f2841f434a) (TextureImporter) -> (artifact id: '8f1b676e4e229852008d3f974e387615') in 0.0011787 seconds
Start importing Assets/Art/External/KenneyUI/PNG/Red/Default/button_rectangle_depth_flat.png using Guid(4fcd4d1c992b7924abdcacf4a9d1d3fd) (TextureImporter) -> (artifact id: 'de58115c99614d59b5bbeab82eb18fd8') in 0.0014497 seconds
Start importing Assets/Art/External/KenneyUI/PNG/Blue/Default/arrow_basic_w.png using Guid(5fe1c5f5f8622074db8a5224fa6dc24e) (TextureImporter) -> (artifact id: 'a2b4e6dee8134bcef795607c6846f03b') in 0.0011292 seconds
Start importing Assets/Art/External/KenneyUI/PNG/Yellow/Default/button_round_border.png using Guid(5feb1fb4fc17385479edae5842965f93) (TextureImporter) -> (artifact id: '1139a9d54c7019cc03120cb0f933a481') in 0.0011932 seconds
Start importing Assets/Art/External/KenneyUI/PNG/Red/Double/button_square_depth_border.png using Guid(5f4e5a84d41ec6345ae40722a0b184a5) (TextureImporter) -> (artifact id: 'a9442c9dfcf58584d0160a2c936e1ac3') in 0.0012846 seconds
Start importing Assets/Art/External/KenneyUI/PNG/Green/Default/button_round_depth_gradient.png using Guid(6f97a97653d4d294ba6ce96390af3ddd) (TextureImporter) -> (artifact id: 'c1e839519e408f677fac845b7a86cb17') in 0.0012921 seconds
Start importing Assets/Art/External/KenneyUI/PNG/Grey/Double/check_square_grey_checkmark.png using Guid(6fd8982147c49ef4caede43ba0254896) (TextureImporter) -> (artifact id: '5e8ad44d69daa9b7ae18075324403600') in 0.0013777 seconds
Start importing Assets/Art/External/KenneyUI/PNG/Grey/Default/button_square_depth_border.png using Guid(7ff481eeb97df4c4a878b515a3df7fb5) (TextureImporter) -> (artifact id: 'bf1606a828a7167343f8848a46e7c3c7') in 0.0011033 seconds
Start importing Assets/Art/External/KenneyUI/PNG/Red/Double/button_round_gloss.png using Guid(7f888aa51e7a39c49a12345fccab607c) (TextureImporter) -> (artifact id: '96ecb5946444901784448e30588c454d') in 0.0012943 seconds
Start importing Assets/Art/External/KenneyUI/PNG/Blue/Double/button_square_depth_gradient.png using Guid(7fe808b6c38aa7c4ab5d63adb6f2d1dc) (TextureImporter) -> (artifact id: '9fefbd4a4edbb125b9f63e9904815b87') in 0.0012636 seconds
Start importing Assets/Art/External/KenneyUI/PNG/Blue/Double/button_rectangle_depth_gloss.png using Guid(7f4bc415717a5af42a9d53298d3d8840) (TextureImporter) -> (artifact id: '625a033c605598d79616bc24c7ecb70c') in 0.0018744 seconds
Start importing Assets/Art/External/KenneyUI/PNG/Red/Default/slide_vertical_color_section.png using Guid(7f0ddbff151e5614eb9ca3d85c81919f) (TextureImporter) -> (artifact id: '3099b9e10550912d00e46305f49fbe0e') in 0.0010669 seconds
Start importing Assets/Art/External/KenneyUI/PNG/Blue/Double/arrow_basic_w.png using Guid(8fd11488468e76244970f4dbc2d96bd1) (TextureImporter) -> (artifact id: 'bc802887435379f0a933e1e9b6e1a51a') in 0.0011949 seconds
Start importing Assets/Art/External/KenneyUI/PNG/Yellow/Double/check_round_round_circle.png using Guid(8fcf4bbc4bc9f604d904e1e2a9aa1630) (TextureImporter) -> (artifact id: '8584d6318a07038480e72a1150d80b02') in 0.0011938 seconds
Start importing Assets/Art/External/KenneyUI/PNG/Green/Default/slide_vertical_color_section.png using Guid(9f409c1b51670cb4caa6b380f9073495) (TextureImporter) -> (artifact id: 'f11c6147303afc877edd8006b52dd646') in 0.0010606 seconds
Start importing Assets/Art/External/KenneyUI/PNG/Yellow/Double/slide_horizontal_color_section.png using Guid(afd5bdd84fbaea348af9118ddd81f376) (TextureImporter) -> (artifact id: 'be6fedc7fa581ad5ac2f9347ca5843ae') in 0.0011222 seconds
Start importing Assets/Art/External/KenneyUI/PNG/Blue/Double/button_rectangle_depth_gradient.png using Guid(af393626d3ef6f34ab4aa15f86607aaf) (TextureImporter) -> (artifact id: '975a34a05f14b96320597ff2616720df') in 0.0026894 seconds
Start importing Assets/Art/External/KenneyUI/PNG/Red/Default/button_square_depth_border.png using Guid(bfd112c51279bd340b70a99193fbf60e) (TextureImporter) -> (artifact id: '32e1d1c046d1b51aa783a73c3943174d') in 0.0012389 seconds
Start importing Assets/Art/External/KenneyUI/PNG/Green/Double/button_round_gradient.png using Guid(bfd4780cb0a014c4ea98355bdc0c6c8e) (TextureImporter) -> (artifact id: 'b94df8c78fd9546813f5e54ee5c19e8f') in 0.0013985 seconds
Start importing Assets/Art/External/KenneyUI/PNG/Green/Double/arrow_decorative_n.png using Guid(bf9572a5bc5c4b84a9de2285d211e395) (TextureImporter) -> (artifact id: '20c42858e3ae0e5d19fbf1fad4addbf5') in 0.001082 seconds
Start importing Assets/Art/External/KenneyUI/PNG/Red/Double/check_square_color_square.png using Guid(bfafb6bcb96c0824d895af238ab3a8cf) (TextureImporter) -> (artifact id: 'b57d7c02d57a964714b48b8efb5b2dc7') in 0.0012063 seconds
Start importing Assets/Art/External/KenneyUI/PNG/Green/Double/icon_outline_cross.png using Guid(bfff3f59d31083841a8deef71865bb41) (TextureImporter) -> (artifact id: '053607e8c94fa95b37bf6208b74a776b') in 0.0011499 seconds
Start importing Assets/Art/External/KenneyUI/PNG/Blue/Double/button_square_depth_border.png using Guid(cf94c96249ef9924ca1f3f3bda1f5f86) (TextureImporter) -> (artifact id: '0bfb1574b84b500b8086bddab776549f') in 0.0013174 seconds
Start importing Assets/Art/External/KenneyUI/PNG/Grey/Double/check_round_color.png using Guid(cf45862d9eecc5d4a8ad3f780431c7c0) (TextureImporter) -> (artifact id: 'f78ba5d40f75d1df528d2b9f7e39383e') in 0.0011802 seconds
Start importing Assets/Art/External/KenneyUI/PNG/Yellow/Double/check_square_grey.png using Guid(df517a8fa380163449dd7cbcaaf38f44) (TextureImporter) -> (artifact id: '9e61e046dce5a0d020393c00b1250c53') in 0.0011491 seconds
Start importing Assets/Art/External/KenneyUI/PNG/Grey/Default/icon_square.png using Guid(df12b95d2f97a564dade8b14f4a602e0) (TextureImporter) -> (artifact id: 'fc8b1cc8cd90f4d06fa82cbdd0c73c63') in 0.0010619 seconds
Start importing Assets/Art/External/KenneyUI/PNG/Green/Double/check_round_grey_circle.png using Guid(df47c0d238d62224288256ecc24c1cf5) (TextureImporter) -> (artifact id: 'a62db3c329e94c2eb155a73960e9ee76') in 0.0014287 seconds
Start importing Assets/Art/External/KenneyUI/PNG/Blue/Double/check_square_grey_checkmark.png using Guid(dfb80c255385a854ba163b96c9d75e25) (TextureImporter) -> (artifact id: 'ef65c2eb938a08c27e861414c85b7e79') in 0.0012455 seconds
Start importing Assets/Art/External/KenneyUI/PNG/Grey/Default/button_round_gloss.png using Guid(dfbc28c564d27b5439f8901e7fae9a86) (TextureImporter) -> (artifact id: '591219f993eec9642340ac4d6ca6cd4d') in 0.0016505 seconds
Start importing Assets/Art/External/KenneyUI/PNG/Grey/Double/button_square_depth_line.png using Guid(ef39a7ac5ba2538488fc9fdc55ab54f2) (TextureImporter) -> (artifact id: '6223279066434a13e0c4172336e8eae2') in 0.0015655 seconds
Start importing Assets/Art/External/KenneyUI/PNG/Grey/Double/button_round_flat.png using Guid(ef4988d42ef94554ca87e6d90ad1e844) (TextureImporter) -> (artifact id: '649960c18d863acb7eacf19e00f476cc') in 0.0014544 seconds
Start importing Assets/Art/External/KenneyUI/PNG/Green/Default/button_square_border.png using Guid(ef9a24a2636546e489749754cea6c080) (TextureImporter) -> (artifact id: 'f264e752b0d82ff4010ebc00903b96fe') in 0.0011358 seconds
Start importing Assets/Art/External/KenneyUI/PNG/Green/Default/button_square_gradient.png using Guid(ff4031f0470dd2346bd17995449f2d48) (TextureImporter) -> (artifact id: '87de716afcb04dbd55e0ac8e82481c1a') in 0.0011158 seconds
Start importing Assets/Art/External/KenneyUI/PNG/Blue/Default/arrow_decorative_w.png using Guid(ffa17315935abd745aa60ffca39afc8a) (TextureImporter) -> (artifact id: 'dc216c657b2f4cfa35cf0196b76196b0') in 0.0011193 seconds
Start importing Assets/Art/External/KenneyUI/PNG/Yellow/Double/button_round_gradient.png using Guid(ffe4496788d633c4faacb73a22a7456a) (TextureImporter) -> (artifact id: 'e50195cbfa30f815f7889e98746bbb6f') in 0.0013545 seconds
Start importing Assets/Art/External/KenneyUI/PNG/Green/Double/icon_square.png using Guid(ff77a1dc30b230849ab4b0f945fdf8b1) (TextureImporter) -> (artifact id: 'f5c4b95ff11efe6832290ed294bd0e54') in 0.001159 seconds
Refreshing native plugins compatible for Editor in 0.00 ms, found 0 plugins.
Preloading 0 native plugins for Editor in 0.00 ms.
Asset Pipeline Refresh (id=162217fc28368f942ab623d72820cb94): Total: 1.429 seconds - Initiated by RefreshV2(NoUpdateAssetOptions)
	Summary:
		Imports: total=910 (actual=910, local cache=0, cache server=0)
		Asset DB Process Time: managed=53 ms, native=1362 ms
		Asset DB Callback time: managed=8 ms, native=3 ms
		Scripting: domain reloads=0, domain reload time=0 ms, compile time=0 ms, other=0 ms
		Project Asset Count: scripts=147, non-scripts=1405
		Asset File Changes: new=0, changed=0, moved=0, deleted=0
		Scan Filter Count: 0
	InvokeCustomDependenciesCallbacks: 0.000ms
	InvokePackagesCallback: 0.001ms
	ApplyChangesToAssetFolders: 0.076ms
	Scan: 3.208ms
	OnSourceAssetsModified: 0.001ms
	CategorizeAssetsWithTransientArtifact: 0.001ms
	ProcessAssetsWithTransientArtifactChanges: 0.004ms
	CategorizeAssets: 2.846ms
	ImportOutOfDateAssets: 1375.500ms (0.079ms without children)
		ImportManagerImport: 1375.048ms (13.305ms without children)
			ImportInProcess: 1360.026ms
			UpdateCategorizedAssets: 1.717ms
		ReloadNativeAssets: 0.001ms
		UnloadImportedAssets: 0.066ms
		ReloadImportedAssets: 0.053ms
		EnsureUptoDateAssetsAreRegisteredWithGuidPM: 0.073ms
		InitializingProgressBar: 0.004ms
		PostProcessAllAssetNotificationsAddChangedAssets: 0.015ms
		OnDemandSchedulerStart: 0.161ms
	PostProcessAllAssets: 11.946ms
	Hotreload: 0.569ms
	GatherAllCurrentPrimaryArtifactRevisions: 0.047ms
	UnloadStreamsBegin: 0.001ms
	PersistCurrentRevisions: 0.464ms
	UnloadStreamsEnd: 0.000ms
	Untracked: 33.971ms

Start importing ProjectSettings/ProjectSettings.asset using Guid(00000000000000004000000000000000) (LibraryAssetImporter) -> (artifact id: '95bde974ea23af1419b05edfb0956395') in 0.0022994 seconds
Start importing ProjectSettings/EditorBuildSettings.asset using Guid(0000000000000000b000000000000000) (LibraryAssetImporter) -> (artifact id: '32a5f566389b3c9300ab508977ea9188') in 0.001064 seconds
Refreshing native plugins compatible for Editor in 0.00 ms, found 0 plugins.
Preloading 0 native plugins for Editor in 0.00 ms.
Asset Pipeline Refresh (id=1c8ba199531a8a04db30cf99efc4aa2d): Total: 0.011 seconds - Initiated by StopAssetImportingV2(NoUpdateAssetOptions)
Asset Pipeline Refresh (id=954b0c7ebd702fb439c94f58a572e676): Total: 0.004 seconds - Initiated by RefreshV2(NoUpdateAssetOptions)
[Dice21] Main scene generated successfully.
UnityEngine.Debug:ExtractStackTraceNoAlloc (byte*,int,string)
UnityEngine.StackTraceUtility:ExtractStackTrace ()
UnityEngine.DebugLogHandler:Internal_Log (UnityEngine.LogType,UnityEngine.LogOption,string,UnityEngine.Object)
UnityEngine.DebugLogHandler:LogFormat (UnityEngine.LogType,UnityEngine.Object,string,object[])
UnityEngine.Logger:Log (UnityEngine.LogType,object)
UnityEngine.Debug:Log (object)
Dice21Editor.GameProjectBuilder:Build () (at Assets/Editor/GameProjectBuilder.cs:63)

(Filename: Assets/Editor/GameProjectBuilder.cs Line: 63)

Batchmode quit successfully invoked - shutting down!
[Physics::Module] Cleanup current backend.
[Physics::Module] Id: 0xf2b8ea05
Input System module state changed to: ShutdownInProgress.
Input System polling thread exited.
Input System module state changed to: Shutdown.
[Licensing::IpcConnector] LicenseClient-admin-notifications channel disconnected successfully.
[Licensing::IpcConnector] LicenseClient-admin channel disconnected successfully.
AcceleratorClientConnectionCallback - disconnected - :0
Cleanup mono
Exiting batchmode successfully now!
Exiting without the bug reporter. Application will terminate with return code 0